cohort,group,n,mean_1y,median_1y,pct_loss_1y,mean_3y,median_3y,pct_loss_3y,mean_5y,median_5y,pct_loss_5y
2014-06-30,all,211,0.09929923826672464,0.07995330076737583,0.33175355450236965,0.43029428377818363,0.38844958472496716,0.17535545023696683,0.8922900539543318,0.7449565550604604,0.10900473933649289
2014-06-30,quality,30,0.157224585518943,0.1183052732039005,0.26666666666666666,0.400566333753456,0.35962333744815145,0.16666666666666666,0.8731378425782447,0.537149895874347,0.06666666666666667
2014-06-30,not_quality,181,0.08969835198182659,0.07409443843545249,0.3425414364640884,0.435221568312669,0.3896403379297073,0.17679558011049723,0.8954644536299263,0.7682879523830259,0.11602209944751381
2014-06-30,q_rel_cheap,6,0.30321224579331335,0.36949673020143414,0.0,0.5706378757413316,0.592580237329001,0.16666666666666666,0.9103418719218567,0.833093645454376,0.0
2014-06-30,q_not_rel_cheap,24,0.12072767045035038,0.09494654207113096,0.3333333333333333,0.3580484482564872,0.3535826488618674,0.16666666666666666,0.8638368352423414,0.5348689971040244,0.08333333333333333
2014-06-30,q_cheap_tsy2,18,0.16041666121779816,0.09494654207113096,0.2222222222222222,0.5234683556617338,0.5616743276112702,0.05555555555555555,0.9772488769697458,0.6154454773036859,0.0
2014-06-30,q_notcheap_tsy2,12,0.15243647197066024,0.14984756779546027,0.3333333333333333,0.21621330089103932,0.2504218061547635,0.3333333333333333,0.7169712909909927,0.4975081131436979,0.16666666666666666
2014-06-30,nq_cheap_tsy2,71,0.07125998614851202,0.07020034473963332,0.36619718309859156,0.38415492697586506,0.39322513733843434,0.18309859154929578,0.8159017449980399,0.7209091432568622,0.1267605633802817
2014-06-30,q_cheap_r8,5,0.2621805048213434,0.3655825410247284,0.0,0.5002565748013361,0.545088910395682,0.2,0.8623602722814383,0.5159374207848044,0.0
2014-06-30,q_notcheap_r8,25,0.1362334016584629,0.10316080790666371,0.32,0.38062828554388,0.35848630595616293,0.16,0.8752933566376058,0.5583623709638896,0.08
2014-06-30,nq_cheap_r8,17,0.07529445025340774,0.07960488908543017,0.35294117647058826,0.2906741210001764,0.2794973690583651,0.23529411764705882,0.6030572702251754,0.6023304955139532,0.11764705882352941
2014-06-30,q_cheap_r10,2,0.2075881933605217,0.2075881933605217,0.0,0.09320477631876872,0.09320477631876872,0.5,0.12246469086338241,0.12246469086338241,0.0
2014-06-30,q_notcheap_r10,28,0.15362718495883024,0.1183052732039005,0.2857142857142857,0.42252073071307655,0.35962333744815145,0.14285714285714285,0.9267573534150205,0.6154454773036859,0.07142857142857142
2014-06-30,nq_cheap_r10,3,0.08452957872482163,0.07020034473963332,0.0,0.32734768487813803,0.2794973690583651,0.0,0.6806527459702226,0.6946711873362541,0.0
2014-06-30,SPY,1,0.07244003388687692,,,0.3132061418865295,,,0.653088497492847,,
2015-06-30,all,223,0.08363161915239391,0.08107023582567319,0.36771300448430494,0.5235268884031793,0.4263236668576946,0.12556053811659193,0.8129497328430545,0.5909100752033503,0.17488789237668162
2015-06-30,quality,44,0.057705070333051764,0.0816700090163075,0.38636363636363635,0.7700892829810023,0.51343925117654,0.09090909090909091,1.2673629742947787,0.7586137513397703,0.1590909090909091
2015-06-30,not_quality,179,0.09000462556608695,0.08107023582567319,0.36312849162011174,0.4629193724175693,0.41159037424488787,0.1340782122905028,0.7012503885755915,0.5632001571698326,0.1787709497206704
2015-06-30,q_rel_cheap,9,-0.12141661052417572,-0.1123204137560182,0.6666666666666666,0.31188619646725513,0.4453360289681496,0.2222222222222222,0.7525866587662896,0.5411716497430112,0.3333333333333333
2015-06-30,q_not_rel_cheap,35,0.10376493112491025,0.08428223376371857,0.3142857142857143,0.887912933798823,0.5873809962589369,0.05714285714285714,1.3997340268592475,0.8659616195253486,0.11428571428571428
2015-06-30,q_cheap_tsy2,30,0.02647435391221179,0.046073720092906445,0.4666666666666667,0.8281045686748112,0.43621025202186914,0.1,1.3074377361699603,0.5165544023766397,0.23333333333333334
2015-06-30,q_notcheap_tsy2,14,0.12462803409199459,0.15868572884693344,0.21428571428571427,0.6457708136371263,0.6372577846421739,0.07142857142857142,1.1814884845622469,1.2137114860492737,0.0
2015-06-30,nq_cheap_tsy2,92,0.08881171940707558,0.07702220648454261,0.3695652173913043,0.5078746713771541,0.49145737573372394,0.06521739130434782,0.6535828627102498,0.6423720390056364,0.16304347826086957
2015-06-30,q_cheap_r8,9,-0.12141661052417572,-0.1123204137560182,0.6666666666666666,0.31188619646725513,0.4453360289681496,0.2222222222222222,0.7525866587662896,0.5411716497430112,0.3333333333333333
2015-06-30,q_notcheap_r8,35,0.10376493112491025,0.08428223376371857,0.3142857142857143,0.887912933798823,0.5873809962589369,0.05714285714285714,1.3997340268592475,0.8659616195253486,0.11428571428571428
2015-06-30,nq_cheap_r8,31,-0.001314855830950253,0.004147558556913955,0.4838709677419355,0.5121134422233277,0.4862101965270267,0.06451612903225806,0.5098864356792496,0.37857234121947125,0.22580645161290322
2015-06-30,q_cheap_r10,3,-0.3902355413644882,-0.4455200078887631,1.0,0.07241604619906598,0.0010643663150229354,0.3333333333333333,0.21619137861388726,0.38233105442317794,0.3333333333333333
2015-06-30,q_notcheap_r10,41,0.09048121265238396,0.08428223376371857,0.34146341463414637,0.8211385442089488,0.5587206151317028,0.07317073170731707,1.3442779691006979,0.8659616195253486,0.14634146341463414
2015-06-30,nq_cheap_r10,4,-0.17087240854711705,-0.24274719877983997,0.75,0.7585803745803037,0.5753801344289332,0.0,0.4038124252061023,0.2725748034888286,0.5
2015-06-30,SPY,1,0.039698566586970685,,,0.39948135983725086,,,0.6546177379570355,,
2016-06-30,all,227,0.20161484405667693,0.1586655176952423,0.21145374449339208,0.5722130154266695,0.4730942231320596,0.09691629955947137,1.3713824152119187,1.021459801900904,0.05286343612334802
2016-06-30,quality,40,0.24269433007738592,0.1745722770202902,0.15,0.643281573014759,0.5866479827279619,0.1,1.8333408949597334,1.1540254695085435,0.025
2016-06-30,not_quality,187,0.19282778822337018,0.1491820543854907,0.22459893048128343,0.5570111849265433,0.46006403829177933,0.0962566844919786,1.27256776713752,0.9280233307523611,0.058823529411764705
2016-06-30,q_rel_cheap,8,0.24979599219375231,0.1424445727157243,0.125,0.5377570337146406,0.5866479827279619,0.25,1.7654311985092979,1.2223971167223195,0.125
2016-06-30,q_not_rel_cheap,32,0.24091891454829428,0.19023153422985462,0.15625,0.6696627078397887,0.5601561897613456,0.0625,1.8503183190723427,1.1540254695085435,0.0
2016-06-30,q_cheap_tsy2,22,0.19720469657119571,0.13148307216833943,0.18181818181818182,0.5019686959446326,0.4433399975487039,0.09090909090909091,1.3062319283214985,0.9846047909174289,0.045454545454545456
2016-06-30,q_notcheap_tsy2,18,0.29829277102939616,0.20167635939750728,0.1111111111111111,0.8159973116560247,0.7361779453548105,0.1111111111111111,2.4775851875175765,1.8178178197923174,0.0
2016-06-30,nq_cheap_tsy2,77,0.2772766369556747,0.24445980371031983,0.15584415584415584,0.6317366158271285,0.5174802892962822,0.05194805194805195,1.3963307585572624,1.1175253172419506,0.012987012987012988
2016-06-30,q_cheap_r8,6,0.296008773777048,0.3035482758826129,0.16666666666666666,0.5978724224074407,0.6265411238265491,0.3333333333333333,2.150702809985914,1.8218675690216917,0.16666666666666666
2016-06-30,q_notcheap_r8,34,0.23328589883626905,0.1745722770202902,0.14705882352941177,0.6512949525336975,0.5519497045698025,0.058823529411764705,1.777335851131584,1.1208106073444133,0.0
2016-06-30,nq_cheap_r8,30,0.33142149819288974,0.2972601565758013,0.16666666666666666,0.5327523298843443,0.3975118514629856,0.06666666666666667,1.4140377191830262,0.9172834479300295,0.0
2016-06-30,q_cheap_r10,4,0.3058056935947239,0.3287461480644749,0.25,0.5835380716978864,0.5712397235094638,0.5,2.3151204304680246,2.0730853640178664,0.25
2016-06-30,q_notcheap_r10,36,0.23568195635323727,0.1745722770202902,0.1388888888888889,0.649919739827745,0.5866479827279619,0.05555555555555555,1.7798098354588126,1.1540254695085435,0.0
2016-06-30,nq_cheap_r10,13,0.47775810030076504,0.39132207909985817,0.07692307692307693,0.659318449260705,0.6095665920670834,0.07692307692307693,1.4839658331506203,1.0569136950989892,0.0
2016-06-30,SPY,1,0.17774818150364702,,,0.4825714788311011,,,1.2421148770541133,,
2017-06-30,all,254,0.15834578005436217,0.13424986920401472,0.2755905511811024,0.3520253691295535,0.27320858820644867,0.2795275590551181,0.7782624447956853,0.6727777558683214,0.11023622047244094
2017-06-30,quality,35,0.246624975953148,0.24541176096348227,0.14285714285714285,0.5229628106335582,0.6655003623987192,0.2571428571428571,1.0143581859336752,0.9579790919630806,0.17142857142857143
2017-06-30,not_quality,219,0.1442372327646019,0.11657987868844999,0.2968036529680365,0.32470659993941575,0.2644060731356397,0.2831050228310502,0.7405302487234038,0.6574208432329212,0.1004566210045662
2017-06-30,q_rel_cheap,7,0.09039003666692805,0.06957549344776237,0.14285714285714285,0.45316769706862975,0.20151937681117094,0.42857142857142855,1.0183377137615341,0.07950491205120302,0.2857142857142857
2017-06-30,q_not_rel_cheap,28,0.28568371077470306,0.279513743073876,0.14285714285714285,0.5404115890247903,0.6713560059074243,0.21428571428571427,1.0133633039767103,0.9788732018074146,0.14285714285714285
2017-06-30,q_cheap_tsy2,15,0.2143699422982142,0.2449346495415612,0.13333333333333333,0.4644506104373582,0.46636785213214105,0.26666666666666666,1.0407193492067897,0.6586833008066981,0.2
2017-06-30,q_notcheap_tsy2,20,0.2708162511943484,0.25201253680879454,0.15,0.5668469607807081,0.6847684296498721,0.25,0.9945873134788391,0.9788732018074146,0.15
2017-06-30,nq_cheap_tsy2,59,0.14310441138355282,0.15366805755541213,0.2542372881355932,0.3000063084023926,0.24680260986048919,0.2542372881355932,0.6600932614136841,0.5759550381070149,0.1016949152542373
2017-06-30,q_cheap_r8,5,0.05119771273738507,0.05603708505296612,0.2,0.46176329097574575,0.20151937681117094,0.4,0.8563026746166944,0.05466057682495706,0.4
2017-06-30,q_notcheap_r8,30,0.27919618648910854,0.2546381005360294,0.13333333333333333,0.5331627305765269,0.6713560059074243,0.23333333333333334,1.040700771153172,0.9788732018074146,0.13333333333333333
2017-06-30,nq_cheap_r8,19,0.07700683422816634,0.03837330123810734,0.3684210526315789,0.11713763061641651,0.18999188796372857,0.42105263157894735,0.39220512705866173,0.32699689873712456,0.10526315789473684
2017-06-30,q_cheap_r10,1,0.029398851768440037,0.029398851768440037,0.0,0.20151937681117094,0.20151937681117094,0.0,0.05466057682495706,0.05466057682495706,0.0
2017-06-30,q_notcheap_r10,34,0.2530139796056394,0.24803732469071715,0.14705882352941177,0.532417029275393,0.6713560059074243,0.2647058823529412,1.0425845862015786,0.9788732018074146,0.17647058823529413
2017-06-30,nq_cheap_r10,6,0.09569136941148086,0.10501740873496557,0.16666666666666666,0.21516453263000937,0.2561618145293987,0.3333333333333333,0.5051707866974605,0.3246802788921417,0.0
2017-06-30,SPY,1,0.14289736325159463,,,0.35125647555629436,,,0.7016151878198837,,
2018-06-29,all,257,0.13538803014379047,0.1338637136407288,0.2529182879377432,0.6561641680938021,0.5577707284168885,0.08560311284046693,0.8379780024393629,0.6028734731192613,0.10505836575875487
2018-06-29,quality,37,0.09357117119317153,0.08547777092640896,0.35135135135135137,0.8474328094673517,0.7910795626248077,0.02702702702702703,1.1100525596469488,0.8839554367951901,0.13513513513513514
2018-06-29,not_quality,220,0.14242086551275823,0.14663809386643833,0.23636363636363636,0.6239962602264324,0.5239062124260928,0.09545454545454546,0.7922200087271782,0.5765980408314438,0.1
2018-06-29,q_rel_cheap,8,0.06565488937431314,-0.05702148405904317,0.625,0.53544516281706,0.4951314874045709,0.0,0.7459457960176179,0.4268524553858425,0.125
2018-06-29,q_not_rel_cheap,29,0.10127221445354624,0.09628411426679895,0.27586206896551724,0.9334983671639838,0.8936553625005017,0.034482758620689655,1.2104958047860745,0.9355053095949926,0.13793103448275862
2018-06-29,q_cheap_tsy2,13,0.0684515474689953,0.0058305513656753405,0.46153846153846156,0.663508653575804,0.5177624217058319,0.07692307692307693,0.998141019522268,0.5441808546290388,0.15384615384615385
2018-06-29,q_notcheap_tsy2,24,0.10717763404376696,0.103633340663556,0.2916666666666667,0.9470583939086067,0.8522672268015852,0.0,1.1706713105478175,0.9541068007771512,0.125
2018-06-29,nq_cheap_tsy2,79,0.10734311194896208,0.13395139560745162,0.3037974683544304,0.5755861179760448,0.4718576488681163,0.12658227848101267,0.7076997711734138,0.5588017722982084,0.16455696202531644
2018-06-29,q_cheap_r8,3,-0.16490100859062903,-0.18484582317298281,1.0,0.43109409507833346,0.19115219422908214,0.0,0.12336435368268232,0.1530678580104401,0.3333333333333333
2018-06-29,q_notcheap_r8,34,0.11637753999762449,0.09488306902350452,0.29411764705882354,0.8841685783840297,0.8009793268637382,0.029411764705882353,1.1971132837026193,0.9642402445317682,0.11764705882352941
2018-06-29,nq_cheap_r8,34,0.10931209433293652,0.12442226501169051,0.29411764705882354,0.6002588351853436,0.4512214984412508,0.14705882352941177,0.6477975962466652,0.44668696351444326,0.20588235294117646
2018-06-29,q_cheap_r10,0,,,,,,,,,
2018-06-29,q_notcheap_r10,37,0.09357117119317153,0.08547777092640896,0.35135135135135137,0.8474328094673517,0.7910795626248077,0.02702702702702703,1.1100525596469488,0.8839554367951901,0.13513513513513514
2018-06-29,nq_cheap_r10,17,0.11306744777226932,0.0740992688612725,0.29411764705882354,0.5719294895874945,0.505289478614956,0.058823529411764705,0.49893076789852997,0.393277921062809,0.17647058823529413
2018-06-29,SPY,1,0.1014276328644188,,,0.6643045165024435,,,0.757286746051216,,
2019-06-28,all,269,-0.008633675607540586,-0.03783567658367426,0.5650557620817844,0.3730725999595762,0.2895201939840484,0.15613382899628253,1.0053093592792406,0.6300509013040756,0.12639405204460966
2019-06-28,quality,47,0.11552545741576892,0.10599909805659391,0.3404255319148936,0.45256771524444656,0.3140246416823178,0.1702127659574468,1.6478451222721235,0.767412355445138,0.1276595744680851
2019-06-28,not_quality,222,-0.03491961818454756,-0.05835363748104716,0.6126126126126126,0.35624255302989644,0.2793372618297446,0.15315315315315314,0.8692770130600269,0.582650283743812,0.12612612612612611
2019-06-28,q_rel_cheap,10,0.2722821581583691,0.17056857768339329,0.2,0.5414325753085186,0.2730195903901783,0.2,1.2900405631371508,0.6859891627185837,0.2
2019-06-28,q_not_rel_cheap,37,0.07315878153939051,0.07787629344268088,0.3783783783783784,0.4285501854974,0.33513373935417623,0.16216216216216217,1.7445490571734674,0.767412355445138,0.10810810810810811
2019-06-28,q_cheap_tsy2,28,0.14402734338781817,0.10601557057572142,0.39285714285714285,0.44971585753206517,0.26219491471180323,0.21428571428571427,1.917210384605283,0.5420156256919907,0.10714285714285714
2019-06-28,q_notcheap_tsy2,19,0.0735226780885385,0.1050536226249299,0.2631578947368421,0.45677045292585067,0.45638214590967374,0.10526315789473684,1.2508857883074669,0.7695130787330942,0.15789473684210525
2019-06-28,nq_cheap_tsy2,88,-0.09036372021629928,-0.09893470294974671,0.6704545454545454,0.3927201699899365,0.32911611949738395,0.14772727272727273,0.9871326491429173,0.7025032454745948,0.11363636363636363
2019-06-28,q_cheap_r8,8,0.21484061732004062,0.12554783302331363,0.25,0.29850522629753207,0.1791991347348456,0.25,1.0301195742145026,0.3847452353670189,0.25
2019-06-28,q_notcheap_r8,39,0.095153116922585,0.1050536226249299,0.358974358974359,0.484170277079711,0.36144692197587425,0.15384615384615385,1.7745580552070201,0.7695130787330942,0.10256410256410256
2019-06-28,nq_cheap_r8,40,-0.0937591438530623,-0.13324657774572063,0.625,0.4775642642925078,0.3751727911194993,0.175,1.1349120451192096,0.7419892676229413,0.125
2019-06-28,q_cheap_r10,2,0.21283941934737138,0.21283941934737138,0.0,0.5259943195221162,0.5259943195221162,0.5,2.258823614862298,2.258823614862298,0.5
2019-06-28,q_notcheap_r10,45,0.11120039244103103,0.1050536226249299,0.35555555555555557,0.4493043106098834,0.3140246416823178,0.15555555555555556,1.6206905226014485,0.767412355445138,0.1111111111111111
2019-06-28,nq_cheap_r10,20,0.013941898384215117,-0.017422667200200415,0.5,0.6255947776001014,0.55214647689019,0.15,1.7236684306901027,1.4055221462662584,0.05
2019-06-28,SPY,1,0.044504368815047046,,,0.3639382060959413,,,1.0096047319847958,,
2020-06-30,all,295,0.47780235794228487,0.4072419167606123,0.04067796610169491,0.6496688899125442,0.47749455411769937,0.09830508474576272,1.1966454872849692,0.7756029135680877,0.12542372881355932
2020-06-30,quality,40,0.5348945315769722,0.5131824780406204,0.025,0.7075962826843385,0.5237398666731324,0.025,1.4558507008057515,0.995525772752563,0.175
2020-06-30,not_quality,255,0.468846722862334,0.39701667532184737,0.043137254901960784,0.6405822400659883,0.47457741789805263,0.10980392156862745,1.1559858459483758,0.7732325216485354,0.11764705882352941
2020-06-30,q_rel_cheap,8,0.4974426444924498,0.49647923780201364,0.0,0.7766533909216871,0.6129228552230227,0.0,1.3612905767266947,0.8098874880026883,0.125
2020-06-30,q_not_rel_cheap,32,0.5442575033481027,0.5131824780406204,0.03125,0.6903320056250013,0.5095234300431066,0.03125,1.4794907318255155,0.995525772752563,0.1875
2020-06-30,q_cheap_tsy2,19,0.5344754788848808,0.4397113371328383,0.0,0.707173723526354,0.5263081637568796,0.0,1.2101640840685584,1.1101234323174554,0.15789473684210525
2020-06-30,q_notcheap_tsy2,21,0.5352736744888644,0.5188642763307605,0.047619047619047616,0.7079785981129911,0.5211715695893853,0.047619047619047616,1.6781385921394028,0.8809281131876707,0.19047619047619047
2020-06-30,nq_cheap_tsy2,126,0.5156671770704958,0.43867558385371797,0.007936507936507936,0.7435551611952822,0.5593882222854532,0.0873015873015873,1.4745770220724281,1.0059667550488107,0.07936507936507936
2020-06-30,q_cheap_r8,7,0.5144998302156144,0.553247138471189,0.0,0.7876699400977616,0.5263081637568796,0.0,1.5355518863049173,1.1399190921614646,0.14285714285714285
2020-06-30,q_notcheap_r8,33,0.5392206803505936,0.511873792426615,0.030303030303030304,0.6906109614148245,0.5211715695893853,0.030303030303030304,1.438944388730171,0.8809281131876707,0.18181818181818182
2020-06-30,nq_cheap_r8,62,0.5817762182276738,0.5178509786228043,0.016129032258064516,0.7735751677993788,0.6401051202522015,0.11290322580645161,1.4301246665707923,1.0445423252773334,0.08064516129032258
2020-06-30,q_cheap_r10,2,0.4237362674458762,0.4237362674458762,0.0,0.07043996920031681,0.07043996920031681,0.0,-0.26029506884221026,-0.26029506884221026,0.5
2020-06-30,q_notcheap_r10,38,0.5407449665312404,0.5131824780406204,0.02631578947368421,0.741130825499287,0.5310465793028275,0.02631578947368421,1.5461741623661702,1.12502126223946,0.15789473684210525
2020-06-30,nq_cheap_r10,24,0.7379932807093099,0.6373831967539745,0.0,0.8638882890438501,0.6401051202522015,0.041666666666666664,2.0291189967101064,1.3717984900467126,0.0
2020-06-30,SPY,1,0.4088593215945655,,,0.5038586848905504,,,1.151891291031049,,
2021-06-30,all,308,-0.06674234706798794,-0.08557752655311496,0.6331168831168831,0.29333291479962836,0.17607284494612152,0.29545454545454547,0.9160914563779944,0.4719718809386464,0.24675324675324675
2021-06-30,quality,43,-0.12755548479855175,-0.12588639940487834,0.6511627906976745,0.4667306673221601,0.2651664603889041,0.27906976744186046,1.0494168877149834,0.36383392470581355,0.32558139534883723
2021-06-30,not_quality,265,-0.05687455490793419,-0.08187702406025377,0.630188679245283,0.2651966757110666,0.16272300489748437,0.2981132075471698,0.8944575184629359,0.4847380586324894,0.2339622641509434
2021-06-30,q_rel_cheap,9,-0.11198960715762032,-0.12588639940487834,0.5555555555555556,0.11492180339102293,-0.12162466534662886,0.5555555555555556,0.11131726654439007,0.1255952879305673,0.4444444444444444
2021-06-30,q_not_rel_cheap,34,-0.1316758641740924,-0.1324498799021422,0.6764705882352942,0.5598565430686375,0.283801510620843,0.20588235294117646,1.2977373756719055,0.7104646610616654,0.29411764705882354
2021-06-30,q_cheap_tsy2,7,-0.16290068743699065,-0.12588639940487834,0.5714285714285714,0.024221641330007877,-0.13684704295914896,0.5714285714285714,-0.07886235671321362,-0.05675743853736548,0.5714285714285714
2021-06-30,q_notcheap_tsy2,36,-0.12068280650774416,-0.1324498799021422,0.6666666666666666,0.5527740890428564,0.283801510620843,0.2222222222222222,1.2688045185760217,0.7104646610616654,0.2777777777777778
2021-06-30,nq_cheap_tsy2,45,-0.008823238416485397,0.014069148662842146,0.4444444444444444,0.2391955174363683,0.24955732662750285,0.3111111111111111,0.5954963093558104,0.4847380586324894,0.15555555555555556
2021-06-30,q_cheap_r8,1,0.05834855851881815,0.05834855851881815,0.0,0.8817453417992094,0.8817453417992094,0.0,0.1255952879305673,0.1255952879305673,0.0
2021-06-30,q_notcheap_r8,42,-0.1319817715442034,-0.13478237467099835,0.6666666666666666,0.45684936554889705,0.2397823677667582,0.2857142857142857,1.071412640090803,0.3879953424629352,0.3333333333333333
2021-06-30,nq_cheap_r8,15,-0.010255419462211623,0.02624384507315236,0.4,0.32532563958456023,0.27448493003288243,0.3333333333333333,0.7342023056907083,0.6504909367627867,0.06666666666666667
2021-06-30,q_cheap_r10,0,,,,,,,,,
2021-06-30,q_notcheap_r10,43,-0.12755548479855175,-0.12588639940487834,0.6511627906976745,0.4667306673221601,0.2651664603889041,0.27906976744186046,1.0494168877149834,0.36383392470581355,0.32558139534883723
2021-06-30,nq_cheap_r10,4,-0.20184489801184366,-0.27227429677616416,0.75,0.30989948116495514,0.1928973551470458,0.5,0.7131997238647906,0.599997457999831,0.0
2021-06-30,SPY,1,-0.10616792494281879,,,0.3288269436395923,,,0.8665609668308012,,
2022-06-30,all,318,0.2163933298831317,0.16548788337089193,0.27044025157232704,0.6222151973955984,0.38365944102965577,0.22012578616352202,,,
2022-06-30,quality,48,0.30689075873875743,0.24258171964285447,0.16666666666666666,0.8426001625052405,0.5011464772479788,0.14583333333333334,,,
2022-06-30,not_quality,270,0.20030489808657603,0.15033733436197283,0.28888888888888886,0.5830356480427731,0.3556904432037874,0.23333333333333334,,,
2022-06-30,q_rel_cheap,10,0.31018313870677516,0.25334576198499026,0.2,0.6078297533895209,0.10425137604294632,0.3,,,
2022-06-30,q_not_rel_cheap,38,0.3060243429577001,0.22636864414890545,0.15789473684210525,0.9043818491146404,0.5356670315613904,0.10526315789473684,,,
2022-06-30,q_cheap_tsy2,25,0.27300834566346305,0.24589697719985049,0.16,0.6474769639624626,0.4775597246167924,0.2,,,
2022-06-30,q_notcheap_tsy2,23,0.3437194686032078,0.23926646208585844,0.17391304347826086,1.0546905957039123,0.5292105324752945,0.08695652173913043,,,
2022-06-30,nq_cheap_tsy2,145,0.17244545828294416,0.09875813696638702,0.33793103448275863,0.5231579371887013,0.3273194255211145,0.2689655172413793,,,
2022-06-30,q_cheap_r8,10,0.31018313870677516,0.25334576198499026,0.2,0.6078297533895209,0.10425137604294632,0.3,,,
2022-06-30,q_notcheap_r8,38,0.3060243429577001,0.22636864414890545,0.15789473684210525,0.9043818491146404,0.5356670315613904,0.10526315789473684,,,
2022-06-30,nq_cheap_r8,68,0.1790544744429155,0.09394025314114329,0.35294117647058826,0.569530732091758,0.3514326877876771,0.23529411764705882,,,
2022-06-30,q_cheap_r10,7,0.338606222912394,0.2577854058011233,0.14285714285714285,0.6673447285475361,0.18565943586132994,0.42857142857142855,,,
2022-06-30,q_notcheap_r10,41,0.301475923392039,0.23926646208585844,0.17073170731707318,0.8725218219614339,0.5292105324752945,0.0975609756097561,,,
2022-06-30,nq_cheap_r10,33,0.19632597549362482,0.09568672447249083,0.2727272727272727,0.44138201216247586,0.3207052887760893,0.3333333333333333,,,
2022-06-30,SPY,1,0.1942175885744546,,,0.7088217491901501,,,,,
2023-06-30,all,328,0.14340334577780622,0.09394217667939253,0.3384146341463415,0.7202832140028317,0.3528450959517683,0.27134146341463417,,,
2023-06-30,quality,50,0.2407632923030366,0.1398763520653279,0.24,1.0047479177313423,0.3376816209071183,0.3,,,
2023-06-30,not_quality,278,0.12589256402866408,0.08800313841567198,0.35611510791366907,0.6691204975048981,0.3528450959517683,0.26618705035971224,,,
2023-06-30,q_rel_cheap,10,0.290027935737299,0.12957668815915935,0.2,2.339612976742488,0.233812445742815,0.4,,,
2023-06-30,q_not_rel_cheap,40,0.22844713144447099,0.1398763520653279,0.25,0.6710316529785558,0.3444243372311584,0.275,,,
2023-06-30,q_cheap_tsy2,21,0.25272599365135245,0.18058430948578463,0.14285714285714285,1.5615142515402427,0.2817803300425945,0.3333333333333333,,,
2023-06-30,q_notcheap_tsy2,29,0.23210064649908363,0.13609683045060095,0.3103448275862069,0.601572296697311,0.4070683444197223,0.27586206896551724,,,
2023-06-30,nq_cheap_tsy2,144,0.13955511825128408,0.09544843545313975,0.3402777777777778,0.8627374265930761,0.4370753451823528,0.2152777777777778,,,
2023-06-30,q_cheap_r8,7,0.29090185831919174,0.18058430948578463,0.2857142857142857,3.2202115094503196,0.39358291177164206,0.42857142857142855,,,
2023-06-30,q_notcheap_r8,43,0.23260120016087174,0.1372953134727115,0.23255813953488372,0.6440910539631367,0.2817803300425945,0.27906976744186046,,,
2023-06-30,nq_cheap_r8,67,0.17261216087133327,0.1351007427078792,0.31343283582089554,1.0421202925755504,0.39344294739600105,0.208955223880597,,,
2023-06-30,q_cheap_r10,1,0.726530042251107,0.726530042251107,0.0,15.721191051357234,15.721191051357234,0.0,,,
2023-06-30,q_notcheap_r10,49,0.23084968516123922,0.1372953134727115,0.24489795918367346,0.7044123435757119,0.2817803300425945,0.30612244897959184,,,
2023-06-30,nq_cheap_r10,38,0.23706259889287687,0.164918747818803,0.21052631578947367,1.4845092371615864,0.3865363218206497,0.23684210526315788,,,
2023-06-30,SPY,1,0.24488440645532328,,,0.7486495532228332,,,,,
2024-06-28,all,339,0.11196183768642201,0.08668227885888036,0.3952802359882006,,,,,,
2024-06-28,quality,56,0.015305234829168892,-0.00030574482292672345,0.5,,,,,,
2024-06-28,not_quality,283,0.13108823259810462,0.0942224626114847,0.3745583038869258,,,,,,
2024-06-28,q_rel_cheap,12,-0.021524953663301382,-0.009339723126091659,0.5,,,,,,
2024-06-28,q_not_rel_cheap,44,0.02534983169075169,0.01119971769741862,0.5,,,,,,
2024-06-28,q_cheap_tsy2,10,-0.04496811061944898,-0.07217425671390337,0.5,,,,,,
2024-06-28,q_notcheap_tsy2,46,0.028408136013651043,0.01119971769741862,0.5,,,,,,
2024-06-28,nq_cheap_tsy2,107,0.11042124842181293,0.055949878415358256,0.4485981308411215,,,,,,
2024-06-28,q_cheap_r8,0,,,,,,,,,
2024-06-28,q_notcheap_r8,56,0.015305234829168892,-0.00030574482292672345,0.5,,,,,,
2024-06-28,nq_cheap_r8,53,0.11355970942071167,0.004774093773095789,0.49056603773584906,,,,,,
2024-06-28,q_cheap_r10,0,,,,,,,,,
2024-06-28,q_notcheap_r10,56,0.015305234829168892,-0.00030574482292672345,0.5,,,,,,
2024-06-28,nq_cheap_r10,29,0.036981581414682455,-0.01356951144776719,0.5517241379310345,,,,,,
2024-06-28,SPY,1,0.14396511432117243,,,,,,,,
2025-06-30,all,350,0.2963306819461448,0.14105924356552624,0.32285714285714284,,,,,,
2025-06-30,quality,61,0.254939150259768,0.034072725488297095,0.4262295081967213,,,,,,
2025-06-30,not_quality,289,0.305067302821124,0.14493300760821382,0.30103806228373703,,,,,,
2025-06-30,q_rel_cheap,13,0.37028929957868384,0.1847595929646102,0.3076923076923077,,,,,,
2025-06-30,q_not_rel_cheap,48,0.22369848481922835,0.02551078204548507,0.4583333333333333,,,,,,
2025-06-30,q_cheap_tsy2,16,0.30552311310547653,0.1188989056182852,0.375,,,,,,
2025-06-30,q_notcheap_tsy2,45,0.2369537412479605,0.029275207226432176,0.4444444444444444,,,,,,
2025-06-30,nq_cheap_tsy2,109,0.246168207505538,0.18861663643734117,0.24770642201834864,,,,,,
2025-06-30,q_cheap_r8,5,0.08308186917238289,0.01515288900295797,0.4,,,,,,
2025-06-30,q_notcheap_r8,56,0.270283550356856,0.054281376730351494,0.42857142857142855,,,,,,
2025-06-30,nq_cheap_r8,51,0.2878759851330802,0.24332115418041833,0.19607843137254902,,,,,,
2025-06-30,q_cheap_r10,0,,,,,,,,,
2025-06-30,q_notcheap_r10,61,0.254939150259768,0.034072725488297095,0.4262295081967213,,,,,,
2025-06-30,nq_cheap_r10,17,0.3488419509533892,0.31234529704742364,0.23529411764705882,,,,,,
2025-06-30,SPY,1,0.22205142443982084,,,,,,,,
2026-06-30,all,375,,,,,,,,,
2026-06-30,quality,63,,,,,,,,,
2026-06-30,not_quality,312,,,,,,,,,
2026-06-30,q_rel_cheap,13,,,,,,,,,
2026-06-30,q_not_rel_cheap,50,,,,,,,,,
2026-06-30,q_cheap_tsy2,15,,,,,,,,,
2026-06-30,q_notcheap_tsy2,48,,,,,,,,,
2026-06-30,nq_cheap_tsy2,99,,,,,,,,,
2026-06-30,q_cheap_r8,8,,,,,,,,,
2026-06-30,q_notcheap_r8,55,,,,,,,,,
2026-06-30,nq_cheap_r8,51,,,,,,,,,
2026-06-30,q_cheap_r10,5,,,,,,,,,
2026-06-30,q_notcheap_r10,58,,,,,,,,,
2026-06-30,nq_cheap_r10,16,,,,,,,,,
2026-06-30,SPY,1,,,,,,,,,
