group,avg_n,cohorts_with_names,avg_1y,cohorts_1y,avg_3y,cohorts_3y,avg_5y,cohorts_5y,t_1y,pct_cohorts_pos_1y,t_3y,pct_cohorts_pos_3y,t_5y,pct_cohorts_pos_5y
all,288.7692307692308,13.0,0.15406625351951744,12,0.5192796540901566,10,0.9763636190233197,8,,,,,,
quality,45.69230769230769,13.0,0.17821525611671837,12,0.6658575555337655,10,1.2814206460257798,8,,,,,,
not_quality,243.07692307692307,13.0,0.14988286761274708,12,0.49180326001772523,10,0.9152191555331197,8,,,,,,
q_rel_cheap,9.461538461538462,13.0,0.18286226411306553,12,0.6789344465562154,10,0.994411455673104,8,,,,,,
q_not_rel_cheap,36.23076923076923,13.0,0.1768023044147797,12,0.6643686282368109,10,1.3574406818259506,8,,,,,,
q_cheap_tsy2,18.384615384615383,13.0,0.16406738984208052,12,0.6371603322185473,10,1.0847863777688613,8,,,,,,
q_notcheap_tsy2,27.307692307692307,13.0,0.19022055839697735,12,0.6565672813356427,10,1.3423915607650454,8,,,,,,
nq_cheap_tsy2,95.46153846153847,13.0,0.1477388430619223,12,0.516072485296195,10,0.9113517974279757,8,,,,,,
q_cheap_r8,5.6923076923076925,12.0,0.16317502222489044,11,0.8098834350764456,10,0.9295729397228757,8,,,,,,
q_notcheap_r8,40.0,13.0,0.1829553593449956,12,0.6517270987958168,10,1.321886546689028,8,,,,,,
nq_cheap_r8,41.38461538461539,13.0,0.15188200049640754,12,0.5241052455253363,10,0.8582778957216861,8,,,,,,
q_cheap_r10,2.076923076923077,9.0,0.23178364366449325,8,2.241956042456762,8,0.7844942704650566,6,,,,,,
q_notcheap_r10,43.61538461538461,13.0,0.17944461438159975,12,0.6507528822460993,10,1.3024704845632076,8,,,,,,
nq_cheap_r10,17.23076923076923,13.0,0.16412303962487287,12,0.6257614328069621,10,1.0048149637734918,8,,,,,,
SPY,1.0,13.0,0.14054383977925608,12,0.48649151096526866,10,0.8795975045277177,8,,,,,,
q_rel_cheap − q_not_rel_cheap,,,0.006059959698285845,12,0.014565818319404667,10,-0.3630292261528466,8,0.15857229240806525,0.5833333333333334,0.07234237852942042,0.4,-2.461750716805695,0.25
quality − all,,,0.02414900259720094,12,0.14657790144360883,10,0.30505702700246023,8,1.1388112355000906,0.5833333333333334,4.716838967936197,0.9,4.1446821758819326,0.875
quality − SPY,,,0.03767141633746229,12,0.17936604456849686,10,0.4018231414980622,8,1.808796441893056,0.6666666666666666,6.727714303667315,1.0,6.174562235150565,1.0
q_rel_cheap − SPY,,,0.042318424333809446,12,0.1924429355909468,10,0.11481395114538627,8,1.1108653336153165,0.5833333333333334,1.171971805527864,0.6,0.8435159322871848,0.75
q_cheap_tsy2 − q_notcheap_tsy2,,,-0.0261531685548968,12,-0.019406949117095472,10,-0.25760518299618423,8,-1.5282033512571898,0.3333333333333333,-0.142039503272558,0.3,-1.03999076252927,0.5
q_cheap_r8 − q_notcheap_r8,,,-0.03502125753063486,11,0.1581563362806288,10,-0.39231360696615214,8,-0.6969670211922121,0.5454545454545454,0.5569291687836626,0.4,-2.0905498636794744,0.25
q_cheap_r10 − q_notcheap_r10,,,-0.007850768972461813,8,1.5927853742478268,8,-0.5922214677255648,6,-0.07854082563070142,0.625,0.8294747486135764,0.25,-1.4886070078207114,0.3333333333333333
q_cheap_tsy2 − SPY,,,0.02352355006282446,12,0.15066882125327855,10,0.20518887324114354,8,0.923291773272044,0.6666666666666666,1.5783804223188662,0.7,1.0614838044258732,0.875
q_cheap_r8 − SPY,,,0.022942207403990375,11,0.3233919241111768,10,0.04997543519515801,8,0.4796945361230802,0.6363636363636364,1.298064187908759,0.6,0.26568503377797653,0.75
q_cheap_r10 − SPY,,,0.0661274148309333,8,1.7579830862679307,8,-0.11766111675823089,6,0.7151560005701593,0.75,0.9305704504478499,0.375,-0.27441266378823187,0.3333333333333333
q_cheap_tsy2 − nq_cheap_tsy2,,,0.016328546780158246,12,0.12108784692235226,10,0.1734345803408855,8,0.4823606090142032,0.5833333333333334,1.5064555342945825,0.7,0.9568014693654094,0.625
q_cheap_r8 − nq_cheap_r8,,,0.0078091770852378,11,0.28577818955110906,10,0.07129504400118963,8,0.14869725476769297,0.45454545454545453,1.277136718136512,0.7,0.4340215126009338,0.625
q_cheap_r10 − nq_cheap_r10,,,0.02272984449324611,8,1.569982872792116,8,-0.3532372659390459,6,0.24268723177120677,0.5,0.8656853875793865,0.25,-0.7885689395834934,0.3333333333333333
