tf,bucket,assets,names,months,cagr,vol,sharpe,max_dd,pct_pos_months,worst_month,best_month,bh_cagr,bh_vol,bh_sharpe,bh_max_dd,bh_pct_pos_months,bh_worst_month,bh_best_month
M,btc,1,BTC,117,0.1039,0.5822,0.45,-0.7435,0.427,-0.3777,0.4777,0.5504,0.7444,0.935,-0.7557,0.547,-0.3777,0.6963
M,core,6,"MA,AXP,BRK-B,QQQ,META,TENCENT",574,0.0978,0.2017,0.569,-0.5183,0.552,-0.3241,0.2031,0.1564,0.2414,0.727,-0.5974,0.627,-0.3241,0.3642
M,dip,3,"SHOP,NET,TSLA",118,0.4315,0.5642,0.887,-0.5202,0.508,-0.2768,0.7415,0.4298,0.6049,0.865,-0.6909,0.576,-0.2803,0.7415
M,watch,5,"IHG,MAR,HLT,H,ACCOR",265,0.0807,0.205,0.484,-0.4375,0.498,-0.3104,0.1764,0.1233,0.2572,0.581,-0.5614,0.589,-0.3104,0.3346
M,ALL,15,"MA,AXP,BRK-B,QQQ,META,TENCENT,SHOP,NET,TSLA,IHG,MAR,HLT,H,ACCOR,BTC",574,0.108,0.2124,0.594,-0.5183,0.554,-0.3241,0.2031,0.1685,0.2515,0.75,-0.5697,0.622,-0.3241,0.3523
W,btc,1,BTC,178,0.5395,1.5487,0.586,-0.7606,0.32,-0.3819,5.0801,0.9203,1.5841,0.758,-0.7998,0.573,-0.3819,5.0801
W,core,6,"MA,AXP,BRK-B,QQQ,META,TENCENT",635,0.1116,0.1899,0.655,-0.5612,0.54,-0.3305,0.2235,0.1482,0.2449,0.691,-0.5884,0.592,-0.3268,0.2327
W,dip,4,"SHOP,COIN,NET,TSLA",178,0.2999,0.4661,0.771,-0.5953,0.517,-0.3179,0.9094,0.5422,0.5298,1.068,-0.7366,0.624,-0.3086,0.9094
W,watch,6,"ABNB,IHG,MAR,HLT,H,ACCOR",325,0.0501,0.1777,0.369,-0.4761,0.523,-0.3467,0.158,0.1373,0.2925,0.58,-0.6328,0.591,-0.2883,0.6842
W,ALL,17,"MA,AXP,BRK-B,QQQ,META,TENCENT,SHOP,COIN,NET,TSLA,ABNB,IHG,MAR,HLT,H,ACCOR,BTC",635,0.1264,0.2026,0.69,-0.5612,0.55,-0.3305,0.4228,0.1824,0.2679,0.762,-0.5884,0.608,-0.3268,0.4242
D,btc,1,BTC,193,0.941,1.6792,0.771,-0.7838,0.383,-0.4798,4.5061,1.4085,1.7743,0.919,-0.8167,0.58,-0.3869,4.5061
D,core,6,"MA,AXP,BRK-B,QQQ,META,TENCENT",650,0.0823,0.1756,0.54,-0.6642,0.478,-0.3277,0.2031,0.1495,0.2535,0.679,-0.7104,0.594,-0.3241,0.4867
D,dip,4,"SHOP,COIN,NET,TSLA",193,0.2685,0.4366,0.743,-0.4781,0.487,-0.2805,0.8107,0.5349,0.5299,1.059,-0.7643,0.611,-0.3118,0.8107
D,watch,6,"ABNB,IHG,MAR,HLT,H,ACCOR",340,0.0839,0.1929,0.508,-0.4203,0.482,-0.1352,0.4594,0.121,0.2767,0.55,-0.6397,0.568,-0.3079,0.4594
D,ALL,17,"MA,AXP,BRK-B,QQQ,META,TENCENT,SHOP,COIN,NET,TSLA,ABNB,IHG,MAR,HLT,H,ACCOR,BTC",650,0.1147,0.2001,0.642,-0.6642,0.475,-0.3277,0.3793,0.1964,0.2796,0.784,-0.7104,0.6,-0.3241,0.4867
