group,asset,daily_from,daily_to,daily_rows,hourly_from,hourly_rows
watch18,MA,2006-05-25,2026-10-02,5121,2016-01-04 09:00:00,18876.0
watch18,AXP,1972-06-01,2026-10-02,13698,2016-01-04 09:00:00,18870.0
watch18,BRK-B,1996-05-09,2026-10-02,7649,2016-01-04 09:00:00,18890.0
watch18,QQQ,1999-03-10,2026-10-02,6935,2016-01-04 09:00:00,18909.0
watch18,META,2012-05-18,2026-10-02,3614,2016-01-04 09:00:00,18909.0
watch18,TENCENT,2004-06-16,2026-10-02,5506,,
watch18,SHOP,2015-05-20,2026-10-02,2860,2016-01-04 09:00:00,18897.0
watch18,COIN,2021-04-14,2026-10-02,1375,2021-04-14 13:00:00,9621.0
watch18,NET,2019-09-13,2026-10-02,1773,2019-09-13 11:00:00,12377.0
watch18,TSLA,2010-06-29,2026-10-02,4091,2016-01-04 09:00:00,18908.0
watch18,SPCX,2026-06-12,2026-10-02,78,2026-06-12 11:00:00,544.0
watch18,ABNB,2020-12-10,2026-10-02,1459,2020-12-10 13:00:00,10205.0
watch18,IHG,2003-04-10,2026-10-02,5908,2016-01-04 09:00:00,18862.0
watch18,MAR,1998-03-23,2026-10-02,7178,2016-01-04 09:00:00,18876.0
watch18,HLT,2013-12-12,2026-10-02,3220,2016-01-04 09:00:00,18871.0
watch18,H,2009-11-05,2026-10-02,4252,2016-01-04 09:00:00,18861.0
watch18,ACCOR,2000-01-03,2026-10-02,6874,,
watch18,BTC,2010-07-18,2026-10-03,5922,2021-01-01 01:00:00,50376.0
