tf,levels,ratios,exit,trades,win_rate,avg_ret,avg_log_ret,t_log,median_ret,avg_bars,t_stat
M,fib,"(0.382, 0.5, 0.618)",struct,23,0.739,4.8458,1.0051,3.83,1.2105,90.7,2.99
M,fib,"(0.382, 0.5, 0.618)",target,52,0.788,0.3993,0.2556,4.27,0.3885,14.5,5.54
M,alt_a,"(0.33, 0.45, 0.56)",struct,22,0.636,5.0615,0.9502,3.28,0.7992,85.9,3.03
M,alt_a,"(0.33, 0.45, 0.56)",target,46,0.739,0.4371,0.2689,3.93,0.4982,15.6,5.13
M,alt_b,"(0.42, 0.55, 0.68)",struct,22,0.682,4.892,0.9713,3.51,1.0133,90.3,2.92
M,alt_b,"(0.42, 0.55, 0.68)",target,57,0.807,0.3537,0.2367,4.53,0.3678,13.8,6.0
M,alt_c,"(0.3, 0.47, 0.64)",struct,24,0.667,5.1017,0.9319,3.43,0.7241,83.7,2.9
M,alt_c,"(0.3, 0.47, 0.64)",target,51,0.765,0.3844,0.2374,3.84,0.3581,14.7,4.84
W,fib,"(0.382, 0.5, 0.618)",struct,97,0.474,1.3805,0.3067,3.88,-0.0558,112.1,2.15
W,fib,"(0.382, 0.5, 0.618)",target,230,0.639,0.0891,0.0516,2.93,0.1334,23.8,4.88
W,alt_a,"(0.33, 0.45, 0.56)",struct,102,0.422,1.4028,0.268,3.51,-0.0526,102.2,1.93
W,alt_a,"(0.33, 0.45, 0.56)",target,211,0.578,0.0871,0.0485,2.61,0.1303,23.4,4.47
W,alt_b,"(0.42, 0.55, 0.68)",struct,94,0.521,1.5148,0.3406,4.15,0.0555,123.6,2.15
W,alt_b,"(0.42, 0.55, 0.68)",target,271,0.694,0.0854,0.0534,3.52,0.1352,21.8,5.76
W,alt_c,"(0.3, 0.47, 0.64)",struct,104,0.433,1.3259,0.2949,3.92,-0.0451,106.5,2.24
W,alt_c,"(0.3, 0.47, 0.64)",target,244,0.627,0.08,0.0457,2.75,0.1286,22.9,4.81
D,fib,"(0.382, 0.5, 0.618)",struct,515,0.377,0.2285,0.0803,5.13,-0.0229,105.3,3.32
D,fib,"(0.382, 0.5, 0.618)",target,1118,0.557,0.0219,0.0139,3.67,0.0406,26.9,5.84
D,alt_a,"(0.33, 0.45, 0.56)",struct,543,0.354,0.2137,0.0764,5.17,-0.0217,95.0,3.44
D,alt_a,"(0.33, 0.45, 0.56)",target,1070,0.496,0.0234,0.0157,4.19,-0.0022,24.8,6.09
D,alt_b,"(0.42, 0.55, 0.68)",struct,485,0.404,0.2356,0.0884,5.4,-0.0219,115.6,3.49
D,alt_b,"(0.42, 0.55, 0.68)",target,1192,0.608,0.0205,0.0131,3.67,0.0484,27.7,5.97
D,alt_c,"(0.3, 0.47, 0.64)",struct,553,0.356,0.2236,0.0788,5.3,-0.0205,99.7,3.35
D,alt_c,"(0.3, 0.47, 0.64)",target,1193,0.553,0.0213,0.0135,3.75,0.0395,26.2,5.94
