group,bucket,asset,tf,daily_from,ready_from,trades,win_rate,avg_ret,avg_log_ret,t_log,median_ret,avg_bars,t_stat,months,cagr,vol,sharpe,max_dd,pct_pos_months,worst_month,best_month,bh_cagr,bh_vol,bh_sharpe,bh_max_dd,bh_pct_pos_months,bh_worst_month,bh_best_month,exposure,in_position_now,last_entry,last_entry_px,last_level,last_exit,last_exit_why,last_ret,note
watch18,core,MA,M,2006-05-25,2012-12-31,1.0,1.0,1.4821,0.9091,,1.4821,78.0,,167.0,0.0675,0.1683,0.471,-0.2619,0.275,-0.1455,0.1922,0.1969,0.212,0.959,-0.2619,0.635,-0.1678,0.1658,0.467,True,2020-04-30,222.4954,fib0.618,2026-10-02,open_end,1.4821,
watch18,core,AXP,M,1972-06-01,1979-01-31,2.0,1.0,9.8239,2.3733,,9.8239,250.0,,574.0,0.1043,0.2422,0.536,-0.6011,0.512,-0.3241,0.2998,0.136,0.2985,0.572,-0.8087,0.585,-0.3241,0.8751,0.871,True,2009-12-31,32.1216,fib0.5,2026-10-02,open_end,8.4261,
watch18,core,BRK-B,M,1996-05-09,2002-12-31,2.0,0.5,3.2197,0.7875,,3.2197,106.5,,287.0,0.068,0.1542,0.504,-0.4575,0.415,-0.1422,0.163,0.1027,0.1708,0.66,-0.4586,0.544,-0.1422,0.163,0.742,True,2009-09-30,64.2619,ma80,2026-10-02,open_end,6.8219,
watch18,core,QQQ,M,1999-03-10,2005-10-31,2.0,0.5,9.8479,1.3135,,9.8479,108.0,,253.0,0.1327,0.173,0.81,-0.4596,0.538,-0.1558,0.1569,0.1595,0.1837,0.902,-0.4974,0.625,-0.1558,0.1569,0.854,True,2009-10-30,35.6292,ma50,2026-10-02,open_end,20.0384,
watch18,core,META,M,2012-05-18,2018-12-31,2.0,0.5,0.9944,0.4954,,0.9944,36.0,,95.0,0.1332,0.3117,0.559,-0.6424,0.474,-0.3263,0.268,0.2433,0.3888,0.76,-0.7544,0.6,-0.3263,0.2716,0.758,True,2023-05-31,232.7953,fib0.5,2026-10-02,open_end,2.1276,
watch18,core,TENCENT,M,2004-06-16,2011-01-31,3.0,0.667,0.1873,0.1536,1.13,0.2135,26.3,1.2,190.0,0.029,0.1902,0.243,-0.5156,0.211,-0.1798,0.2149,0.1709,0.3213,0.651,-0.6867,0.553,-0.2282,0.3969,0.416,True,2024-04-30,291.9231,fib0.5,2026-10-02,open_end,0.4428,
watch18,dip,SHOP,M,2015-05-20,2021-12-31,3.0,0.333,0.4666,0.1503,0.32,-0.1454,13.3,0.64,59.0,0.0957,0.4856,0.409,-0.5115,0.373,-0.3616,0.5431,0.0194,0.5963,0.312,-0.8044,0.508,-0.3686,0.5431,0.678,True,2023-08-31,51.9368,ma80,2026-10-02,open_end,1.9149,
watch18,dip,COIN,M,2021-04-14,,,,,,,,,,,,,,,,,,,,,,,,,,,,,,,,,历史不够（需要 80 根 K 线 + 一个确认的波段）
watch18,dip,NET,M,2019-09-13,2026-04-30,0.0,,,,,,,,7.0,,,,,,,,,,,,,,,0.0,False,,,,,,,
watch18,dip,TSLA,M,2010-06-29,2017-01-31,1.0,1.0,21.1934,3.0998,,21.1934,103.0,,118.0,0.3705,0.6302,0.788,-0.6772,0.492,-0.3673,0.7415,0.3698,0.6407,0.785,-0.6772,0.542,-0.3673,0.7415,0.873,True,2018-03-29,16.6982,ma50,2026-10-02,open_end,21.1934,
watch18,dip,SPCX,M,2026-06-12,,,,,,,,,,,,,,,,,,,,,,,,,,,,,,,,,历史不够（需要 80 根 K 线 + 一个确认的波段）
watch18,watch,ABNB,M,2020-12-10,,,,,,,,,,,,,,,,,,,,,,,,,,,,,,,,,历史不够（需要 80 根 K 线 + 一个确认的波段）
watch18,watch,IHG,M,2003-04-10,2009-11-30,1.0,1.0,10.4532,2.4383,,10.4532,197.0,,204.0,0.1542,0.2529,0.695,-0.3953,0.554,-0.2354,0.243,0.1654,0.2573,0.726,-0.3953,0.569,-0.2354,0.243,0.966,True,2010-05-28,14.1218,ma50,2026-10-02,open_end,10.4532,
watch18,watch,MAR,M,1998-03-23,2004-10-29,2.0,0.5,7.7728,1.1835,,7.7728,108.0,,265.0,0.1131,0.2654,0.539,-0.504,0.46,-0.3967,0.366,0.1383,0.3009,0.581,-0.705,0.562,-0.3967,0.4401,0.815,True,2009-10-30,21.2213,fib0.382,2026-10-02,open_end,15.9151,
watch18,watch,HLT,M,2013-12-12,2020-07-31,0.0,,,,,,,,76.0,0.0,0.0,,0.0,0.0,0.0,0.0,0.2597,0.2617,1.018,-0.2848,0.632,-0.2089,0.2198,0.0,False,,,,,,,
watch18,watch,H,M,2009-11-05,2016-06-30,1.0,1.0,2.2932,1.1919,,2.2932,119.0,,125.0,0.1212,0.3253,0.514,-0.4648,0.512,-0.3747,0.3395,0.123,0.3269,0.518,-0.4648,0.536,-0.3747,0.3395,0.952,True,2016-11-30,48.2504,ma50,2026-10-02,open_end,2.2932,
watch18,watch,ACCOR,M,2000-01-03,2006-08-31,3.0,0.667,0.2252,0.1742,1.0,0.3491,66.0,1.15,243.0,0.0259,0.2551,0.229,-0.5708,0.436,-0.2348,0.2291,0.0565,0.2936,0.332,-0.5344,0.523,-0.2348,0.3152,0.815,True,2023-08-31,29.7831,ma80,2026-10-02,open_end,0.4841,
watch18,btc,BTC,M,2010-07-18,2017-02-28,3.0,0.667,0.8694,0.3228,0.51,1.2067,31.3,1.13,117.0,0.1039,0.5822,0.45,-0.7435,0.427,-0.3777,0.4777,0.5504,0.7444,0.935,-0.7557,0.547,-0.3777,0.6963,0.803,True,2023-04-30,28249.8623,fib0.382,2026-10-03,open_end,2.0043,
watch18,core,MA,W,2006-05-25,2007-11-30,3.0,0.667,3.9184,0.912,1.03,1.407,306.3,1.12,228.0,0.1548,0.242,0.724,-0.5104,0.583,-0.3099,0.1916,0.1966,0.2454,0.859,-0.559,0.614,-0.237,0.3002,0.934,True,2020-04-03,229.4407,fib0.382,2026-10-02,open_end,1.407,
watch18,core,AXP,W,1972-06-01,1973-12-07,9.0,0.556,1.3302,0.5251,1.98,0.7328,220.9,1.74,635.0,0.0933,0.2156,0.525,-0.5612,0.435,-0.3378,0.2235,0.1142,0.3019,0.507,-0.8046,0.576,-0.3268,0.7743,0.721,True,2021-12-03,145.1826,ma50,2026-10-02,open_end,1.0855,
watch18,core,BRK-B,W,1996-05-09,1997-11-14,8.0,0.5,0.3394,0.1861,1.1,0.0212,156.0,1.37,348.0,0.0525,0.1631,0.396,-0.4534,0.457,-0.157,0.1713,0.1025,0.194,0.6,-0.4533,0.56,-0.1422,0.2215,0.828,True,2020-09-25,214.0,fib0.618,2026-10-02,open_end,1.3488,
watch18,core,QQQ,W,1999-03-10,2000-09-15,7.0,0.429,0.8938,0.2787,0.95,-0.0558,135.4,1.02,314.0,0.0773,0.1603,0.546,-0.4256,0.433,-0.1511,0.1801,0.0909,0.2255,0.502,-0.7599,0.605,-0.2351,0.2426,0.697,True,2025-03-07,478.4618,ma50,2026-10-02,open_end,0.5666,
watch18,core,META,W,2012-05-18,2013-11-22,6.0,0.5,0.2902,0.1869,1.16,0.0294,75.0,1.32,156.0,0.0898,0.2602,0.464,-0.4572,0.436,-0.3296,0.2294,0.2371,0.3424,0.797,-0.7338,0.622,-0.3024,0.3014,0.67,False,2026-07-17,660.6873,fib0.5,2026-07-31,stop,-0.0817,
watch18,core,TENCENT,W,2004-06-16,2005-12-23,4.0,0.75,3.3122,0.9925,1.8,1.4021,217.5,1.35,251.0,0.2083,0.2915,0.796,-0.4469,0.47,-0.2273,0.2747,0.3123,0.3627,0.933,-0.694,0.578,-0.2462,0.3596,0.802,False,2026-08-14,469.2543,fib0.382,2026-09-25,stop,-0.0952,
watch18,dip,SHOP,W,2015-05-20,2016-11-25,3.0,0.667,2.0442,0.7585,1.21,1.2089,99.7,1.24,120.0,0.2553,0.3976,0.766,-0.5952,0.367,-0.3947,0.5255,0.4269,0.5334,0.931,-0.8291,0.617,-0.3719,0.5255,0.581,True,2024-08-16,68.535,fib0.5,2026-10-02,open_end,1.2089,
watch18,dip,COIN,W,2021-04-14,2022-10-21,2.0,0.5,0.1717,0.1348,,0.1717,49.0,,49.0,0.068,0.5525,0.359,-0.5155,0.245,-0.2599,0.5973,0.2819,0.884,0.668,-0.6266,0.51,-0.3856,0.7341,0.473,False,2025-05-02,206.3202,ma80,2026-02-06,stop,-0.08,
watch18,dip,NET,W,2019-09-13,2021-03-19,2.0,0.5,1.2417,0.2701,,1.2417,74.0,,68.0,0.0998,0.4249,0.442,-0.6675,0.353,-0.3598,0.371,0.3223,0.6014,0.769,-0.7741,0.632,-0.3598,0.4937,0.51,True,2024-05-03,85.9633,fib0.618,2026-10-02,open_end,3.0607,
watch18,dip,TSLA,W,2010-06-29,2012-01-06,6.0,0.5,1.3485,0.4881,1.28,0.2795,107.2,1.54,178.0,0.218,0.5742,0.597,-0.8102,0.416,-0.3576,0.9094,0.4324,0.6084,0.868,-0.6683,0.539,-0.3264,0.9094,0.835,True,2024-07-26,223.8526,fib0.618,2026-10-02,open_end,0.6555,
watch18,dip,SPCX,W,2026-06-12,,,,,,,,,,,,,,,,,,,,,,,,,,,,,,,,,历史不够（需要 80 根 K 线 + 一个确认的波段）
watch18,watch,ABNB,W,2020-12-10,2022-06-17,4.0,0.25,-0.0411,-0.0582,-0.57,-0.0999,17.5,-0.4,53.0,-0.0518,0.2241,-0.127,-0.4145,0.189,-0.176,0.2502,0.1174,0.388,0.472,-0.2908,0.604,-0.1796,0.356,0.311,True,2026-03-06,129.2253,ma80,2026-10-02,open_end,0.257,
watch18,watch,IHG,W,2003-04-10,2004-10-15,8.0,0.5,0.3068,0.1927,1.33,0.1722,97.9,1.56,265.0,0.0721,0.2221,0.425,-0.5741,0.415,-0.2196,0.2506,0.1236,0.2963,0.543,-0.777,0.574,-0.322,0.3451,0.683,True,2024-08-09,87.9903,ma50,2026-10-02,open_end,0.8382,
watch18,watch,MAR,W,1998-03-23,1999-10-01,6.0,0.5,0.7937,0.4049,1.53,0.3452,165.0,1.63,325.0,0.0937,0.2119,0.531,-0.4433,0.425,-0.3133,0.1798,0.1351,0.2899,0.583,-0.7078,0.575,-0.3641,0.3819,0.702,True,2021-09-24,136.6238,fib0.618,2026-10-02,open_end,1.6274,
watch18,watch,HLT,W,2013-12-12,2015-06-19,6.0,0.333,0.1761,0.0711,0.4,-0.1301,69.7,0.67,137.0,0.0377,0.2468,0.28,-0.551,0.416,-0.37,0.2198,0.1676,0.2707,0.712,-0.3838,0.591,-0.2886,0.2223,0.708,True,2022-08-26,130.5301,ma80,2026-10-02,open_end,1.4466,
watch18,watch,H,W,2009-11-05,2011-05-13,6.0,0.667,0.088,0.0655,0.74,0.1129,103.3,0.96,186.0,0.0255,0.2353,0.223,-0.3984,0.425,-0.1789,0.2409,0.0888,0.3118,0.427,-0.4772,0.559,-0.3585,0.3395,0.771,True,2025-05-23,131.3324,fib0.5,2026-10-02,open_end,0.2099,
watch18,watch,ACCOR,W,2000-01-03,2001-07-13,11.0,0.364,0.0347,-0.02,-0.2,-0.0947,69.1,0.31,304.0,-0.0095,0.215,0.07,-0.6325,0.322,-0.38,0.1784,0.0932,0.4108,0.379,-0.5492,0.543,-0.2761,1.4036,0.577,True,2023-03-17,25.7415,fib0.618,2026-10-02,open_end,0.7171,
watch18,btc,BTC,W,2010-07-18,2012-01-27,6.0,0.667,10.8288,1.0686,1.61,0.8183,74.8,1.1,178.0,0.5395,1.5487,0.586,-0.7606,0.32,-0.3819,5.0801,0.9203,1.5841,0.758,-0.7998,0.573,-0.3819,5.0801,0.585,False,2026-05-22,78564.5881,fib0.382,2026-06-12,stop,-0.2245,
watch18,core,MA,D,2006-05-25,2006-09-18,30.0,0.433,0.1237,0.0777,1.64,-0.0202,123.1,1.77,242.0,0.1215,0.2351,0.604,-0.4211,0.5,-0.1702,0.3391,0.2525,0.2739,0.962,-0.559,0.624,-0.2689,0.3731,0.732,True,2026-07-10,522.933,fib0.382,2026-10-02,open_end,0.0561,
watch18,core,AXP,D,1972-06-01,1972-09-22,97.0,0.351,0.0478,0.0301,1.7,-0.0288,83.3,2.21,650.0,0.0542,0.2064,0.359,-0.6642,0.382,-0.3277,0.2998,0.1068,0.3083,0.479,-0.8087,0.569,-0.3241,0.8751,0.593,False,2026-07-24,326.12,fib0.618,2026-09-23,stop,-0.0651,
watch18,core,BRK-B,D,1996-05-09,1996-08-30,43.0,0.442,0.083,0.0635,2.41,-0.0104,133.1,2.46,363.0,0.0936,0.154,0.658,-0.2433,0.468,-0.1195,0.207,0.111,0.189,0.652,-0.4586,0.559,-0.1426,0.2639,0.756,True,2026-07-14,493.96,fib0.618,2026-10-02,open_end,0.0176,
watch18,core,QQQ,D,1999-03-10,1999-07-01,44.0,0.364,0.0735,0.0538,1.99,-0.0135,106.0,2.22,328.0,0.0898,0.1669,0.601,-0.6101,0.457,-0.2877,0.2432,0.1051,0.2325,0.549,-0.8108,0.598,-0.2621,0.2432,0.68,True,2026-07-07,709.1431,ma50,2026-10-02,open_end,0.057,
watch18,core,META,D,2012-05-18,2012-09-11,17.0,0.294,0.3524,0.1652,1.47,-0.017,141.5,1.5,170.0,0.2184,0.266,0.871,-0.3627,0.453,-0.1821,0.4791,0.2923,0.3657,0.885,-0.7544,0.618,-0.3263,0.4791,0.68,False,2026-07-23,607.9302,fib0.618,2026-07-27,stop,-0.002,
watch18,core,TENCENT,D,2004-06-16,2004-10-05,26.0,0.462,0.3634,0.1665,1.86,-0.0074,147.8,1.68,265.0,0.2123,0.3109,0.775,-0.6074,0.445,-0.2803,0.3147,0.3355,0.3757,0.961,-0.6867,0.585,-0.2292,0.3969,0.708,False,2026-09-23,450.305,ma80,2026-10-02,stop,-0.0629,
watch18,dip,SHOP,D,2015-05-20,2015-09-11,18.0,0.333,0.2184,0.0669,0.65,-0.0651,90.9,0.98,134.0,0.1128,0.3822,0.464,-0.5695,0.425,-0.3223,0.4781,0.4373,0.5233,0.951,-0.8233,0.612,-0.3686,0.5431,0.588,True,2026-07-23,115.679,ma80,2026-10-02,open_end,0.3087,
watch18,dip,COIN,D,2021-04-14,2021-08-05,8.0,0.25,0.0542,-0.0443,-0.3,-0.0927,82.4,0.25,63.0,-0.0661,0.6036,0.152,-0.7474,0.254,-0.2629,0.6172,-0.0616,0.8716,0.321,-0.8892,0.508,-0.4064,0.6524,0.508,False,2025-08-01,329.2593,fib0.618,2026-01-27,stop,-0.3516,
watch18,dip,NET,D,2019-09-13,2020-01-07,15.0,0.4,0.2348,0.103,0.94,-0.0757,73.7,1.17,82.0,0.2522,0.5636,0.657,-0.6842,0.451,-0.3243,0.7285,0.5474,0.6337,0.995,-0.7753,0.622,-0.3499,0.7285,0.653,True,2026-04-23,202.075,fib0.618,2026-10-02,open_end,0.7274,
watch18,dip,TSLA,D,2010-06-29,2010-10-20,24.0,0.333,0.5141,0.1491,1.24,-0.0533,112.5,1.44,193.0,0.2481,0.5543,0.646,-0.6408,0.399,-0.4402,0.8107,0.4161,0.6238,0.84,-0.6772,0.534,-0.3673,0.8107,0.673,False,2026-07-02,409.0269,fib0.618,2026-07-24,stop,-0.2159,
watch18,dip,SPCX,D,2026-06-12,,,,,,,,,,,,,,,,,,,,,,,,,,,,,,,,,历史不够（需要 80 根 K 线 + 一个确认的波段）
watch18,watch,ABNB,D,2020-12-10,2021-04-07,10.0,0.2,-0.0633,-0.0722,-1.89,-0.0753,76.4,-1.68,67.0,-0.1222,0.2717,-0.342,-0.6605,0.299,-0.1925,0.2092,-0.0182,0.3704,0.133,-0.505,0.552,-0.263,0.2995,0.554,True,2025-07-30,135.112,ma50,2026-10-02,open_end,0.2022,
watch18,watch,IHG,D,2003-04-10,2003-08-28,26.0,0.577,0.1169,0.0912,2.36,0.0223,154.4,2.53,279.0,0.1066,0.2155,0.578,-0.4103,0.441,-0.2237,0.2543,0.139,0.2776,0.611,-0.7781,0.563,-0.304,0.2543,0.691,True,2025-07-16,115.0112,ma50,2026-10-02,open_end,0.4063,
watch18,watch,MAR,D,1998-03-23,1998-07-15,38.0,0.447,0.1177,0.0809,2.15,-0.0275,124.5,2.22,340.0,0.1137,0.2387,0.565,-0.4255,0.421,-0.2705,0.4401,0.1295,0.3015,0.555,-0.705,0.553,-0.3967,0.4401,0.667,False,2025-07-31,265.3287,ma50,2026-09-03,stop,0.2561,
watch18,watch,HLT,D,2013-12-12,2014-04-08,16.0,0.625,0.1329,0.1068,2.25,0.0816,152.6,2.23,151.0,0.1445,0.2035,0.765,-0.2407,0.483,-0.1254,0.2198,0.1763,0.2541,0.772,-0.3953,0.623,-0.2979,0.2198,0.777,False,2025-08-01,259.9685,ma50,2026-09-09,stop,0.1612,
watch18,watch,H,D,2009-11-05,2010-03-03,33.0,0.303,0.0349,0.0256,1.15,-0.0218,83.1,1.33,200.0,0.0508,0.229,0.325,-0.323,0.38,-0.1412,0.3395,0.1004,0.2983,0.47,-0.4648,0.515,-0.3747,0.3395,0.657,False,2026-05-11,166.6911,fib0.618,2026-09-18,stop,-0.0653,
watch18,watch,ACCOR,D,2000-01-03,2000-05-31,52.0,0.269,0.0381,0.017,0.65,-0.0432,73.5,1.07,318.0,0.0298,0.3324,0.206,-0.5737,0.349,-0.1824,1.3641,0.094,0.3934,0.385,-0.5344,0.544,-0.2761,1.3641,0.565,True,2026-07-14,47.25,fib0.618,2026-10-02,open_end,-0.0646,
watch18,btc,BTC,D,2010-07-18,2010-10-05,24.0,0.417,2.2744,0.4464,2.19,-0.0334,151.1,1.75,193.0,0.941,1.6792,0.771,-0.7838,0.383,-0.4798,4.5061,1.4085,1.7743,0.919,-0.8167,0.58,-0.3869,4.5061,0.621,False,2026-05-22,76210.8614,ma50,2026-06-03,stop,-0.1249,
