bucket,asset,tf,ccy,price,price_date,bars,bar_date,healthy,above_f236,ma80_rising,H,H_date,L,L_date,retrace_from_H,fib_pos,f0.236,f0.382,f0.5,f0.618,f0.786,ma20,ma50,ma80,K,D,macd_hist,macd,next_support,next_support_px,pct_to_support,pct_to_stop,supports_below,note
core,MA,M,USD,552.26,2026-10-02,245,2026-09-30,True,True,True,334.5524,2020-02-28,63.7125,2014-04-30,0.6507,1.804,127.6307,167.1733,199.1324,231.0915,276.5927,547.7170349121094,466.86047607421875,414.3302282333374,63.5,53.2,-3.3640660672947575,19.353069618040877,ma50,466.8605,-0.1546,-0.7689,ma50=466.86;ma80=414.33;f0.618=231.09;f0.5=199.13;f0.382=167.17,
core,MA,W,USD,552.26,2026-10-02,1063,2026-10-02,True,True,True,598.0433,2025-08-22,423.7653,2024-07-26,-0.0766,0.737,464.8949,490.3395,510.9043,531.4691,560.7478,541.0369827270508,534.0462237548828,542.9608772277832,44.2,62.4,1.6741444250879205,13.533180744743504,ma80,542.9609,-0.0168,-0.1582,ma80=542.96;ma50=534.05;f0.618=531.47;f0.5=510.90;f0.382=490.34,
core,AXP,M,USD,302.78,2026-10-02,652,2026-09-30,True,True,True,320.9386,2025-01-31,61.5945,2020-03-31,-0.0566,0.93,122.7997,160.664,191.2665,221.8691,265.4389,318.5904602050781,244.96490325927735,201.99670763015746,34.7,42.8,-6.726424953392751,20.914803442500386,ma50,244.9649,-0.1909,-0.5944,ma50=244.96;f0.618=221.87;ma80=202.00;f0.5=191.27;f0.382=160.66,
core,AXP,W,USD,302.78,2026-10-02,2836,2026-10-02,False,False,True,363.14,2026-07-17,289.2612,2026-03-20,-0.1662,0.183,306.6966,317.4829,326.2006,334.9183,347.33,329.2193313598633,335.43555114746096,321.52514457702637,16.8,26.0,-3.7440866142580447,-3.7628574845883236,,,,0.0129,,
core,BRK-B,M,USD,502.65,2026-10-02,365,2026-09-30,True,True,True,362.1,2022-03-31,134.32,2016-03-31,0.3882,1.617,188.0761,221.332,248.21,275.088,313.3551,498.3830047607422,422.73559997558596,360.4063751220703,54.7,54.1,-4.7502015061136085,18.898490397334115,ma50,422.7356,-0.159,-0.6258,ma50=422.74;ma80=360.41;f0.618=275.09;f0.5=248.21;f0.382=221.33,
core,BRK-B,W,USD,502.65,2026-10-02,1587,2026-10-02,False,True,False,516.85,2025-11-28,406.11,2024-08-09,-0.0275,0.872,432.2446,448.4127,461.48,474.5473,493.1516,499.3089996337891,494.1426007080078,495.2496253967285,31.4,40.7,0.3600222155920516,4.792194420598321,ma80,495.2496,-0.0147,-0.1401,ma80=495.25;ma50=494.14;f0.618=474.55;f0.5=461.48;f0.382=448.41,
core,QQQ,M,USD,749.58,2026-10-02,331,2026-09-30,True,True,True,536.2548,2025-02-28,248.3147,2022-10-31,0.3978,1.741,316.2685,358.3078,392.2847,426.2616,474.6356,608.469090270996,474.6037127685547,410.01155128479,87.0,84.7,7.297701526661562,70.77423799225573,ma50,474.6037,-0.3668,-0.5781,ma50=474.60;f0.618=426.26;ma80=410.01;f0.5=392.28;f0.382=358.31,
core,QQQ,W,USD,749.58,2026-10-02,1439,2026-10-02,True,True,True,634.4392,2026-01-30,399.5957,2025-04-11,0.1815,1.49,455.0187,489.3059,517.0174,544.729,584.1827,717.5508026123047,658.3161328125,612.2402153015137,85.2,76.6,-0.3978759663429514,22.296122740492365,ma50,658.3161,-0.1218,-0.393,ma50=658.32;ma80=612.24;f0.618=544.73;f0.5=517.02;f0.382=489.31,
core,META,M,USD,728.08,2026-10-02,173,2026-09-30,True,True,True,736.6845,2025-02-28,87.2543,2022-11-30,-0.0117,0.987,240.5198,335.3366,411.9694,488.6022,597.7064,647.140756225586,469.29084869384764,391.99544620513916,43.7,36.8,-14.807567309533212,32.7522325776564,f0.618,488.6022,-0.3289,-0.6697,f0.618=488.60;ma50=469.29;f0.5=411.97;ma80=392.00;f0.382=335.34,
core,META,W,USD,728.08,2026-10-02,751,2026-10-02,True,True,True,690.3349,2026-04-17,519.3684,2026-03-27,0.0547,1.221,559.7165,584.6776,604.8517,625.0257,653.7481,614.4822052001953,628.4638757324219,646.5777828216553,74.3,62.9,18.33666919410063,16.839809409058034,ma80,646.5778,-0.1119,-0.2312,ma80=646.58;ma50=628.46;f0.618=625.03;f0.5=604.85;f0.382=584.68,
core,TENCENT,M,HKD,421.2,2026-10-02,268,2026-09-30,True,True,True,675.1341,2025-10-31,181.9628,2022-10-31,-0.3761,0.485,298.3512,370.3542,428.5484,486.7426,569.5954,514.4189682006836,401.972917175293,413.9850946426392,15.4,20.8,-20.09787270006984,8.65331969275644,ma80,413.9851,-0.0171,-0.2917,ma80=413.99;ma50=401.97;f0.382=370.35,
core,TENCENT,W,HKD,421.2,2026-10-02,1164,2026-10-02,False,True,False,675.1341,2025-10-03,341.9953,2024-08-09,-0.3761,0.238,420.616,469.2543,508.5647,547.875,603.8424,443.9600036621094,510.5826086425781,520.8109577178955,15.3,25.5,0.9804889226144944,-19.009391537610043,,,,-0.0014,,
dip,SHOP,M,USD,151.39,2026-10-02,137,2026-09-30,True,True,True,129.38,2025-02-28,23.63,2022-10-31,0.1701,1.208,48.587,64.0265,76.505,88.9835,106.7495,128.40200004577636,89.85900001525879,92.90762522220612,51.3,42.6,-1.3970535576429164,11.210828372412493,ma80,92.9076,-0.3863,-0.6791,ma80=92.91;ma50=89.86;f0.618=88.98;f0.5=76.51;f0.382=64.03,
dip,SHOP,W,USD,151.39,2026-10-02,594,2026-10-02,True,True,True,182.19,2025-10-31,48.56,2024-08-09,-0.1691,0.77,80.0967,99.6067,115.375,131.1433,153.5932,128.28599967956544,134.1509996032715,128.99712495803834,65.6,63.8,2.1845543651682213,5.182279783323196,ma50,134.151,-0.1139,-0.4709,ma50=134.15;f0.618=131.14;ma80=129.00;f0.5=115.38;f0.382=99.61,
dip,COIN,M,USD,183.0,2026-10-02,66,2026-09-30,False,True,False,444.65,2025-07-31,31.55,2023-01-31,-0.5884,0.367,129.0416,189.3542,238.1,286.8458,356.2466,231.96800003051757,175.50839973449706,,24.8,20.3,-12.347156913491784,-11.106125333558708,ma50,175.5084,-0.0409,-0.2949,ma50=175.51,
dip,COIN,W,USD,183.0,2026-10-02,286,2026-10-02,False,False,False,444.65,2025-07-18,142.58,2025-04-11,-0.5884,0.134,213.8685,257.9707,293.615,329.2593,380.007,169.20999908447266,201.9890002441406,235.02574996948243,72.0,68.1,6.106488960684777,-3.3692522087839336,,,,0.1687,,
dip,NET,M,USD,349.07,2026-10-02,85,2026-09-30,True,True,True,177.368,2025-02-28,37.37,2022-11-30,0.9681,2.226,70.4095,90.8492,107.369,123.8888,147.4084,210.07250061035157,128.5318003845215,110.15837519168853,80.8,71.9,11.074048528215144,47.62393117421098,ma50,128.5318,-0.6318,-0.7983,ma50=128.53;f0.618=123.89;ma80=110.16;f0.5=107.37;f0.382=90.85,
dip,NET,W,USD,349.07,2026-10-02,369,2026-10-02,True,True,True,260.0,2025-11-07,89.42,2025-04-11,0.3426,1.522,129.6769,154.5816,174.71,194.8384,223.4959,277.1825012207031,230.0484017944336,210.1213764190674,77.3,73.2,6.067595458831978,31.931438366737325,ma50,230.0484,-0.341,-0.6285,ma50=230.05;ma80=210.12;f0.618=194.84;f0.5=174.71;f0.382=154.58,
dip,TSLA,M,USD,370.59,2026-10-02,196,2026-09-30,True,True,True,488.54,2024-12-31,101.81,2023-01-31,-0.2414,0.695,193.0783,249.5409,295.175,340.8091,405.7798,369.9195022583008,288.03320022583006,260.83920035362246,37.0,43.9,-10.794476966481596,24.478896904772512,f0.618,340.8091,-0.0804,-0.479,f0.618=340.81;f0.5=295.18;ma50=288.03;ma80=260.84;f0.382=249.54,
dip,TSLA,W,USD,370.59,2026-10-02,849,2026-10-02,True,True,True,498.83,2025-12-26,214.25,2025-04-11,-0.2571,0.549,281.4109,322.9596,356.54,390.1204,437.9299,372.73349609375,399.1789990234375,374.19024925231935,69.6,57.0,2.3746733798454187,-9.19530888431592,f0.5,356.54,-0.0379,-0.2406,f0.5=356.54;f0.382=322.96,
dip,SPCX,M,USD,158.96,2026-10-02,0,,,,,,,,,,,,,,,,,,,,,,,,,,,,历史不够，还画不出波段
dip,SPCX,W,USD,158.96,2026-10-02,0,,,,,,,,,,,,,,,,,,,,,,,,,,,,历史不够，还画不出波段
watch,ABNB,M,USD,162.43,2026-10-02,70,2026-09-30,False,True,False,170.1,2024-03-28,81.91,2022-12-30,-0.0451,0.913,102.7228,115.5986,126.005,136.4114,151.2273,135.40599937438964,131.55600006103515,,72.5,71.9,4.61796261000146,6.629578834483368,f0.618,136.4114,-0.1602,-0.3676,f0.618=136.41;ma50=131.56;f0.5=126.01;f0.382=115.60,
watch,ABNB,W,USD,162.43,2026-10-02,304,2026-10-02,True,True,True,193.453,2026-08-28,99.88,2025-04-11,-0.1604,0.668,121.9632,135.6249,146.6665,157.7081,173.4284,156.6354995727539,140.44780029296874,135.45550031661986,47.6,63.6,-0.7573785199178982,9.201762543444346,f0.618,157.7081,-0.0291,-0.2491,f0.618=157.71;f0.5=146.67;ma50=140.45;f0.382=135.62;ma80=135.46,
watch,IHG,M,USD,161.74,2026-10-02,282,2026-09-30,True,True,True,131.9092,2025-02-28,23.0594,2020-03-31,0.2261,1.274,48.7479,64.64,77.4843,90.3286,108.6153,133.1784923553467,102.16980392456054,84.53367657661438,75.6,78.0,1.924033151918234,16.830525652320944,ma50,102.1698,-0.3683,-0.6986,ma50=102.17;f0.618=90.33;ma80=84.53;f0.5=77.48;f0.382=64.64,
watch,IHG,W,USD,161.74,2026-10-02,1226,2026-10-02,True,True,True,175.1798,2026-06-26,93.1102,2025-04-11,-0.0767,0.836,112.4786,124.4608,134.145,143.8292,157.6169,160.54294662475587,145.8467741394043,134.07237548828124,43.9,36.7,-1.3370793718523393,3.593549369666249,ma50,145.8468,-0.0983,-0.3046,ma50=145.85;f0.618=143.83;f0.5=134.14;ma80=134.07;f0.382=124.46,
watch,MAR,M,USD,358.96,2026-10-02,343,2026-09-30,True,True,True,302.7457,2025-02-28,44.6369,2020-03-31,0.1857,1.218,105.5506,143.2345,173.6913,204.1481,247.5104,304.3563171386719,244.51061553955077,200.6330297470093,61.0,70.2,2.7430590159385773,34.893255514074724,ma50,244.5106,-0.3188,-0.706,ma50=244.51;f0.618=204.15;ma80=200.63;f0.5=173.69;f0.382=143.23,
watch,MAR,W,USD,358.96,2026-10-02,1489,2026-10-02,True,True,True,410.1465,2026-06-18,202.6636,2025-04-11,-0.1248,0.753,251.6296,281.9221,306.4051,330.8881,365.7452,365.2584976196289,338.5262023925781,307.77008457183837,50.7,35.5,-4.07754715613853,1.1555192294530343,ma50,338.5262,-0.0569,-0.299,ma50=338.53;f0.618=330.89;ma80=307.77;f0.5=306.41;f0.382=281.92,
watch,HLT,M,USD,319.36,2026-10-02,154,2026-09-30,True,True,True,274.2115,2025-02-28,43.6906,2020-03-31,0.1646,1.196,98.0935,131.7496,158.951,186.1525,224.88,285.4390159606934,220.36279830932617,180.54395484924316,59.6,68.8,-0.2467234970990475,29.723403276164333,ma50,220.3628,-0.31,-0.6928,ma50=220.36;f0.618=186.15;ma80=180.54;f0.5=158.95;f0.382=131.75,
watch,HLT,W,USD,319.36,2026-10-02,669,2026-10-02,True,True,True,357.8371,2026-06-18,195.431,2025-04-11,-0.1075,0.763,233.7589,257.4701,276.6341,295.798,323.0822,325.3810501098633,308.85492431640625,288.0230800628662,35.6,29.0,-2.978937981655899,0.37866819315405564,ma50,308.8549,-0.0329,-0.268,ma50=308.85;f0.618=295.80;ma80=288.02;f0.5=276.63;f0.382=257.47,
watch,H,M,USD,158.9,2026-10-02,203,2026-09-30,True,True,True,167.0588,2024-12-31,23.6669,2020-03-31,-0.0488,0.943,57.5074,78.4426,95.3629,112.2831,136.3729,151.64821434020996,135.46664321899414,112.18523592948914,49.7,59.8,0.31220423912318296,10.447535774832858,ma50,135.4666,-0.1475,-0.6381,ma50=135.47;f0.618=112.28;ma80=112.19;f0.5=95.36;f0.382=78.44,
watch,H,W,USD,158.9,2026-10-02,883,2026-10-02,True,True,True,206.6853,2026-06-18,101.8448,2025-04-11,-0.2312,0.544,126.5871,141.8939,154.265,166.6362,184.2494,179.62774887084962,166.76232025146484,154.5883610725403,14.9,20.3,-4.213567562233876,-2.0490736610604756,ma80,154.5884,-0.0271,-0.2034,ma80=154.59;f0.5=154.27;f0.382=141.89,
watch,ACCOR,M,EUR,44.2,2026-10-02,321,2026-09-30,True,True,True,48.2955,2025-02-28,17.8891,2020-05-29,-0.0848,0.865,25.065,29.5044,33.0923,36.6802,41.7885,43.908456039428714,36.626023330688476,32.40180995464325,63.3,63.8,-0.18607414867588634,2.4569943070611515,f0.618,36.6802,-0.1701,-0.4329,f0.618=36.68;ma50=36.63;f0.5=33.09;ma80=32.40;f0.382=29.50,
watch,ACCOR,W,EUR,44.2,2026-10-02,1396,2026-10-02,True,True,True,52.0,2026-06-26,38.5701,2025-10-03,-0.15,0.419,41.7396,43.7003,45.2851,46.8698,49.126,46.635229682922365,45.13275749206543,43.901703691482545,20.4,26.2,-0.34029366216528745,0.22817320851017797,ma80,43.9017,-0.0067,-0.0557,ma80=43.90;f0.382=43.70,
btc,BTC,M,USD,84869.9766,2026-10-03,195,2026-09-30,True,True,True,126198.0703,2025-10-31,15599.0469,2022-11-30,-0.3275,0.626,41700.4164,57847.8738,70898.5586,83949.2434,102529.8793,87281.1177734375,62263.202265625,50700.080993652344,38.8,27.8,-3408.2774313680356,716.41335202966,f0.618,83949.2434,-0.0108,-0.5087,f0.618=83949.24;f0.5=70898.56;ma50=62263.20;f0.382=57847.87;ma80=50700.08,
btc,BTC,W,USD,84869.9766,2026-10-03,846,2026-10-02,False,True,False,126198.0703,2025-10-10,49121.2383,2024-08-09,-0.3275,0.464,67311.3706,78564.5881,87659.6543,96754.7205,109703.6283,70233.378125,77698.12359375,88490.008203125,85.1,78.7,2838.4432144192283,1553.3400513097586,f0.382,78564.5881,-0.0743,-0.2069,f0.382=78564.59;ma50=77698.12,
