group,tf,entry,exit,trades,win_rate,avg_ret,avg_log_ret,t_log,median_ret,avg_bars,t_stat,months,cagr,vol,sharpe,max_dd,pct_pos_months,worst_month,best_month,exposure,trades_per_month,assets
watch18,M,ma,struct,23,0.652,4.4351,0.9641,3.74,0.8906,84.7,3.17,574,0.1105,0.2052,0.618,-0.5183,0.556,-0.3241,0.2031,0.591,0.04,15
watch18,M,ma,target,63,0.746,0.3005,0.1858,3.92,0.1635,10.1,3.98,574,0.0566,0.1333,0.481,-0.3794,0.357,-0.2585,0.2031,0.199,0.11,15
watch18,M,ma,momo,54,0.778,0.6034,0.2399,3.29,0.2434,14.5,2.19,574,0.0581,0.1423,0.469,-0.3794,0.354,-0.2585,0.2031,0.258,0.094,15
watch18,M,fib,struct,23,0.739,4.8458,1.0051,3.83,1.2105,90.7,2.99,574,0.1082,0.2117,0.596,-0.5183,0.557,-0.3241,0.2031,0.644,0.04,15
watch18,M,fib,target,52,0.788,0.3993,0.2556,4.27,0.3885,14.5,5.54,574,0.0576,0.1432,0.464,-0.3892,0.362,-0.2585,0.2031,0.233,0.091,15
watch18,M,fib,momo,62,0.742,0.606,0.241,3.6,0.2406,14.0,2.08,574,0.0573,0.1464,0.455,-0.3892,0.361,-0.2585,0.2031,0.289,0.108,15
watch18,M,confluence,struct,15,0.8,5.3461,1.2646,4.14,2.166,114.6,3.2,574,0.1033,0.1975,0.602,-0.5183,0.545,-0.3241,0.2031,0.464,0.026,15
watch18,M,confluence,target,27,0.815,0.4388,0.302,4.15,0.5079,16.9,4.82,574,0.0433,0.1093,0.443,-0.3235,0.279,-0.2585,0.2031,0.12,0.047,15
watch18,M,confluence,momo,30,0.833,0.3344,0.2421,4.05,0.3889,15.0,4.9,574,0.0379,0.109,0.396,-0.3235,0.28,-0.2585,0.2031,0.128,0.052,15
watch18,M,any,struct,26,0.654,3.9994,0.8596,3.56,0.8454,81.7,3.13,574,0.108,0.2124,0.594,-0.5183,0.554,-0.3241,0.2031,0.667,0.045,15
watch18,M,any,target,76,0.75,0.2722,0.1697,3.86,0.1996,10.6,4.74,574,0.0576,0.1458,0.459,-0.3835,0.371,-0.2585,0.2031,0.259,0.132,15
watch18,M,any,momo,72,0.736,0.4408,0.1913,3.41,0.2215,13.5,2.32,574,0.0574,0.1498,0.449,-0.3892,0.364,-0.2585,0.2031,0.331,0.125,15
watch18,M,any+kd,struct,16,0.875,3.4362,0.9328,3.5,0.7786,81.2,2.74,574,0.0892,0.1911,0.547,-0.5183,0.54,-0.3241,0.2031,0.335,0.028,15
watch18,M,any+kd,target,30,0.8,0.2648,0.2016,4.11,0.2928,10.7,4.5,574,0.0414,0.1112,0.422,-0.345,0.28,-0.2585,0.2031,0.079,0.052,15
watch18,M,any+kd,momo,29,0.759,0.6597,0.2991,3.01,0.2091,14.8,2.06,574,0.0437,0.1161,0.427,-0.3591,0.284,-0.2585,0.2031,0.124,0.051,15
watch18,W,ma,struct,87,0.517,0.835,0.2818,3.74,0.042,126.3,3.63,635,0.1005,0.1861,0.61,-0.6132,0.543,-0.3305,0.2235,0.614,0.137,17
watch18,W,ma,target,278,0.683,0.0678,0.0409,3.01,0.0854,18.5,4.81,635,0.0463,0.1475,0.383,-0.6022,0.424,-0.3305,0.1927,0.29,0.438,17
watch18,W,ma,momo,320,0.631,0.0529,0.0291,2.45,0.0426,15.8,4.13,635,0.0312,0.1269,0.306,-0.5633,0.381,-0.2813,0.1802,0.298,0.504,17
watch18,W,fib,struct,97,0.474,1.3805,0.3067,3.88,-0.0558,112.1,2.15,635,0.1179,0.2004,0.658,-0.5767,0.548,-0.3305,0.4261,0.628,0.153,17
watch18,W,fib,target,230,0.639,0.0891,0.0516,2.93,0.1334,23.8,4.88,635,0.0459,0.15,0.376,-0.5161,0.428,-0.3305,0.1927,0.317,0.362,17
watch18,W,fib,momo,311,0.621,0.0978,0.0463,3.01,0.0471,16.2,3.19,635,0.0395,0.1393,0.347,-0.4979,0.384,-0.3095,0.4267,0.312,0.49,17
watch18,W,confluence,struct,84,0.476,1.5806,0.2957,3.34,-0.0547,118.6,1.89,635,0.1068,0.1928,0.623,-0.6018,0.535,-0.3305,0.4261,0.551,0.132,17
watch18,W,confluence,target,180,0.617,0.0706,0.0408,2.29,0.1198,23.3,3.88,635,0.0308,0.1395,0.289,-0.5905,0.367,-0.3305,0.1927,0.231,0.283,17
watch18,W,confluence,momo,233,0.609,0.052,0.0271,1.93,0.0459,15.6,3.26,635,0.016,0.1123,0.199,-0.5526,0.304,-0.2801,0.1802,0.217,0.367,17
watch18,W,any,struct,97,0.505,1.4302,0.3377,4.27,0.0158,120.6,2.22,635,0.1264,0.2026,0.69,-0.5612,0.55,-0.3305,0.4228,0.67,0.153,17
watch18,W,any,target,312,0.699,0.0758,0.0475,3.61,0.088,19.1,5.58,635,0.0572,0.1526,0.443,-0.4984,0.454,-0.3305,0.1927,0.344,0.491,17
watch18,W,any,momo,384,0.641,0.0879,0.0442,3.45,0.0431,15.8,3.51,635,0.054,0.147,0.431,-0.4902,0.419,-0.3095,0.4223,0.364,0.605,17
watch18,W,any+kd,struct,67,0.552,1.7991,0.3484,3.33,0.0985,130.6,1.86,635,0.0921,0.166,0.614,-0.5841,0.435,-0.3305,0.421,0.481,0.106,17
watch18,W,any+kd,target,160,0.738,0.072,0.0386,1.91,0.0945,21.5,3.44,635,0.0229,0.1087,0.264,-0.5723,0.32,-0.3305,0.1927,0.189,0.252,17
watch18,W,any+kd,momo,182,0.659,0.1086,0.0503,2.54,0.0537,15.5,2.19,635,0.0307,0.1049,0.337,-0.3592,0.276,-0.1738,0.4241,0.162,0.287,17
watch18,D,ma,struct,455,0.396,0.2397,0.0855,5.13,-0.0188,115.3,3.03,650,0.1081,0.1936,0.627,-0.6404,0.468,-0.3277,0.3752,0.601,0.7,17
watch18,D,ma,target,1218,0.612,0.0164,0.0104,3.26,0.0282,24.6,5.37,650,0.0244,0.1291,0.254,-0.6757,0.437,-0.3277,0.1914,0.355,1.874,17
watch18,D,ma,momo,1472,0.561,0.0151,0.0106,4.37,0.0093,17.8,5.89,650,0.0244,0.1194,0.262,-0.7109,0.411,-0.1947,0.2335,0.307,2.265,17
watch18,D,fib,struct,515,0.377,0.2285,0.0803,5.13,-0.0229,105.3,3.32,650,0.1118,0.19,0.653,-0.644,0.478,-0.3277,0.3524,0.627,0.792,17
watch18,D,fib,target,1118,0.557,0.0219,0.0139,3.67,0.0406,26.9,5.84,650,0.0391,0.1352,0.354,-0.7294,0.457,-0.3277,0.1968,0.359,1.72,17
watch18,D,fib,momo,1511,0.558,0.0164,0.0109,4.16,0.0096,16.5,5.6,650,0.0349,0.1212,0.344,-0.7253,0.443,-0.1947,0.2012,0.298,2.325,17
watch18,D,confluence,struct,459,0.397,0.173,0.0799,5.4,-0.0204,111.3,4.33,650,0.0929,0.1736,0.6,-0.699,0.457,-0.3277,0.2583,0.584,0.706,17
watch18,D,confluence,target,1011,0.564,0.0228,0.0161,4.43,0.0439,27.8,6.33,650,0.0296,0.1252,0.298,-0.7505,0.428,-0.3277,0.2053,0.329,1.555,17
watch18,D,confluence,momo,1351,0.575,0.0181,0.0136,5.4,0.0121,17.0,6.67,650,0.033,0.1139,0.342,-0.7593,0.411,-0.1947,0.2466,0.269,2.078,17
watch18,D,any,struct,521,0.382,0.2256,0.0812,5.26,-0.0206,108.7,3.37,650,0.1147,0.2001,0.642,-0.6642,0.475,-0.3277,0.3793,0.653,0.802,17
watch18,D,any,target,1387,0.612,0.0168,0.0105,3.44,0.0302,24.2,5.66,650,0.0338,0.1403,0.31,-0.7147,0.465,-0.3277,0.1968,0.4,2.134,17
watch18,D,any,momo,1793,0.557,0.0154,0.0103,4.41,0.008,16.9,5.96,650,0.0392,0.135,0.352,-0.7103,0.443,-0.1947,0.2387,0.357,2.758,17
watch18,D,any+kd,struct,318,0.443,0.3179,0.1024,4.27,-0.0139,140.0,3.19,650,0.0819,0.1607,0.57,-0.5456,0.425,-0.1947,0.3387,0.511,0.489,17
watch18,D,any+kd,target,723,0.678,0.0192,0.0098,1.87,0.0394,31.1,3.86,650,0.015,0.1004,0.2,-0.5207,0.388,-0.1947,0.1128,0.264,1.112,17
watch18,D,any+kd,momo,862,0.588,0.0133,0.0087,2.64,0.011,18.3,3.97,650,-0.0018,0.085,0.022,-0.7338,0.345,-0.1947,0.1188,0.186,1.326,17
watch18,H,ma,struct,1582,0.329,0.0159,0.0105,4.33,-0.0089,98.8,5.06,130,0.1546,0.1562,1.001,-0.2659,0.592,-0.0966,0.1888,0.517,12.169,16
watch18,H,ma,target,3754,0.584,0.0039,0.0029,4.02,0.0086,25.9,5.39,130,0.0837,0.1155,0.755,-0.2768,0.585,-0.0873,0.1661,0.323,28.877,16
watch18,H,ma,momo,4560,0.543,0.0034,0.0027,4.96,0.0019,18.0,6.09,130,0.0829,0.0987,0.857,-0.19,0.569,-0.0815,0.1259,0.274,35.077,16
watch18,H,fib,struct,1718,0.311,0.0144,0.0093,4.13,-0.0113,92.1,4.94,130,0.1518,0.1636,0.947,-0.2592,0.6,-0.0945,0.2379,0.523,13.215,16
watch18,H,fib,target,3456,0.513,0.0036,0.0025,3.2,0.0071,26.9,4.55,130,0.0701,0.1095,0.673,-0.2534,0.592,-0.0689,0.196,0.313,26.585,16
watch18,H,fib,momo,4565,0.517,0.0027,0.002,3.56,0.0008,16.6,4.74,130,0.0575,0.0912,0.659,-0.212,0.592,-0.0691,0.1436,0.258,35.115,16
watch18,H,confluence,struct,1650,0.323,0.0155,0.0103,4.45,-0.0098,94.6,5.14,130,0.1569,0.1568,1.01,-0.244,0.592,-0.0976,0.2149,0.518,12.692,16
watch18,H,confluence,target,3397,0.527,0.0043,0.0033,4.22,0.0089,27.7,5.49,130,0.0854,0.1106,0.796,-0.2443,0.592,-0.0884,0.1847,0.315,26.131,16
watch18,H,confluence,momo,4499,0.528,0.0032,0.0025,4.5,0.0014,17.4,5.63,130,0.0754,0.0944,0.818,-0.1883,0.585,-0.0803,0.1387,0.267,34.608,16
watch18,H,any,struct,1775,0.319,0.0156,0.0102,4.48,-0.0101,95.7,5.29,130,0.17,0.1697,1.013,-0.2743,0.615,-0.1037,0.216,0.563,13.654,16
watch18,H,any,target,4265,0.589,0.0036,0.0025,3.69,0.0093,25.7,5.18,130,0.0854,0.1243,0.721,-0.2873,0.562,-0.0903,0.2091,0.364,32.808,16
watch18,H,any,momo,5572,0.54,0.003,0.0023,4.65,0.0018,17.3,5.95,130,0.0851,0.108,0.811,-0.1986,0.538,-0.0922,0.1545,0.324,42.862,16
watch18,H,any+kd,struct,1036,0.363,0.0151,0.0089,2.8,-0.0108,118.2,3.66,130,0.0969,0.1318,0.767,-0.2863,0.538,-0.0683,0.2341,0.403,7.969,16
watch18,H,any+kd,target,2022,0.614,0.0028,0.0015,1.38,0.0113,32.8,2.52,130,0.0327,0.0825,0.431,-0.282,0.523,-0.0621,0.1388,0.215,15.554,16
watch18,H,any+kd,momo,2387,0.546,0.003,0.0023,2.9,0.0024,19.3,3.79,130,0.0392,0.0579,0.693,-0.1565,0.562,-0.0417,0.0842,0.149,18.362,16
