ticker,fy_end,years,financial,price,price_date,mcap_bn,net_income_bn,da_bn,capex_bn,sbc_bn,maint_dep_bn,maint_greenwald_bn,maint_full_bn,useful_life_yrs,owner_earnings_bn,owner_earnings_stress_bn,fcf_bn,fcf_ex_sbc_bn,oe_yield,oe_yield_stress,yield_minus_treasury,implied_growth_10y,implied_growth_10y_stress,oe_ps_cagr_hist,rev_cagr_hist,conservative_growth_used,price_to_iv,price_to_iv_stress,passes_70pct,pb,pe,earnings_yield,ni_ps_cagr_10y
MA,2025-12-31,19,False,548.2750244140625,2026-10-01,496.7372,14.968,1.143,0.489,0.597,0.383,0.1259,0.4903,10.3182,15.728,15.6207,17.159,16.562,0.0317,0.0314,-0.0207,0.0722,0.0731,0.1728,0.1299,0.065,1.06,1.0673,False,,,,
AXP,2025-12-31,19,True,302.7799987792969,2026-10-02,210.7349,,,,,,,,,,,,,,,,0.0118,,,,,,,,6.2955,19.453,0.0514,0.117
BRK-B,2025-12-31,19,True,499.2593078613281,2026-10-01,,,,,,,,,,,,,,,,,,,,,,,,,,,,
META,2025-12-31,16,False,725.9149780273438,2026-10-01,1868.5052,60.458,18.616,69.691,20.427,18.001,46.67,27.205,8.5913,32.404,32.404,46.109,25.682,0.0173,0.0173,-0.0351,0.1482,0.1482,0.2331,0.2734,0.08,1.7159,1.7159,False,,,,
SHOP,2025-12-31,13,False,151.38999938964844,2026-10-02,197.5569,1.231,0.031,0.026,0.449,0.018,0.0,0.0361,6.3129,1.244,1.2259,2.007,1.558,0.0063,0.0062,-0.0461,0.2816,0.2836,,,0.0,8.9744,9.1071,False,,,,
COIN,2025-12-31,7,True,183.0,2026-10-02,52.5592,,,,,,,,,,,,,,,,0.1071,,,,,,,,3.553,41.7029,0.024,
NET,2025-12-31,9,False,349.07000732421875,2026-10-02,121.6233,-0.1023,0.1897,0.3156,0.4515,0.1747,0.1771,0.1806,5.5272,-0.0896,-0.0931,0.2875,-0.164,-0.0007,-0.0008,-0.0531,,,,0.415,0.08,,,False,,,,
TSLA,2025-12-31,17,False,357.2099914550781,2026-10-01,1260.2368,3.794,5.03,8.527,2.825,5.03,8.527,4.4921,13.5385,0.297,0.297,6.22,3.395,0.0002,0.0002,-0.0522,0.7987,0.7987,,0.3709,0.08,126.2677,126.2677,False,,,,
ABNB,2025-12-31,7,False,162.42999267578125,2026-10-02,101.1939,2.511,0.017,,1.592,0.017,,0.0171,18.1176,2.511,2.5109,,,0.0248,0.0248,-0.0276,0.1028,0.1028,,0.1686,0.08,1.1992,1.1993,False,,,,
MAR,2025-12-31,19,False,358.9599914550781,2026-10-02,98.2115,2.601,0.145,0.604,0.236,0.0,0.5024,0.1205,24.0805,2.2436,2.2436,2.608,2.372,0.0228,0.0228,-0.0296,0.1132,0.1132,0.1135,0.061,0.0305,1.9369,1.9369,False,,,,
HLT,2025-12-31,14,False,319.3599853515625,2026-10-02,76.0077,1.457,0.177,0.101,0.17,0.177,0.0596,0.1877,6.2329,1.457,1.4463,2.028,1.858,0.0192,0.019,-0.0332,0.1355,0.1364,0.0157,0.0537,0.0269,2.3765,2.3941,False,,,,
H,2025-12-31,17,False,158.89999389648438,2026-10-02,15.1756,-0.052,0.325,0.22,0.074,0.18,0.0,0.1667,19.5698,0.093,0.093,0.159,0.085,0.0061,0.0061,-0.0463,0.2853,0.2853,-0.01,0.0508,0.0254,7.523,7.523,False,,,,
V,2025-09-30,19,False,358.2449951171875,2026-10-01,,20.058,1.22,1.482,0.897,1.142,1.0264,0.9695,10.4236,20.136,20.136,21.577,20.68,,,,,,,0.1116,0.0558,,,False,,,,
GOOGL,2025-12-31,13,False,340.3299865722656,2026-10-01,4162.2357,132.17,21.136,91.447,24.953,21.136,68.5538,24.734,13.9517,84.7522,84.7522,73.266,48.313,0.0204,0.0204,-0.032,0.1278,0.1278,,0.1831,0.08,1.4614,1.4614,False,,,,
AMZN,2025-12-31,19,False,246.5800018310547,2026-10-01,2669.7217,77.67,65.756,131.819,19.467,64.939,104.2019,81.6932,6.5379,39.2241,39.2241,7.695,-11.772,0.0147,0.0147,-0.0377,0.1695,0.1695,0.0715,0.2095,0.08,2.0254,2.0254,False,,,,
MSFT,2026-06-30,19,False,513.9600219726562,2026-10-01,3830.544,133.749,34.3,115.948,12.405,29.6,91.2662,35.4056,12.1949,76.7828,76.7828,66.987,54.582,0.02,0.02,-0.0324,0.1298,0.1298,0.1705,0.1379,0.069,1.6215,1.6215,False,,,,
AAPL,2025-09-27,19,False,328.67498779296875,2026-10-01,4931.6686,112.01,11.698,12.715,12.863,11.698,9.8033,15.1778,8.2916,112.01,108.5302,98.767,85.904,0.0227,0.022,-0.0297,0.114,0.118,-0.0232,0.0594,0.0297,1.9607,2.0236,False,,,,
