ticker,fy_end,years,financial,roic_10y_median,roic_min,roic_latest,years_roic_ge_15,years_counted,roic_incr_5y,op_margin_median,op_margin_min,op_margin_std,rev_cagr_5y,rev_cagr_10y,capex_to_dep_3y,maint_share_of_capex,net_debt_to_op_income,interest_cover,sbc_to_revenue,shares_chg_5y,pos_oe_years_10,roe_10y_median,roe_min,roe_latest,years_roe_ge_15,note
MA,2025-12-31,19.0,False,0.6562,0.5283,0.6985,10.0,10.0,0.9183,0.5323,0.3336,0.1053,0.0678,0.1299,1.2096,0.7832,0.4463,27.7897,0.0182,-0.0994,10.0,,,,,
AXP,2025-12-31,19.0,True,,,,,,,,,,,,,,,,,-0.1365,,0.3189,0.1361,0.3399,8.0,
BRK-B,2025-12-31,19.0,True,,,,,,,,,,,,,,,,,,,0.1203,-0.0465,0.098,3.0,
META,2025-12-31,16.0,False,0.3451,0.2129,0.3231,10.0,10.0,0.2495,0.4054,0.2482,0.0702,0.1851,0.2734,2.9212,0.6697,-0.2744,76.4,0.1016,-0.1087,10.0,,,,,
SHOP,2025-12-31,13.0,False,-0.1762,-1.2255,0.1599,1.0,10.0,0.1537,-0.073,-0.2008,0.1174,0.3158,,1.1756,0.6923,-3.936,,0.0389,9.5696,5.0,,,,,
COIN,2025-12-31,7.0,True,,,,,,,,,,,,,,,,,2.1489,,0.1005,-0.4435,0.1005,3.0,
NET,2025-12-31,9.0,False,-0.4811,-1.387,-1.387,0.0,8.0,,-0.1945,-0.4406,0.1288,0.3813,,1.4675,0.5612,,-23.6373,0.2082,0.1623,0.0,,,,,
TSLA,2025-12-31,17.0,False,0.0684,-0.0782,0.0561,3.0,10.0,0.043,0.0546,-0.1388,0.0954,0.2463,0.3709,2.3735,1.0,-8.2448,12.8846,0.0298,0.0859,6.0,,,,,
SPCX,,,,,,,,,,,,,,,,,,,,,,,,,,没有可用的 us-gaap 年度数据（可能按 IFRS 申报）
ABNB,2025-12-31,7.0,False,4.9738,4.9738,,1.0,1.0,8.4491,0.1531,-1.0628,0.4653,0.2937,,,,-3.5436,,0.1301,1.1937,4.0,,,,,
MAR,2025-12-31,19.0,False,0.1093,0.0037,0.1821,4.0,10.0,4.5014,0.1244,0.0079,0.0482,0.1989,0.061,,0.8318,-0.0809,5.1187,0.009,-0.1602,9.0,,,,,
HLT,2025-12-31,14.0,False,0.109,-0.0292,0.1946,4.0,10.0,10.1557,0.1749,-0.0971,0.0966,0.2282,0.0537,0.7518,1.7525,4.2406,4.3435,0.0141,-0.1408,9.0,,,,,
H,2025-12-31,17.0,False,,,,0.0,0.0,,,,,0.2801,0.0508,0.9893,0.8182,,,0.0104,-0.0575,8.0,,,,,
V,2025-09-30,19.0,False,0.2501,0.154,0.3478,10.0,10.0,2.2575,0.6438,0.5227,0.042,0.1286,0.1116,1.2785,0.7706,0.3337,40.7368,0.0224,,10.0,,,,,
GOOGL,2025-12-31,13.0,False,0.2975,0.1483,0.3215,9.0,10.0,0.2883,0.2637,0.2012,0.0437,0.1715,0.1831,3.4858,0.7497,-0.6068,175.3247,0.0619,,5.0,,,,,
AMZN,2025-12-31,19.0,False,0.1594,0.0456,0.1524,6.0,10.0,0.1225,0.0531,0.0231,0.0309,0.1318,0.2095,1.5756,0.7905,-0.6831,35.1693,0.0272,0.0617,9.0,,,,,
MSFT,2026-06-30,19.0,False,0.357,0.1453,0.2701,9.0,10.0,0.1689,0.4168,0.3006,0.0593,0.1457,0.1379,4.0761,0.7871,-0.2354,50.8807,0.0374,-0.0204,10.0,,,,,
AAPL,2025-09-27,19.0,False,0.4665,0.1993,0.7361,10.0,10.0,3.531,0.2881,0.2415,0.0276,0.0868,0.0594,0.9546,0.92,0.2704,,0.0309,-0.144,10.0,,,,,
