,cum_pnl
2020-01-02,0.0
2020-01-03,0.0
2020-01-06,0.0
2020-01-07,0.0
2020-01-08,71.36
2020-01-09,71.36
2020-01-10,185.82
2020-01-13,343.85
2020-01-14,343.85
2020-01-15,269.41
2020-01-16,269.41
2020-01-17,269.41
2020-01-21,269.41
2020-01-22,269.41
2020-01-23,269.41
2020-01-24,269.41
2020-01-27,179.10000000000002
2020-01-28,179.10000000000002
2020-01-29,179.10000000000002
2020-01-30,179.10000000000002
2020-01-31,179.10000000000002
2020-02-03,145.35000000000002
2020-02-04,145.35000000000002
2020-02-05,145.35000000000002
2020-02-06,145.35000000000002
2020-02-07,145.35000000000002
2020-02-10,145.35000000000002
2020-02-11,145.35000000000002
2020-02-12,145.35000000000002
2020-02-13,145.35000000000002
2020-02-14,145.35000000000002
2020-02-18,145.35000000000002
2020-02-19,145.35000000000002
2020-02-20,145.35000000000002
2020-02-21,145.17000000000002
2020-02-24,145.17000000000002
2020-02-25,145.17000000000002
2020-02-26,145.17000000000002
2020-02-27,145.17000000000002
2020-02-28,145.17000000000002
2020-03-02,145.17000000000002
2020-03-03,145.17000000000002
2020-03-04,145.17000000000002
2020-03-05,145.17000000000002
2020-03-06,145.17000000000002
2020-03-09,145.17000000000002
2020-03-10,145.17000000000002
2020-03-11,145.17000000000002
2020-03-12,145.17000000000002
2020-03-13,145.17000000000002
2020-03-16,145.17000000000002
2020-03-17,145.17000000000002
2020-03-18,145.17000000000002
2020-03-19,145.17000000000002
2020-03-20,145.17000000000002
2020-03-23,145.17000000000002
2020-03-24,145.17000000000002
2020-03-25,145.17000000000002
2020-03-26,145.17000000000002
2020-03-27,145.17000000000002
2020-03-30,150.99
2020-03-31,150.99
2020-04-01,150.99
2020-04-02,150.99
2020-04-03,150.99
2020-04-06,150.99
2020-04-07,150.99
2020-04-08,150.99
2020-04-09,150.99
2020-04-13,150.99
2020-04-14,150.99
2020-04-15,99.83000000000001
2020-04-16,99.83000000000001
2020-04-17,99.83000000000001
2020-04-20,99.83000000000001
2020-04-21,99.83000000000001
2020-04-22,99.83000000000001
2020-04-23,16.290000000000006
2020-04-24,16.290000000000006
2020-04-27,16.290000000000006
2020-04-28,16.290000000000006
2020-04-29,16.290000000000006
2020-04-30,16.290000000000006
2020-05-01,16.290000000000006
2020-05-04,16.290000000000006
2020-05-05,16.290000000000006
2020-05-06,16.290000000000006
2020-05-07,16.290000000000006
2020-05-08,16.290000000000006
2020-05-11,16.290000000000006
2020-05-12,16.290000000000006
2020-05-13,-7.809999999999995
2020-05-14,-7.809999999999995
2020-05-15,-7.809999999999995
2020-05-18,-7.809999999999995
2020-05-19,-7.809999999999995
2020-05-20,-7.809999999999995
2020-05-21,-121.94999999999999
2020-05-22,-121.94999999999999
2020-05-26,-121.94999999999999
2020-05-27,-121.94999999999999
2020-05-28,-139.56
2020-05-29,-5.0800000000000125
2020-06-01,-5.0800000000000125
2020-06-02,-74.01000000000002
2020-06-03,192.96
2020-06-04,192.96
2020-06-05,192.96
2020-06-08,192.96
2020-06-09,125.84
2020-06-10,125.84
2020-06-11,407.53
2020-06-12,407.53
2020-06-15,600.79
2020-06-16,600.79
2020-06-17,651.77
2020-06-18,651.77
2020-06-19,671.92
2020-06-22,671.92
2020-06-23,671.92
2020-06-24,671.92
2020-06-25,629.1899999999999
2020-06-26,629.1899999999999
2020-06-29,629.1899999999999
2020-06-30,767.0
2020-07-01,767.0
2020-07-02,767.0
2020-07-06,647.76
2020-07-07,647.76
2020-07-08,647.76
2020-07-09,647.76
2020-07-10,647.76
2020-07-13,880.7
2020-07-14,776.21
2020-07-15,776.21
2020-07-16,776.21
2020-07-17,776.21
2020-07-20,776.21
2020-07-21,776.21
2020-07-22,776.21
2020-07-23,776.21
2020-07-24,776.21
2020-07-27,731.59
2020-07-28,731.59
2020-07-29,731.59
2020-07-30,743.62
2020-07-31,743.62
2020-08-03,719.52
2020-08-04,669.54
2020-08-05,669.54
2020-08-06,669.54
2020-08-07,669.54
2020-08-10,724.52
2020-08-11,575.42
2020-08-12,575.42
2020-08-13,575.42
2020-08-14,614.25
2020-08-17,614.25
2020-08-18,614.25
2020-08-19,614.25
2020-08-20,614.25
2020-08-21,614.25
2020-08-24,614.25
2020-08-25,507.5
2020-08-26,507.5
2020-08-27,507.5
2020-08-28,438.96
2020-08-31,438.96
2020-09-01,438.96
2020-09-02,438.96
2020-09-03,438.96
2020-09-04,438.96
2020-09-08,438.96
2020-09-09,442.22999999999996
2020-09-10,442.22999999999996
2020-09-11,442.22999999999996
2020-09-14,442.22999999999996
2020-09-15,442.22999999999996
2020-09-16,442.22999999999996
2020-09-17,442.22999999999996
2020-09-18,442.22999999999996
2020-09-21,442.22999999999996
2020-09-22,442.22999999999996
2020-09-23,442.22999999999996
2020-09-24,442.22999999999996
2020-09-25,442.22999999999996
2020-09-28,442.22999999999996
2020-09-29,442.22999999999996
2020-09-30,442.22999999999996
2020-10-01,442.22999999999996
2020-10-02,442.22999999999996
2020-10-05,442.22999999999996
2020-10-06,451.35999999999996
2020-10-07,451.35999999999996
2020-10-08,451.35999999999996
2020-10-09,451.35999999999996
2020-10-12,451.35999999999996
2020-10-13,451.35999999999996
2020-10-14,451.35999999999996
2020-10-15,451.35999999999996
2020-10-16,451.35999999999996
2020-10-19,451.35999999999996
2020-10-20,451.35999999999996
2020-10-21,451.35999999999996
2020-10-22,451.35999999999996
2020-10-23,432.0799999999999
2020-10-26,432.0799999999999
2020-10-27,432.0799999999999
2020-10-28,432.0799999999999
2020-10-29,432.0799999999999
2020-10-30,432.0799999999999
2020-11-02,432.0799999999999
2020-11-03,432.0799999999999
2020-11-04,432.0799999999999
2020-11-05,414.56999999999994
2020-11-06,414.56999999999994
2020-11-09,414.56999999999994
2020-11-10,256.00999999999993
2020-11-11,256.00999999999993
2020-11-12,129.62999999999994
2020-11-13,133.42999999999995
2020-11-16,133.42999999999995
2020-11-17,133.42999999999995
2020-11-18,352.72999999999996
2020-11-19,352.72999999999996
2020-11-20,352.72999999999996
2020-11-23,352.72999999999996
2020-11-24,352.72999999999996
2020-11-25,259.63
2020-11-27,259.63
2020-11-30,253.56
2020-12-01,253.56
2020-12-02,253.56
2020-12-03,253.56
2020-12-04,253.56
2020-12-07,253.56
2020-12-08,253.56
2020-12-09,206.81
2020-12-10,206.81
2020-12-11,240.81
2020-12-14,240.81
2020-12-15,240.81
2020-12-16,240.81
2020-12-17,240.81
2020-12-18,176.67000000000002
2020-12-21,267.14
2020-12-22,215.32999999999998
2020-12-23,215.32999999999998
2020-12-24,152.45
2020-12-28,104.66
2020-12-29,266.39
2020-12-30,266.39
2020-12-31,266.39
2021-01-04,266.39
2021-01-05,266.39
2021-01-06,382.68
2021-01-07,382.68
2021-01-08,382.68
2021-01-11,382.68
2021-01-12,683.1800000000001
2021-01-13,683.1800000000001
2021-01-14,683.1800000000001
2021-01-15,683.1800000000001
2021-01-19,683.1800000000001
2021-01-20,683.1800000000001
2021-01-21,683.1800000000001
2021-01-22,683.1800000000001
2021-01-25,683.1800000000001
2021-01-26,665.2900000000001
2021-01-27,665.2900000000001
2021-01-28,665.2900000000001
2021-01-29,665.2900000000001
2021-02-01,665.2900000000001
2021-02-02,665.2900000000001
2021-02-03,796.2900000000001
2021-02-04,796.2900000000001
2021-02-05,796.2900000000001
2021-02-08,756.5400000000001
2021-02-09,756.5400000000001
2021-02-10,756.5400000000001
2021-02-11,1120.0300000000002
2021-02-12,1120.0300000000002
2021-02-16,1080.7800000000002
2021-02-17,1080.7800000000002
2021-02-18,1080.7800000000002
2021-02-19,1119.8700000000001
2021-02-22,1119.8700000000001
2021-02-23,1119.8700000000001
2021-02-24,1119.8700000000001
2021-02-25,1119.8700000000001
2021-02-26,1119.8700000000001
2021-03-01,1119.8700000000001
2021-03-02,1278.7600000000002
2021-03-03,1235.0700000000002
2021-03-04,1235.0700000000002
2021-03-05,1235.0700000000002
2021-03-08,1235.0700000000002
2021-03-09,1235.0700000000002
2021-03-10,1127.8700000000001
2021-03-11,1138.5000000000002
2021-03-12,1138.5000000000002
2021-03-15,1118.7900000000002
2021-03-16,1118.7900000000002
2021-03-17,918.6400000000002
2021-03-18,918.6400000000002
2021-03-19,918.6400000000002
2021-03-22,918.6400000000002
2021-03-23,918.6400000000002
2021-03-24,918.6400000000002
2021-03-25,918.6400000000002
2021-03-26,918.6400000000002
2021-03-29,918.6400000000002
2021-03-30,918.6400000000002
2021-03-31,918.6400000000002
2021-04-01,918.6400000000002
2021-04-05,918.6400000000002
2021-04-06,812.1500000000002
2021-04-07,812.1500000000002
2021-04-08,812.1500000000002
2021-04-09,812.1500000000002
2021-04-12,812.1500000000002
2021-04-13,812.1500000000002
2021-04-14,812.1500000000002
2021-04-15,812.1500000000002
2021-04-16,812.1500000000002
2021-04-19,812.1500000000002
2021-04-20,812.1500000000002
2021-04-21,812.1500000000002
2021-04-22,812.1500000000002
2021-04-23,812.1500000000002
2021-04-26,812.1500000000002
2021-04-27,812.1500000000002
2021-04-28,812.1500000000002
2021-04-29,812.1500000000002
2021-04-30,812.1500000000002
2021-05-03,812.1500000000002
2021-05-04,812.1500000000002
2021-05-05,812.1500000000002
2021-05-06,812.1500000000002
2021-05-07,812.1500000000002
2021-05-10,812.1500000000002
2021-05-11,812.1500000000002
2021-05-12,812.1500000000002
2021-05-13,812.1500000000002
2021-05-14,812.1500000000002
2021-05-17,812.1500000000002
2021-05-18,812.1500000000002
2021-05-19,812.1500000000002
2021-05-20,812.1500000000002
2021-05-21,812.1500000000002
2021-05-24,722.3000000000002
2021-05-25,655.1000000000001
2021-05-26,655.1000000000001
2021-05-27,655.1000000000001
2021-05-28,655.1000000000001
2021-06-01,803.6100000000001
2021-06-02,803.6100000000001
2021-06-03,803.6100000000001
2021-06-04,803.6100000000001
2021-06-07,803.6100000000001
2021-06-08,803.6100000000001
2021-06-09,780.2300000000001
2021-06-10,718.5900000000001
2021-06-11,610.3700000000001
2021-06-14,610.3700000000001
2021-06-15,608.2500000000001
2021-06-16,608.2500000000001
2021-06-17,608.2500000000001
2021-06-18,608.2500000000001
2021-06-21,608.2500000000001
2021-06-22,564.4200000000001
2021-06-23,564.4200000000001
2021-06-24,564.4200000000001
2021-06-25,564.4200000000001
2021-06-28,564.4200000000001
2021-06-29,520.73
2021-06-30,520.73
2021-07-01,520.73
2021-07-02,520.73
2021-07-06,467.89
2021-07-07,467.89
2021-07-08,467.89
2021-07-09,467.89
2021-07-12,356.34999999999997
2021-07-13,356.34999999999997
2021-07-14,310.65
2021-07-15,250.35999999999999
2021-07-16,250.35999999999999
2021-07-19,136.81
2021-07-20,136.81
2021-07-21,136.81
2021-07-22,115.27000000000001
2021-07-23,8.350000000000009
2021-07-26,8.350000000000009
2021-07-27,8.350000000000009
2021-07-28,8.350000000000009
2021-07-29,-36.57999999999999
2021-07-30,-36.57999999999999
2021-08-02,-36.57999999999999
2021-08-03,61.14000000000001
2021-08-04,-77.38
2021-08-05,-77.38
2021-08-06,-77.38
2021-08-09,-77.38
2021-08-10,-77.38
2021-08-11,-77.38
2021-08-12,-77.38
2021-08-13,-77.38
2021-08-16,-77.38
2021-08-17,-77.38
2021-08-18,-77.38
2021-08-19,-75.03
2021-08-20,-75.03
2021-08-23,-75.03
2021-08-24,-75.03
2021-08-25,-75.03
2021-08-26,-75.03
2021-08-27,-158.78
2021-08-30,-158.78
2021-08-31,-158.78
2021-09-01,-158.78
2021-09-02,-158.78
2021-09-03,-158.78
2021-09-07,-158.78
2021-09-08,-158.78
2021-09-09,-158.78
2021-09-10,-158.78
2021-09-13,-158.78
2021-09-14,-158.78
2021-09-15,-158.78
2021-09-16,-158.78
2021-09-17,-158.78
2021-09-20,-69.58
2021-09-21,-69.58
2021-09-22,-50.42
2021-09-23,227.81
2021-09-24,227.81
2021-09-27,227.81
2021-09-28,227.81
2021-09-29,227.81
2021-09-30,235.78
2021-10-01,124.98
2021-10-04,124.98
2021-10-05,124.98
2021-10-06,124.98
2021-10-07,124.98
2021-10-08,124.98
2021-10-11,124.98
2021-10-12,124.98
2021-10-13,353.76
2021-10-14,353.76
2021-10-15,273.95
2021-10-18,273.95
2021-10-19,273.95
2021-10-20,273.95
2021-10-21,273.95
2021-10-22,273.95
2021-10-25,149.45999999999998
2021-10-26,306.21999999999997
2021-10-27,306.21999999999997
2021-10-28,306.21999999999997
2021-10-29,306.21999999999997
2021-11-01,306.21999999999997
2021-11-02,265.64
2021-11-03,265.64
2021-11-04,265.64
2021-11-05,265.64
2021-11-08,224.77999999999997
2021-11-09,224.77999999999997
2021-11-10,224.77999999999997
2021-11-11,224.77999999999997
2021-11-12,224.77999999999997
2021-11-15,519.0899999999999
2021-11-16,519.0899999999999
2021-11-17,519.0899999999999
2021-11-18,442.0899999999999
2021-11-19,442.0899999999999
2021-11-22,547.3199999999999
2021-11-23,422.7799999999999
2021-11-24,422.7799999999999
2021-11-26,422.7799999999999
2021-11-29,422.7799999999999
2021-11-30,422.7799999999999
2021-12-01,422.7799999999999
2021-12-02,422.7799999999999
2021-12-03,422.7799999999999
2021-12-06,422.7799999999999
2021-12-07,360.5399999999999
2021-12-08,277.7399999999999
2021-12-09,507.7899999999999
2021-12-10,507.7899999999999
2021-12-13,507.7899999999999
2021-12-14,507.7899999999999
2021-12-15,507.7899999999999
2021-12-16,507.7899999999999
2021-12-17,507.7899999999999
2021-12-20,507.7899999999999
2021-12-21,507.7899999999999
2021-12-22,507.7899999999999
2021-12-23,507.7899999999999
2021-12-27,588.4699999999999
2021-12-28,588.4699999999999
2021-12-29,588.4699999999999
2021-12-30,588.4699999999999
2021-12-31,588.4699999999999
2022-01-03,588.4699999999999
2022-01-04,588.4699999999999
2022-01-05,721.28
2022-01-06,721.28
2022-01-07,721.28
2022-01-10,721.28
2022-01-11,721.28
2022-01-12,721.28
2022-01-13,721.28
2022-01-14,721.28
2022-01-18,721.28
2022-01-19,721.28
2022-01-20,721.28
2022-01-21,721.28
2022-01-24,721.28
2022-01-25,721.28
2022-01-26,721.28
2022-01-27,721.28
2022-01-28,721.28
2022-01-31,721.28
2022-02-01,721.28
2022-02-02,697.0
2022-02-03,744.12
2022-02-04,744.12
2022-02-07,744.12
2022-02-08,744.12
2022-02-09,744.12
2022-02-10,744.12
2022-02-11,744.12
2022-02-14,744.12
2022-02-15,744.12
2022-02-16,744.12
2022-02-17,744.12
2022-02-18,744.12
2022-02-22,744.12
2022-02-23,744.12
2022-02-24,744.12
2022-02-25,744.12
2022-02-28,744.12
2022-03-01,744.12
2022-03-02,744.12
2022-03-03,744.12
2022-03-04,744.12
2022-03-07,687.12
2022-03-08,687.12
2022-03-09,687.12
2022-03-10,687.12
2022-03-11,687.12
2022-03-14,687.12
2022-03-15,687.12
2022-03-16,687.12
2022-03-17,687.12
2022-03-18,687.12
2022-03-21,687.12
2022-03-22,571.46
2022-03-23,571.46
2022-03-24,571.46
2022-03-25,571.46
2022-03-28,571.46
2022-03-29,571.46
2022-03-30,571.46
2022-03-31,571.46
2022-04-01,504.46000000000004
2022-04-04,504.46000000000004
2022-04-05,504.46000000000004
2022-04-06,504.46000000000004
2022-04-07,504.46000000000004
2022-04-08,504.46000000000004
2022-04-11,504.46000000000004
2022-04-12,533.88
2022-04-13,533.88
2022-04-14,533.88
2022-04-18,533.88
2022-04-19,533.88
2022-04-20,533.88
2022-04-21,533.88
2022-04-22,395.36
2022-04-25,395.36
2022-04-26,395.36
2022-04-27,395.36
2022-04-28,395.36
2022-04-29,395.36
2022-05-02,395.36
2022-05-03,340.99
2022-05-04,325.54
2022-05-05,325.54
2022-05-06,655.9100000000001
2022-05-09,655.9100000000001
2022-05-10,655.9100000000001
2022-05-11,655.9100000000001
2022-05-12,655.9100000000001
2022-05-13,655.9100000000001
2022-05-16,517.3900000000001
2022-05-17,430.3900000000001
2022-05-18,430.3900000000001
2022-05-19,430.3900000000001
2022-05-20,600.7800000000001
2022-05-23,600.7800000000001
2022-05-24,600.7800000000001
2022-05-25,600.7800000000001
2022-05-26,600.7800000000001
2022-05-27,600.7800000000001
2022-05-31,561.9800000000001
2022-06-01,442.7400000000001
2022-06-02,442.7400000000001
2022-06-03,442.7400000000001
2022-06-06,442.7400000000001
2022-06-07,487.0200000000001
2022-06-08,487.0200000000001
2022-06-09,487.0200000000001
2022-06-10,487.0200000000001
2022-06-13,487.0200000000001
2022-06-14,487.0200000000001
2022-06-15,487.0200000000001
2022-06-16,487.0200000000001
2022-06-17,487.0200000000001
2022-06-21,487.0200000000001
2022-06-22,563.96
2022-06-23,563.96
2022-06-24,563.96
2022-06-27,544.6800000000001
2022-06-28,544.6800000000001
2022-06-29,544.6800000000001
2022-06-30,544.6800000000001
2022-07-01,544.6800000000001
2022-07-05,544.6800000000001
2022-07-06,570.6800000000001
2022-07-07,506.9700000000001
2022-07-08,506.9700000000001
2022-07-11,506.9700000000001
2022-07-12,506.9700000000001
2022-07-13,506.9700000000001
2022-07-14,506.9700000000001
2022-07-15,506.9700000000001
2022-07-18,506.9700000000001
2022-07-19,506.9700000000001
2022-07-20,386.24000000000007
2022-07-21,386.24000000000007
2022-07-22,599.99
2022-07-25,599.99
2022-07-26,525.4
2022-07-27,525.4
2022-07-28,525.4
2022-07-29,525.4
2022-08-01,525.4
2022-08-02,553.17
2022-08-03,553.17
2022-08-04,553.17
2022-08-05,553.17
2022-08-08,553.17
2022-08-09,553.17
2022-08-10,445.4
2022-08-11,445.4
2022-08-12,408.21999999999997
2022-08-15,408.21999999999997
2022-08-16,408.21999999999997
2022-08-17,408.21999999999997
2022-08-18,408.21999999999997
2022-08-19,408.21999999999997
2022-08-22,364.39
2022-08-23,364.39
2022-08-24,364.39
2022-08-25,364.39
2022-08-26,364.39
2022-08-29,364.39
2022-08-30,364.39
2022-08-31,364.39
2022-09-01,364.39
2022-09-02,364.39
2022-09-06,364.39
2022-09-07,364.39
2022-09-08,364.39
2022-09-09,364.39
2022-09-12,318.08
2022-09-13,318.08
2022-09-14,318.08
2022-09-15,241.07999999999998
2022-09-16,241.07999999999998
2022-09-19,241.07999999999998
2022-09-20,241.07999999999998
2022-09-21,241.07999999999998
2022-09-22,241.07999999999998
2022-09-23,241.07999999999998
2022-09-26,179.44
2022-09-27,179.44
2022-09-28,179.44
2022-09-29,179.44
2022-09-30,51.16
2022-10-03,51.16
2022-10-04,51.16
2022-10-05,-58.77000000000001
2022-10-06,-58.77000000000001
2022-10-07,-169.84
2022-10-10,-169.84
2022-10-11,-169.84
2022-10-12,-169.84
2022-10-13,-169.84
2022-10-14,-169.84
2022-10-17,-169.84
2022-10-18,-169.84
2022-10-19,-169.84
2022-10-20,-169.84
2022-10-21,-169.84
2022-10-24,-169.84
2022-10-25,-169.84
2022-10-26,-169.84
2022-10-27,-169.84
2022-10-28,-169.84
2022-10-31,-169.84
2022-11-01,-169.84
2022-11-02,-169.84
2022-11-03,-169.84
2022-11-04,-169.84
2022-11-07,-169.84
2022-11-08,-169.84
2022-11-09,-169.84
2022-11-10,-169.84
2022-11-11,-169.84
2022-11-14,-169.84
2022-11-15,-169.84
2022-11-16,-284.72
2022-11-17,-284.72
2022-11-18,-284.72
2022-11-21,-284.72
2022-11-22,-284.72
2022-11-23,-284.72
2022-11-25,-284.72
2022-11-28,-284.72
2022-11-29,-284.72
2022-11-30,-284.72
2022-12-01,-284.72
2022-12-02,-284.72
2022-12-05,-284.72
2022-12-06,-284.72
2022-12-07,-284.72
2022-12-08,-284.72
2022-12-09,-284.72
2022-12-12,-284.72
2022-12-13,-218.36
2022-12-14,-352.11
2022-12-15,-352.11
2022-12-16,-386.46000000000004
2022-12-19,-386.46000000000004
2022-12-20,-386.46000000000004
2022-12-21,-386.46000000000004
2022-12-22,-386.46000000000004
2022-12-23,-386.46000000000004
2022-12-27,-386.46000000000004
2022-12-28,-386.46000000000004
2022-12-29,-473.21000000000004
2022-12-30,-579.23
2023-01-03,-579.23
2023-01-04,-579.23
2023-01-05,-579.23
2023-01-06,-579.23
2023-01-09,-579.23
2023-01-10,-633.23
2023-01-11,-633.23
2023-01-12,-648.58
2023-01-13,-648.58
2023-01-17,-648.58
2023-01-18,-648.58
2023-01-19,-648.58
2023-01-20,-648.58
2023-01-23,-648.58
2023-01-24,-648.58
2023-01-25,-648.58
2023-01-26,-648.58
2023-01-27,-648.58
2023-01-30,-648.58
2023-01-31,-688.77
2023-02-01,-803.65
2023-02-02,-803.65
2023-02-03,-803.65
2023-02-06,-803.65
2023-02-07,-803.65
2023-02-08,-803.65
2023-02-09,-803.65
2023-02-10,-928.18
2023-02-13,-928.18
2023-02-14,-928.18
2023-02-15,-928.18
2023-02-16,-928.18
2023-02-17,-928.18
2023-02-21,-928.18
2023-02-22,-924.3
2023-02-23,-924.3
2023-02-24,-1037.11
2023-02-27,-1037.11
2023-02-28,-914.55
2023-03-01,-914.55
2023-03-02,-914.55
2023-03-03,-914.55
2023-03-06,-914.55
2023-03-07,-914.55
2023-03-08,-1029.4299999999998
2023-03-09,-1029.4299999999998
2023-03-10,-1029.4299999999998
2023-03-13,-1029.4299999999998
2023-03-14,-1029.4299999999998
2023-03-15,-1029.4299999999998
2023-03-16,-1029.4299999999998
2023-03-17,-1029.4299999999998
2023-03-20,-1029.4299999999998
2023-03-21,-1029.4299999999998
2023-03-22,-1029.4299999999998
2023-03-23,-1096.2399999999998
2023-03-24,-1048.4699999999998
2023-03-27,-1048.4699999999998
2023-03-28,-1186.9899999999998
2023-03-29,-1186.9899999999998
2023-03-30,-1186.9899999999998
2023-03-31,-1186.9899999999998
2023-04-03,-1320.7399999999998
2023-04-04,-1432.8799999999999
2023-04-05,-1432.8799999999999
2023-04-06,-1432.8799999999999
2023-04-10,-1432.8799999999999
2023-04-11,-1485.9999999999998
2023-04-12,-1485.9999999999998
2023-04-13,-1364.4699999999998
2023-04-14,-1364.4699999999998
2023-04-17,-1364.4699999999998
2023-04-18,-1364.4699999999998
2023-04-19,-1364.4699999999998
2023-04-20,-1364.4699999999998
2023-04-21,-1471.4699999999998
2023-04-24,-1471.4699999999998
2023-04-25,-1471.4699999999998
2023-04-26,-1471.4699999999998
2023-04-27,-1471.4699999999998
2023-04-28,-1471.4699999999998
2023-05-01,-1326.2499999999998
2023-05-02,-1326.2499999999998
2023-05-03,-1326.2499999999998
2023-05-04,-1307.0499999999997
2023-05-05,-1307.0499999999997
2023-05-08,-1307.0499999999997
2023-05-09,-1307.0499999999997
2023-05-10,-1307.0499999999997
2023-05-11,-1307.0499999999997
2023-05-12,-1307.0499999999997
2023-05-15,-1307.0499999999997
2023-05-16,-1307.0499999999997
2023-05-17,-1307.0499999999997
2023-05-18,-1286.9199999999996
2023-05-19,-1286.9199999999996
2023-05-22,-1286.9199999999996
2023-05-23,-1286.9199999999996
2023-05-24,-1401.0599999999997
2023-05-25,-1401.0599999999997
2023-05-26,-1401.0599999999997
2023-05-30,-1401.0599999999997
2023-05-31,-1401.0599999999997
2023-06-01,-1401.0599999999997
2023-06-02,-1464.2499999999998
2023-06-05,-1475.4899999999998
2023-06-06,-1552.4899999999998
2023-06-07,-1552.4899999999998
2023-06-08,-1552.4899999999998
2023-06-09,-1552.4899999999998
2023-06-12,-1552.4899999999998
2023-06-13,-1607.7599999999998
2023-06-14,-1607.7599999999998
2023-06-15,-1607.7599999999998
2023-06-16,-1607.7599999999998
2023-06-20,-1607.7599999999998
2023-06-21,-1607.7599999999998
2023-06-22,-1628.3899999999999
2023-06-23,-1628.3899999999999
2023-06-26,-1628.3899999999999
2023-06-27,-1628.3899999999999
2023-06-28,-1695.81
2023-06-29,-1454.1299999999999
2023-06-30,-1454.1299999999999
2023-07-03,-1454.1299999999999
2023-07-05,-1454.1299999999999
2023-07-06,-1454.1299999999999
2023-07-07,-1454.1299999999999
2023-07-10,-1454.1299999999999
2023-07-11,-1364.2299999999998
2023-07-12,-1364.2299999999998
2023-07-13,-1364.2299999999998
2023-07-14,-1364.2299999999998
2023-07-17,-1364.2299999999998
2023-07-18,-1385.4799999999998
2023-07-19,-1385.4799999999998
2023-07-20,-1385.4799999999998
2023-07-21,-1401.5699999999997
2023-07-24,-1480.9499999999998
2023-07-25,-1614.6999999999998
2023-07-26,-1614.6999999999998
2023-07-27,-1725.6499999999999
2023-07-28,-1730.9099999999999
2023-07-31,-1730.9099999999999
2023-08-01,-1730.9099999999999
2023-08-02,-1730.9099999999999
2023-08-03,-1828.7299999999998
2023-08-04,-1828.7299999999998
2023-08-07,-1828.7299999999998
2023-08-08,-1882.1299999999999
2023-08-09,-1882.1299999999999
2023-08-10,-2006.6599999999999
2023-08-11,-2006.6599999999999
2023-08-14,-2006.6599999999999
2023-08-15,-2006.6599999999999
2023-08-16,-2006.6599999999999
2023-08-17,-2006.6599999999999
2023-08-18,-2006.6599999999999
2023-08-21,-2006.6599999999999
2023-08-22,-2006.6599999999999
2023-08-23,-2006.6599999999999
2023-08-24,-2006.6599999999999
2023-08-25,-2006.6599999999999
2023-08-28,-2006.6599999999999
2023-08-29,-2006.6599999999999
2023-08-30,-2006.6599999999999
2023-08-31,-2006.6599999999999
2023-09-01,-2006.6599999999999
2023-09-05,-2088.94
2023-09-06,-2088.94
2023-09-07,-1914.8600000000001
2023-09-08,-1914.8600000000001
2023-09-11,-1914.8600000000001
2023-09-12,-1914.8600000000001
2023-09-13,-1914.8600000000001
2023-09-14,-1914.8600000000001
2023-09-15,-1914.8600000000001
2023-09-18,-1914.8600000000001
2023-09-19,-1914.8600000000001
2023-09-20,-1914.8600000000001
2023-09-21,-1914.8600000000001
2023-09-22,-1914.8600000000001
2023-09-25,-1914.8600000000001
2023-09-26,-1914.8600000000001
2023-09-27,-1914.8600000000001
2023-09-28,-1914.8600000000001
2023-09-29,-1914.8600000000001
2023-10-02,-1914.8600000000001
2023-10-03,-1983.65
2023-10-04,-1983.65
2023-10-05,-1983.65
2023-10-06,-1983.65
2023-10-09,-1983.65
2023-10-10,-1823.49
2023-10-11,-1823.49
2023-10-12,-1823.49
2023-10-13,-1804.8
2023-10-16,-1804.8
2023-10-17,-1804.8
2023-10-18,-1804.8
2023-10-19,-1804.8
2023-10-20,-1804.8
2023-10-23,-1804.8
2023-10-24,-1804.8
2023-10-25,-1804.8
2023-10-26,-1897.8999999999999
2023-10-27,-1897.8999999999999
2023-10-30,-1897.8999999999999
2023-10-31,-1897.8999999999999
2023-11-01,-1897.8999999999999
2023-11-02,-1897.8999999999999
2023-11-03,-1897.8999999999999
2023-11-06,-1897.8999999999999
2023-11-07,-1897.8999999999999
2023-11-08,-1897.8999999999999
2023-11-09,-1897.8999999999999
2023-11-10,-1897.8999999999999
2023-11-13,-1897.8999999999999
2023-11-14,-1897.8999999999999
2023-11-15,-1897.8999999999999
2023-11-16,-1897.8999999999999
2023-11-17,-1897.8999999999999
2023-11-20,-1897.8999999999999
2023-11-21,-1897.8999999999999
2023-11-22,-1897.8999999999999
2023-11-24,-1897.8999999999999
2023-11-27,-1897.8999999999999
2023-11-28,-1897.8999999999999
2023-11-29,-1869.1399999999999
2023-11-30,-1869.1399999999999
2023-12-01,-1869.1399999999999
2023-12-04,-1869.1399999999999
2023-12-05,-1869.1399999999999
2023-12-06,-1869.1399999999999
2023-12-07,-1869.1399999999999
2023-12-08,-1869.1399999999999
2023-12-11,-1869.1399999999999
2023-12-12,-1869.1399999999999
2023-12-13,-1869.1399999999999
2023-12-14,-1869.1399999999999
2023-12-15,-1869.1399999999999
2023-12-18,-1869.1399999999999
2023-12-19,-1869.1399999999999
2023-12-20,-1869.1399999999999
2023-12-21,-1869.1399999999999
2023-12-22,-1869.1399999999999
2023-12-26,-1869.1399999999999
2023-12-27,-1869.1399999999999
2023-12-28,-1869.1399999999999
2023-12-29,-1801.57
2024-01-02,-1801.57
2024-01-03,-1801.57
2024-01-04,-1801.57
2024-01-05,-1801.57
2024-01-08,-1801.57
2024-01-09,-1801.57
2024-01-10,-1801.57
2024-01-11,-1801.57
2024-01-12,-1801.57
2024-01-16,-1801.57
2024-01-17,-1801.57
2024-01-18,-1935.32
2024-01-19,-1935.32
2024-01-22,-1935.32
2024-01-23,-1935.32
2024-01-24,-1935.32
2024-01-25,-1935.32
2024-01-26,-1804.35
2024-01-29,-1804.35
2024-01-30,-1804.35
2024-01-31,-1804.35
2024-02-01,-1804.35
2024-02-02,-1804.35
2024-02-05,-1804.35
2024-02-06,-1908.9499999999998
2024-02-07,-1908.9499999999998
2024-02-08,-1908.9499999999998
2024-02-09,-1908.9499999999998
2024-02-12,-2020.0199999999998
2024-02-13,-2020.0199999999998
2024-02-14,-1727.0499999999997
2024-02-15,-1727.0499999999997
2024-02-16,-1727.0499999999997
2024-02-20,-1727.0499999999997
2024-02-21,-1727.0499999999997
2024-02-22,-1727.0499999999997
2024-02-23,-1727.0499999999997
2024-02-26,-1727.0499999999997
2024-02-27,-1727.0499999999997
2024-02-28,-1727.0499999999997
2024-02-29,-1727.0499999999997
2024-03-01,-1727.0499999999997
2024-03-04,-1727.0499999999997
2024-03-05,-1692.0899999999997
2024-03-06,-1692.0899999999997
2024-03-07,-1692.0899999999997
2024-03-08,-1790.2899999999997
2024-03-11,-1790.2899999999997
2024-03-12,-1790.2899999999997
2024-03-13,-1798.3299999999997
2024-03-14,-1798.3299999999997
2024-03-15,-1798.3299999999997
2024-03-18,-1798.3299999999997
2024-03-19,-1798.3299999999997
2024-03-20,-1798.3299999999997
2024-03-21,-1798.3299999999997
2024-03-22,-1798.3299999999997
2024-03-25,-1835.4599999999998
2024-03-26,-1835.4599999999998
2024-03-27,-2015.3899999999999
2024-03-28,-2015.3899999999999
2024-04-01,-2015.3899999999999
2024-04-02,-2015.3899999999999
2024-04-03,-2015.3899999999999
2024-04-04,-2015.3899999999999
2024-04-05,-2010.58
2024-04-08,-2065.56
2024-04-09,-1767.03
2024-04-10,-1767.03
2024-04-11,-1580.6
2024-04-12,-1517.6
2024-04-15,-1517.6
2024-04-16,-1607.59
2024-04-17,-1523.78
2024-04-18,-1584.8799999999999
2024-04-19,-1584.8799999999999
2024-04-22,-1584.8799999999999
2024-04-23,-1584.8799999999999
2024-04-24,-1584.8799999999999
2024-04-25,-1584.8799999999999
2024-04-26,-1584.8799999999999
2024-04-29,-1584.8799999999999
2024-04-30,-1584.8799999999999
2024-05-01,-1584.8799999999999
2024-05-02,-1584.8799999999999
2024-05-03,-1594.87
2024-05-06,-1594.87
2024-05-07,-1370.3799999999999
2024-05-08,-1370.3799999999999
2024-05-09,-1508.8999999999999
2024-05-10,-1508.8999999999999
2024-05-13,-1508.8999999999999
2024-05-14,-1508.8999999999999
2024-05-15,-1508.8999999999999
2024-05-16,-1559.09
2024-05-17,-1559.09
2024-05-20,-1559.09
2024-05-21,-1559.09
2024-05-22,-1559.09
2024-05-23,-1559.09
2024-05-24,-1559.09
2024-05-28,-1516.09
2024-05-29,-1516.09
2024-05-30,-1516.09
2024-05-31,-1516.09
2024-06-03,-1516.09
2024-06-04,-1516.09
2024-06-05,-1516.09
2024-06-06,-1516.09
2024-06-07,-1516.09
2024-06-10,-1516.09
2024-06-11,-1516.09
2024-06-12,-1516.09
2024-06-13,-1579.4199999999998
2024-06-14,-1579.4199999999998
2024-06-17,-1579.4199999999998
2024-06-18,-1579.4199999999998
2024-06-20,-1579.4199999999998
2024-06-21,-1579.4199999999998
2024-06-24,-1689.4099999999999
2024-06-25,-1875.6299999999999
2024-06-26,-1875.6299999999999
2024-06-27,-1875.6299999999999
2024-06-28,-1875.6299999999999
2024-07-01,-1875.6299999999999
2024-07-02,-1875.6299999999999
2024-07-03,-1873.32
2024-07-05,-1873.32
2024-07-08,-1873.32
2024-07-09,-1949.35
2024-07-10,-1949.35
2024-07-11,-1949.35
2024-07-12,-1949.35
2024-07-15,-1949.35
2024-07-16,-1926.35
2024-07-17,-1926.35
2024-07-18,-1926.35
2024-07-19,-1926.35
2024-07-22,-1926.35
2024-07-23,-1926.35
2024-07-24,-1926.35
2024-07-25,-1987.25
2024-07-26,-1987.25
2024-07-29,-1987.25
2024-07-30,-2006.7
2024-07-31,-2068.9
2024-08-01,-2188.14
2024-08-02,-2188.14
2024-08-05,-2188.14
2024-08-06,-2163.83
2024-08-07,-2163.83
2024-08-08,-2163.83
2024-08-09,-2163.83
2024-08-12,-2163.83
2024-08-13,-2163.83
2024-08-14,-2163.83
2024-08-15,-2163.83
2024-08-16,-2163.83
2024-08-19,-1935.81
2024-08-20,-1935.81
2024-08-21,-1935.81
2024-08-22,-1935.81
2024-08-23,-1935.81
2024-08-26,-1935.81
2024-08-27,-1935.81
2024-08-28,-1935.81
2024-08-29,-1910.06
2024-08-30,-1910.06
2024-09-03,-1910.06
2024-09-04,-2022.2
2024-09-05,-2022.2
2024-09-06,-2022.2
2024-09-09,-1928.98
2024-09-10,-2049.71
2024-09-11,-2305.45
2024-09-12,-2420.33
2024-09-13,-2420.33
2024-09-16,-2420.33
2024-09-17,-2420.33
2024-09-18,-2420.33
2024-09-19,-2420.33
2024-09-20,-2420.33
2024-09-23,-2420.33
2024-09-24,-2527.77
2024-09-25,-2527.77
2024-09-26,-2527.77
2024-09-27,-2527.77
2024-09-30,-2527.77
