peak,group,n,max_dd_median,max_dd_worst_quarter,yrs_last_below_median,yrs_last_below_p75,pct_below_after_5y,pct_below_after_10y,pct_below_after_15y,pct_still_below_today,lump_10y_median,staged_10y_median,lump_10y_worst,staged_10y_worst,staged_better_pct,avg_adds,cash_10y,ann_5y_median,pct_loss_5y,ann_10y_median,pct_loss_10y,ann_15y_median,pct_loss_15y,ann_20y_median,pct_loss_20y,ann_to_today_median,runup_3y_median
2000-03-24,全部,139,-0.27128221433861033,-0.5958441235240086,4.024640657084189,11.96851471594798,0.48201438848920863,0.34532374100719426,0.16546762589928057,0.007194244604316547,1.2146509793023008,0.7700146309738714,-0.8451947833874398,-0.7926079941146935,0.4748201438848921,1.0,0.29022975755976144,0.10763256163686141,0.28776978417266186,0.08275582613473098,0.2302158273381295,0.09878178353944911,0.08633093525179857,0.08147005510684235,0.1079136690647482,0.09471182458739213,
2000-03-24,当时的大公司（名单）,34,-0.5071352812413149,-0.7791226999179555,10.49555099247091,13.73100616016427,0.7352941176470589,0.5294117647058824,0.23529411764705882,0.0,0.11364477456654365,0.4378402530693627,-0.8451947833874398,-0.7926079941146935,0.6764705882352942,1.3823529411764706,0.29022975755976144,-0.02656170975611466,0.6176470588235294,0.010811949025410605,0.4411764705882353,0.06208659051276333,0.17647058823529413,0.05822382985869701,0.11764705882352941,0.08545886922994728,
2000-03-24,高点前3年涨得最少,27,-0.17374542359208667,-0.29273518275309834,0.7775496235455168,3.1594798083504445,0.2222222222222222,0.1111111111111111,0.037037037037037035,0.0,2.0804758771577734,1.3613295560986147,-0.3689635888535101,-0.14695374231159364,0.25925925925925924,0.5555555555555556,0.29022975755976144,0.17095292433338716,0.07407407407407407,0.11908166730049796,0.037037037037037035,0.14295066310105486,0.0,0.10661198437422947,0.0,0.10997360953029989,-0.3027533346468101
2000-03-24,高点前3年2,27,-0.09458200434123087,-0.2925698765949524,1.51129363449692,3.2936344969199176,0.14814814814814814,0.1111111111111111,0.07407407407407407,0.0,1.723507761862364,0.8993005134327265,-0.10618785236339257,0.31329970926724604,0.2222222222222222,0.5555555555555556,0.29022975755976144,0.15691078656365343,0.0,0.10538320508079724,0.07407407407407407,0.11659983222720594,0.0,0.09729346775055325,0.07407407407407407,0.09638897835977023,0.06159692376242609
2000-03-24,高点前3年3,27,-0.21130971905677254,-0.44687855911334085,4.339493497604381,9.80287474332649,0.4444444444444444,0.25925925925925924,0.07407407407407407,0.0,1.3572619379207738,0.8670909515279763,-0.22293920889759367,0.2561184862805268,0.3333333333333333,0.7777777777777778,0.29022975755976144,0.11779494251709677,0.2222222222222222,0.08953399245826854,0.1111111111111111,0.10450035508645517,0.0,0.0866902745452367,0.07407407407407407,0.10140701277279329,0.3297447558992803
2000-03-24,高点前3年4,27,-0.47038555697469153,-0.6112316534565612,9.32785763175907,12.28062970568104,0.6296296296296297,0.4444444444444444,0.18518518518518517,0.037037037037037035,0.5559523069019403,0.5842050992028343,-0.7090428528817154,-0.44885459427355245,0.6296296296296297,1.3333333333333333,0.29022975755976144,0.022884527014380485,0.4444444444444444,0.04520054638387205,0.2962962962962963,0.07698063996969573,0.1111111111111111,0.0636039860709472,0.18518518518518517,0.08092401812347405,0.9232669740595567
2000-03-24,高点前3年涨得最多,27,-0.8022414413439675,-0.839168819759588,14.195756331279945,20.19849418206708,1.0,0.8518518518518519,0.48148148148148145,0.0,-0.34739044858153434,-0.14137514868378753,-0.8451947833874398,-0.7926079941146935,1.0,1.8888888888888888,0.29022975755976144,-0.06108129036937693,0.7407407407407407,-0.04177975432832126,0.6666666666666666,0.025326375205666718,0.3333333333333333,0.034784497925955504,0.2222222222222222,0.06870361200809993,3.2781426275274566
2000-03-24,行业:Consumer Discretionary,15,-0.23536509425894148,-0.537474240014224,3.1759069130732374,11.953456536618756,0.4666666666666667,0.3333333333333333,0.2,0.0,1.5163833099767343,0.9104482276529484,-0.40684918043017015,-0.1765770844199912,0.3333333333333333,0.9333333333333333,0.29022975755976144,0.17422925332326145,0.2,0.09667433404942871,0.13333333333333333,0.13403812028297923,0.06666666666666667,0.10172383662003281,0.13333333333333333,0.10114273583615474,
2000-03-24,行业:Consumer Staples,16,-0.10558529395595745,-0.20747089798908416,0.8418891170431212,6.201916495550993,0.375,0.0625,0.0,0.0,1.252298849713732,0.6807047070356543,0.13016514581225658,0.29524419733457363,0.25,0.375,0.29022975755976144,0.10830009427498555,0.25,0.08428304538653919,0.0,0.1006192775389575,0.0,0.08592613788627679,0.0,0.08458689285338328,
2000-03-24,行业:Energy,8,-0.1940414689661924,-0.5998505841805265,11.871321013004792,20.691307323750856,0.5,0.5,0.5,0.0,1.2709913367053267,1.4242001623297815,-0.3100051554349754,-0.050146932258953614,0.375,0.875,0.29022975755976144,0.10713065867871108,0.25,0.08532198063111807,0.125,0.08336215673780134,0.0,0.005443646353552711,0.5,0.07938020476225449,
2000-03-24,行业:Health Care,18,-0.40328344154180384,-0.5473123981379044,9.277207392197125,12.203969883641342,0.5555555555555556,0.4444444444444444,0.0,0.0,0.577036852181824,0.5607194389409547,-0.3689635888535101,-0.14695374231159364,0.5555555555555556,1.1111111111111112,0.29022975755976144,0.06853594665699758,0.3333333333333333,0.04659990397350022,0.3888888888888889,0.0904712110506547,0.0,0.07481955402312412,0.0,0.09750069244373205,
2000-03-24,行业:Industrials,32,-0.22234901145692126,-0.4449458583718273,2.965092402464066,9.130732375085557,0.3125,0.21875,0.0625,0.0,1.8240423988838261,0.8677944767997845,-0.5327947302388117,-0.3383844164793952,0.3125,0.8125,0.29022975755976144,0.14330093617508421,0.125,0.1093340371390169,0.125,0.1241378507265235,0.03125,0.09803582120582588,0.0625,0.12078416927457636,
2000-03-24,行业:Information Technology,17,-0.8226012434658101,-0.8916535041610975,18.93223819301848,23.64681724845996,1.0,0.8235294117647058,0.7058823529411765,0.0,-0.6238821881719322,-0.4697266264017721,-0.8451947833874398,-0.7926079941146935,1.0,2.0,0.29022975755976144,-0.17419161815552242,0.8235294117647058,-0.0931564047100325,0.7058823529411765,-0.006832427941871555,0.5294117647058824,0.011746401152357366,0.35294117647058826,0.05513901353479933,
2000-03-24,行业:Materials,12,-0.2880307746602624,-0.46782639002827,6.243668720054758,11.859000684462696,0.5,0.3333333333333333,0.08333333333333333,0.0,1.5661075745932396,1.0019900371806385,-0.23484266892647476,0.1679491390166863,0.5,0.9166666666666666,0.29022975755976144,0.14069108942304087,0.0,0.0982466437743228,0.16666666666666666,0.13011892944468062,0.0,0.08325974072448761,0.0,0.0998611444417764,
2000-03-24,行业:Utilities,17,-0.07443544587798911,-0.48703255134999246,2.5571526351813825,3.5044490075290895,0.17647058823529413,0.11764705882352941,0.058823529411764705,0.058823529411764705,1.5159730456126144,0.9087684252583086,-0.7090428528817154,-0.44885459427355245,0.4117647058823529,0.7647058823529411,0.29022975755976144,0.1439957660713913,0.17647058823529413,0.0966564528542393,0.058823529411764705,0.09578264298607575,0.058823529411764705,0.09284966442370846,0.058823529411764705,0.0952873721716807,
2007-10-09,全部,182,-0.5357902176166791,-0.6640205129994873,4.781656399726215,6.998631074606434,0.43956043956043955,0.17032967032967034,0.07142857142857142,0.027472527472527472,1.6084809505606827,1.9455607307322462,-0.528158979209181,-0.3420274149011746,0.7527472527472527,1.7142857142857142,0.036017123477011026,0.03903780899043996,0.2967032967032967,0.10061904316375458,0.04945054945054945,0.09035242521699083,0.04395604395604396,,0.0,0.0918423944081096,
2007-10-09,当时的大公司（名单）,40,-0.4983517325029138,-0.6181792315049701,4.30527036276523,5.521560574948666,0.35,0.1,0.025,0.0,1.7300008480943538,1.8529643006312995,-0.19517798396044994,0.08568858934959112,0.65,1.55,0.036017123477011026,0.04485787151204912,0.25,0.10564556092440569,0.025,0.09382056551219176,0.025,,0.0,0.10705541256075912,
2007-10-09,高点前3年涨得最少,36,-0.5968304619325298,-0.7334572124558171,4.783025325119781,7.1273100616016425,0.3888888888888889,0.1111111111111111,0.08333333333333333,0.027777777777777776,1.3518023814452216,2.011891662874074,-0.04861745544394891,0.34578651301182517,0.8333333333333334,1.7777777777777777,0.036017123477011026,0.04174597955102821,0.2777777777777778,0.08928102389745485,0.027777777777777776,0.0921400910026352,0.05555555555555555,,0.0,0.09231347963871339,0.02354769620399666
2007-10-09,高点前3年2,36,-0.48955210416635647,-0.5986615617231816,4.139630390143737,5.252566735112936,0.3333333333333333,0.05555555555555555,0.027777777777777776,0.0,1.7300008480943538,1.8956581558012693,-0.19517798396044994,0.08568858934959112,0.6388888888888888,1.6111111111111112,0.036017123477011026,0.04326163909293279,0.2222222222222222,0.10564556092440569,0.027777777777777776,0.08908077543189352,0.027777777777777776,,0.0,0.08452216011404601,0.3491091450965307
2007-10-09,高点前3年3,36,-0.43373554718869667,-0.5511039039300395,3.921971252566735,4.82135523613963,0.2222222222222222,0.0,0.0,0.0,2.1562066231234427,2.347351312312495,0.23523020189163546,0.6751516460047711,0.5277777777777778,1.5277777777777777,0.036017123477011026,0.0751750864242392,0.16666666666666666,0.12180285944751135,0.0,0.09964350442071834,0.0,,0.0,0.09326724904610095,0.5996811228682944
2007-10-09,高点前3年4,36,-0.531514415166024,-0.633950321348176,5.356605065023956,10.86173853524983,0.5833333333333334,0.2777777777777778,0.08333333333333333,0.027777777777777776,1.246437151734561,1.5049660807789484,-0.4460382013675517,-0.24603477699312248,0.8611111111111112,1.8055555555555556,0.036017123477011026,0.014532322155415445,0.3888888888888889,0.08426305502513365,0.1111111111111111,0.09055354064363585,0.027777777777777776,,0.0,0.09264908357052126,0.882294189732044
2007-10-09,高点前3年涨得最多,36,-0.627033422159946,-0.7403177315606465,6.547570157426421,12.863791923340177,0.6388888888888888,0.3888888888888889,0.1388888888888889,0.05555555555555555,0.9482526573200307,1.3884008586543242,-0.528158979209181,-0.3420274149011746,0.8888888888888888,1.8333333333333333,0.036017123477011026,0.03444645826882753,0.4444444444444444,0.06880993742632147,0.08333333333333333,0.07228706656244,0.08333333333333333,,0.0,0.10027181517425376,1.363381936607939
2007-10-09,行业:Consumer Discretionary,23,-0.6863460994000103,-0.7433537904463455,4.251882272416153,5.627652292950034,0.30434782608695654,0.17391304347826086,0.08695652173913043,0.043478260869565216,2.246679225896467,2.6754737312738,0.08442199512095327,0.4381009744861273,0.782608695652174,1.7391304347826086,0.036017123477011026,0.08457446651186773,0.08695652173913043,0.12497776355536971,0.0,0.11283586542293444,0.08695652173913043,,0.0,0.10962636475941134,
2007-10-09,行业:Consumer Staples,20,-0.34592967554155446,-0.44187609201040967,2.8528405201916494,4.776180698151951,0.2,0.0,0.0,0.0,1.4848067096215398,1.2383268416535054,0.08753935269923985,0.44755993658846394,0.3,1.15,0.036017123477011026,0.0880133515272824,0.15,0.09528560176560119,0.0,0.09555558049759894,0.0,,0.0,0.07467621919087852,
2007-10-09,行业:Energy,11,-0.7862454912585484,-0.8524197895213514,13.95482546201232,18.605065023956193,1.0,1.0,0.45454545454545453,0.2727272727272727,0.29849314279033856,0.46170453154635016,-0.528158979209181,-0.3420274149011746,1.0,1.7272727272727273,0.036017123477011026,0.011577156106383102,0.45454545454545453,0.026464575733719853,0.2727272727272727,0.04243192101136861,0.2727272727272727,,0.0,0.0674455336342541,
2007-10-09,行业:Health Care,30,-0.5066579839159462,-0.6029479232293196,4.900752908966461,5.579739904175222,0.4666666666666667,0.06666666666666667,0.06666666666666667,0.0,1.671234060193027,2.014600950150621,0.5027453312584214,0.7322842006347716,0.6333333333333333,1.6333333333333333,0.036017123477011026,0.03721390797598312,0.26666666666666666,0.10324280836931854,0.0,0.09459130154499384,0.03333333333333333,,0.0,0.09602513680577496,
2007-10-09,行业:Industrials,35,-0.5579803929340617,-0.6709597114717182,4.758384668035592,5.564681724845996,0.37142857142857144,0.08571428571428572,0.02857142857142857,0.0,1.943013414419494,2.893250608631817,-0.19517798396044994,0.08568858934959112,0.8857142857142857,1.8857142857142857,0.036017123477011026,0.024885280052816094,0.3142857142857143,0.11398469511163967,0.05714285714285714,0.1030278217206646,0.02857142857142857,,0.0,0.1079946140673298,
2007-10-09,行业:Information Technology,25,-0.5987952663163689,-0.7150116844604939,5.516769336071184,8.61054072553046,0.64,0.08,0.0,0.0,2.1240406813298014,2.9806656089057566,0.050056135981350725,0.40455445882039287,0.84,1.84,0.036017123477011026,-0.002327392376434867,0.52,0.12065431596849208,0.0,0.09816062784865487,0.0,,0.0,0.1215955741991841,
2007-10-09,行业:Materials,12,-0.5584170706874361,-0.6332823905193878,4.327173169062286,8.401779603011637,0.4166666666666667,0.25,0.08333333333333333,0.0,1.265360455262173,1.991141647103741,-0.04861745544394891,0.34578651301182517,0.8333333333333334,1.8333333333333333,0.036017123477011026,0.047316367487268085,0.3333333333333333,0.0851488567370352,0.08333333333333333,0.09079944649198723,0.0,,0.0,0.08569677214886873,
2007-10-09,行业:Utilities,19,-0.453026578073797,-0.5234076701503044,4.139630390143737,8.581793292265573,0.42105263157894735,0.2631578947368421,0.05263157894736842,0.0,1.2786438345638942,1.4272841251459805,-0.39631895809446016,-0.17878782191667741,0.7368421052631579,1.736842105263158,0.036017123477011026,0.057799750804752525,0.42105263157894735,0.08584452215509342,0.15789473684210525,0.07435486958789861,0.0,,0.0,0.08362750002128783,
2021-12-31,全部,333,-0.3303746262221253,-0.4641510857239465,3.6386036960985626,4.7529089664613275,0.0,0.0,0.0,0.3333333333333333,0.23133329699624539,0.3323755058763975,-0.832369578620834,-0.7789138559139284,0.6666666666666666,1.0960960960960962,0.20578643905205918,,0.0,,0.0,,0.0,,0.0,0.04475582721283988,
2021-12-31,当时的大公司（名单）,40,-0.3385768916770541,-0.47401949039789076,3.3141683778234086,4.7529089664613275,0.0,0.0,0.0,0.275,0.7167740076077683,0.5215088136059066,-0.7776833167658628,-0.7069287453746051,0.575,1.05,0.20578643905205918,,0.0,,0.0,,0.0,,0.0,0.12042408877312827,
2021-12-31,高点前3年涨得最少,66,-0.20304498177449115,-0.37916573462404213,2.561259411362081,4.203969883641341,0.0,0.0,0.0,0.21212121212121213,0.5918232481773704,0.43150447181905693,-0.6487195214884531,-0.52771233110142,0.4696969696969697,0.7424242424242424,0.20578643905205918,,0.0,,0.0,,0.0,,0.0,0.1027527850192731,0.17149363360725156
2021-12-31,高点前3年2,65,-0.23939193619373,-0.43447997439745534,3.4962354551676933,4.7529089664613275,0.0,0.0,0.0,0.3384615384615385,0.19696240673121657,0.24071386213480594,-0.6992791651612953,-0.6020363474420332,0.6461538461538462,0.8461538461538461,0.20578643905205918,,0.0,,0.0,,0.0,,0.0,0.03855127093009325,0.4613992677437948
2021-12-31,高点前3年3,65,-0.28792840991835966,-0.38775984508225936,3.811088295687885,4.7529089664613275,0.0,0.0,0.0,0.27692307692307694,0.22020006448108265,0.3163660835706641,-0.42729671908875577,-0.1473585771894096,0.6923076923076923,0.9692307692307692,0.20578643905205918,,0.0,,0.0,,0.0,,0.0,0.04276122241169933,0.8487555393497372
2021-12-31,高点前3年4,65,-0.3710107278531497,-0.49050931317015734,4.090349075975359,4.7529089664613275,0.0,0.0,0.0,0.38461538461538464,0.19794964758177547,0.32341370702526206,-0.832369578620834,-0.7789138559139284,0.7384615384615385,1.3076923076923077,0.20578643905205918,,0.0,,0.0,,0.0,,0.0,0.03873143562080417,1.3107484108495018
2021-12-31,高点前3年涨得最多,66,-0.42877754427845505,-0.5907251253137766,4.654346338124572,4.7529089664613275,0.0,0.0,0.0,0.4393939393939394,0.11520103378108282,0.34795798495729136,-0.7812775691665373,-0.7090045980646162,0.7878787878787878,1.5909090909090908,0.20578643905205918,,0.0,,0.0,,0.0,,0.0,0.023201832121054977,2.239715714525425
2021-12-31,行业:Communication Services,18,-0.4234821718629856,-0.4842954191497567,2.522929500342231,3.8747433264887063,0.0,0.0,0.0,0.2222222222222222,0.3768523162334225,0.46320139220367773,-0.832369578620834,-0.7789138559139284,0.7777777777777778,1.3888888888888888,0.20578643905205918,,0.0,,0.0,,0.0,,0.0,0.0695486868351255,
2021-12-31,行业:Consumer Discretionary,41,-0.378899869651079,-0.4781290176973153,3.583846680355921,4.7529089664613275,0.0,0.0,0.0,0.34146341463414637,0.08626129217605549,0.38878200082034553,-0.7776833167658628,-0.7069287453746051,0.7804878048780488,1.2926829268292683,0.20578643905205918,,0.0,,0.0,,0.0,,0.0,0.017561077494359756,
2021-12-31,行业:Consumer Staples,29,-0.26415423880456024,-0.4923057198991231,4.7529089664613275,4.7529089664613275,0.0,0.0,0.0,0.5862068965517241,-0.06557446650568666,0.1337792592971896,-0.7321489072373859,-0.6472373234036402,0.7931034482758621,1.0689655172413792,0.20578643905205918,,0.0,,0.0,,0.0,,0.0,-0.014168527215794757,
2021-12-31,行业:Energy,17,0.0,-0.09928327130763304,0.0,0.785763175906913,0.0,0.0,0.0,0.0,1.1276567070462655,0.5214872109185105,0.3448807178087956,0.31467982975767006,0.11764705882352941,0.17647058823529413,0.20578643905205918,,0.0,,0.0,,0.0,,0.0,0.17216744783650983,
2021-12-31,行业:Health Care,55,-0.3647343181135583,-0.5303525153005211,4.7529089664613275,4.7529089664613275,0.0,0.0,0.0,0.5272727272727272,-0.004924436537775745,0.25868067998490174,-0.7812775691665373,-0.7090045980646162,0.7818181818181819,1.2545454545454546,0.20578643905205918,,0.0,,0.0,,0.0,,0.0,-0.0010381092409689208,
2021-12-31,行业:Industrials,69,-0.2873457827117706,-0.36698968094250817,3.3045859000684463,4.7118412046543465,0.0,0.0,0.0,0.2028985507246377,0.33350122243185654,0.3480489107918654,-0.5032349416142525,-0.34564954287974925,0.5797101449275363,0.8985507246376812,0.20578643905205918,,0.0,,0.0,,0.0,,0.0,0.062425041135909964,
2021-12-31,行业:Information Technology,54,-0.41643491311991304,-0.535502383011548,3.897330595482546,4.7529089664613275,0.0,0.0,0.0,0.2777777777777778,0.7402715891288038,0.6628159351382907,-0.580838000450127,-0.4227110221690229,0.6851851851851852,1.4814814814814814,0.20578643905205918,,0.0,,0.0,,0.0,,0.0,0.12363486036232507,
2021-12-31,行业:Materials,22,-0.3948922594236027,-0.4674785448112304,4.7529089664613275,4.7529089664613275,0.0,0.0,0.0,0.5454545454545454,-0.08288942492634432,0.15210130548829848,-0.7348861673693509,-0.35355944787208704,0.8181818181818182,1.3181818181818181,0.20578643905205918,,0.0,,0.0,,0.0,,0.0,-0.01813197555570445,
2021-12-31,行业:Utilities,28,-0.1730520979562286,-0.24215402915313441,2.524298425735797,2.9808350444900755,0.0,0.0,0.0,0.21428571428571427,0.2718541046666577,0.2807468697041119,-0.25368142987489617,-0.023717788492075398,0.4642857142857143,0.4642857142857143,0.20578643905205918,,0.0,,0.0,,0.0,,0.0,0.05189441322440169,
2000-03-24,SPY,1,-0.48500737572229036,-0.48500737572229036,11.739904175222451,11.739904175222451,1.0,1.0,0.0,0.0,-0.09237642236162336,0.27731815601662335,-0.09237642236162336,0.27731815601662335,1.0,2.0,0.29022975755976144,-0.03830946216059894,1.0,-0.009645733426250969,1.0,0.03980965448238094,0.0,0.042773631702301085,0.0,0.08154219575085087,
2007-10-09,SPY,1,-0.5518944001105983,-0.5518944001105983,5.136208076659822,5.136208076659822,1.0,0.0,0.0,0.0,1.0006665426298578,1.6687208298932226,1.0006665426298578,1.6687208298932226,1.0,2.0,0.036017123477011026,0.005073826890945599,0.0,0.07180917631566675,0.0,0.07868188160567624,0.0,,0.0,0.10761379708217089,
2021-12-31,SPY,1,-0.24059227904937042,-0.24059227904937042,1.943874058863792,1.943874058863792,0.0,0.0,0.0,0.0,0.7264558049451835,0.705863967786138,0.7264558049451835,0.705863967786138,0.0,1.0,0.20578643905205918,,0.0,,0.0,,0.0,,0.0,0.1217521454812518,
2000-03-24,QQQ,1,-0.8293673925625273,-0.8293673925625273,16.262833675564682,16.262833675564682,1.0,1.0,1.0,0.0,-0.5792724676401422,-0.4345892238785435,-0.5792724676401422,-0.4345892238785435,1.0,2.0,0.29022975755976144,-0.2080137154460695,1.0,-0.08293505384425137,1.0,0.00020879536695073142,0.0,0.029497305197294876,0.0,0.07932707231871627,
2007-10-09,QQQ,1,-0.5196370862642796,-0.5196370862642796,3.9835728952772076,3.9835728952772076,0.0,0.0,0.0,0.0,2.041733095798567,3.057988321074701,2.041733095798567,3.057988321074701,1.0,2.0,0.036017123477011026,0.054787547482237464,0.0,0.11766618183601962,0.0,0.1235870684380378,0.0,,0.0,0.1587019631132527,
2021-12-31,QQQ,1,-0.3420058474883908,-0.3420058474883908,1.9356605065023955,1.9356605065023955,0.0,0.0,0.0,0.0,0.9387624734302842,0.8566529466494972,0.9387624734302842,0.8566529466494972,0.0,1.0,0.20578643905205918,,0.0,,0.0,,0.0,,0.0,0.14946154901713893,
