exit_reason,trades,win_rate,avg_r,median_r,avg_win_r,avg_loss_r,profit_factor,total_pnl,t1_hit_rate
breakeven_stop,7,1.0,0.819,0.7827,0.819,,inf,521.36,1.0
breakeven_stop_gap,2,0.0,-3.6195,-3.6195,,-3.6195,0.0,-93.22,1.0
first_red_candle,75,0.28,-0.2751,-0.4196,0.4038,-0.5391,0.2912,-2061.35,0.0
flatten_time,1,1.0,3.2104,3.2104,3.2104,,inf,320.53,1.0
sell_pressure_proxy,16,0.625,1.0903,1.7387,2.1108,-0.6105,5.7631,1742.77,0.625
stall_heavy_volume,4,1.0,1.8064,1.7566,1.8064,,inf,721.74,1.0
stop,18,0.0,-1.2041,-1.1833,,-1.2041,0.0,-2026.99,0.0
stop_same_bar,42,0.0238,-1.1013,-1.1103,0.3071,-1.1357,0.0066,-4618.98,0.0238
topping_tail,17,0.5294,0.7306,0.03,1.7001,-0.3601,5.3175,1241.62,0.3529
volume_divergence,3,1.0,1.7636,1.8219,1.7636,,inf,528.46,0.3333
