date,symbol,episode,entry_time,entry_minute,trigger,entry_fill,stop_init,t1,risk_ps,shares_init,shares_max,adds,exit_time,exit_reason,t1_hit,pnl,r_multiple,mfe_r,mae_r,pct_at_entry,rvol_at_entry,float_shares,fills
2024-10-01,INDO,1,2024-10-01 09:55:00-04:00,595,3.17,3.18,3.05,3.41,0.12,833,833,0,2024-10-01 09:58:00-04:00,first_red_candle,False,-30.74,-0.3075,0.75,0.417,0.3080168776371308,8.164548701629123,10202694.0,"[{""t"": ""2024-10-01 09:55:00-04:00"", ""side"": ""B"", ""sh"": 833, ""px"": 3.18, ""why"": ""entry""}, {""t"": ""2024-10-01 09:58:00-04:00"", ""side"": ""S"", ""sh"": 833, ""px"": 3.1501, ""why"": ""first_red_candle""}]"
2024-10-02,TIGR,1,2024-10-02 09:40:00-04:00,580,8.38,8.39,8.19,8.76,0.19,526,526,0,2024-10-02 09:42:00-04:00,first_red_candle,False,-29.98,-0.3,0.842,0.421,0.33044943820224715,6.0317495261145515,,"[{""t"": ""2024-10-02 09:40:00-04:00"", ""side"": ""B"", ""sh"": 526, ""px"": 8.39, ""why"": ""entry""}, {""t"": ""2024-10-02 09:42:00-04:00"", ""side"": ""S"", ""sh"": 526, ""px"": 8.34, ""why"": ""first_red_candle""}]"
2024-10-03,EVGO,1,2024-10-03 09:50:00-04:00,590,5.4887,5.4987,5.37,5.7261,0.1187,842,842,0,2024-10-03 09:51:00-04:00,first_red_candle,False,-72.16,-0.722,0.095,0.579,0.3854961832061068,7.693291723946225,,"[{""t"": ""2024-10-03 09:50:00-04:00"", ""side"": ""B"", ""sh"": 842, ""px"": 5.4987, ""why"": ""entry""}, {""t"": ""2024-10-03 09:51:00-04:00"", ""side"": ""S"", ""sh"": 842, ""px"": 5.42, ""why"": ""first_red_candle""}]"
2024-10-04,BENF,1,2024-10-04 08:54:00-04:00,534,2.23,2.24,2.18,2.33,0.05,2000,2000,0,2024-10-04 08:55:00-04:00,stop,False,-154.0,-1.54,0.4,1.2,0.8571428571428572,5.4256985071921475,,"[{""t"": ""2024-10-04 08:54:00-04:00"", ""side"": ""B"", ""sh"": 2000, ""px"": 2.24, ""why"": ""entry""}, {""t"": ""2024-10-04 08:55:00-04:00"", ""side"": ""S"", ""sh"": 2000, ""px"": 2.17, ""why"": ""stop""}]"
2024-10-15,DRUG,1,2024-10-15 09:55:00-04:00,595,4.8,4.81,4.46,5.48,0.34,294,294,0,2024-10-15 09:56:00-04:00,first_red_candle,False,-68.21,-0.6824,0.471,0.706,0.8957429718875498,25.60909403302099,4463837.0,"[{""t"": ""2024-10-15 09:55:00-04:00"", ""side"": ""B"", ""sh"": 294, ""px"": 4.81, ""why"": ""entry""}, {""t"": ""2024-10-15 09:56:00-04:00"", ""side"": ""S"", ""sh"": 294, ""px"": 4.585, ""why"": ""first_red_candle""}]"
2024-10-16,PHIO,1,2024-10-16 09:57:00-04:00,597,3.5,3.51,3.4,3.7,0.1,738,738,0,2024-10-16 09:59:00-04:00,breakeven_stop,True,53.87,0.73,3.0,0.0,0.23550724637681175,5.525033325782145,860721.0,"[{""t"": ""2024-10-16 09:57:00-04:00"", ""side"": ""B"", ""sh"": 738, ""px"": 3.51, ""why"": ""entry""}, {""t"": ""2024-10-16 09:57:00-04:00"", ""side"": ""S"", ""sh"": 369, ""px"": 3.69, ""why"": ""t1""}, {""t"": ""2024-10-16 09:59:00-04:00"", ""side"": ""S"", ""sh"": 369, ""px"": 3.49, ""why"": ""breakeven_stop""}]"
2024-10-23,VRAX,1,2024-10-23 08:52:00-04:00,532,3.12,3.13,2.97,3.42,0.15,666,666,0,2024-10-23 08:53:00-04:00,topping_tail,False,-57.94,-0.58,0.133,0.0,0.8154761904761905,21.89437336506371,2573903.0,"[{""t"": ""2024-10-23 08:52:00-04:00"", ""side"": ""B"", ""sh"": 666, ""px"": 3.13, ""why"": ""entry""}, {""t"": ""2024-10-23 08:53:00-04:00"", ""side"": ""S"", ""sh"": 666, ""px"": 3.05, ""why"": ""topping_tail""}]"
2024-10-30,CNTN,1,2024-10-30 08:29:00-04:00,509,5.42,5.43,5.04,6.18,0.38,263,263,0,2024-10-30 08:29:00-04:00,stop_same_bar,False,-107.04,-1.0711,0.5,1.211,1.5862068965517242,174.7899727650438,1148760.0,"[{""t"": ""2024-10-30 08:29:00-04:00"", ""side"": ""B"", ""sh"": 263, ""px"": 5.43, ""why"": ""entry""}, {""t"": ""2024-10-30 08:29:00-04:00"", ""side"": ""S"", ""sh"": 263, ""px"": 5.03, ""why"": ""stop_same_bar""}]"
2024-11-05,CHGA,1,2024-11-05 07:02:00-05:00,422,4.459,4.469,4.13,5.117,0.329,303,303,0,2024-11-05 07:04:00-05:00,first_red_candle,False,-65.45,-0.6565,0.277,0.696,0.9330357142857144,27.347393928309714,15984185.0,"[{""t"": ""2024-11-05 07:02:00-05:00"", ""side"": ""B"", ""sh"": 303, ""px"": 4.469, ""why"": ""entry""}, {""t"": ""2024-11-05 07:04:00-05:00"", ""side"": ""S"", ""sh"": 303, ""px"": 4.26, ""why"": ""first_red_candle""}]"
2024-11-11,SUGP,1,2024-11-11 07:09:00-05:00,429,2.67,2.68,2.49,3.03,0.18,555,555,0,2024-11-11 07:09:00-05:00,stop_same_bar,False,-114.88,-1.15,0.167,1.056,0.7109164420485177,25.19662707106733,13250000.0,"[{""t"": ""2024-11-11 07:09:00-05:00"", ""side"": ""B"", ""sh"": 555, ""px"": 2.68, ""why"": ""entry""}, {""t"": ""2024-11-11 07:09:00-05:00"", ""side"": ""S"", ""sh"": 555, ""px"": 2.48, ""why"": ""stop_same_bar""}]"
2024-11-14,UAVS,1,2024-11-14 09:39:00-05:00,579,4.02,4.03,3.76,4.54,0.26,384,384,0,2024-11-14 09:39:00-05:00,stop_same_bar,False,-110.21,-1.1038,0.308,1.192,1.4534161490683228,9.274740726280262,14991621.0,"[{""t"": ""2024-11-14 09:39:00-05:00"", ""side"": ""B"", ""sh"": 384, ""px"": 4.03, ""why"": ""entry""}, {""t"": ""2024-11-14 09:39:00-05:00"", ""side"": ""S"", ""sh"": 384, ""px"": 3.75, ""why"": ""stop_same_bar""}]"
2024-11-18,SINT,1,2024-11-18 07:00:00-05:00,420,3.63,3.64,3.51,3.87,0.12,833,833,0,2024-11-18 07:02:00-05:00,first_red_candle,False,10.83,0.1083,1.417,0.0,0.7450980392156863,94.89212503991412,1342853.0,"[{""t"": ""2024-11-18 07:00:00-05:00"", ""side"": ""B"", ""sh"": 833, ""px"": 3.64, ""why"": ""entry""}, {""t"": ""2024-11-18 07:02:00-05:00"", ""side"": ""S"", ""sh"": 833, ""px"": 3.66, ""why"": ""first_red_candle""}]"
2024-11-19,SNOA,1,2024-11-19 09:20:00-05:00,560,3.44,3.45,3.27,3.78,0.17,588,588,0,2024-11-19 09:21:00-05:00,first_red_candle,False,-62.92,-0.6294,0.353,0.824,0.2988372093023255,14.970305315348552,1339170.0,"[{""t"": ""2024-11-19 09:20:00-05:00"", ""side"": ""B"", ""sh"": 588, ""px"": 3.45, ""why"": ""entry""}, {""t"": ""2024-11-19 09:21:00-05:00"", ""side"": ""S"", ""sh"": 588, ""px"": 3.35, ""why"": ""first_red_candle""}]"
2024-11-21,SPAI,1,2024-11-21 08:29:00-05:00,509,6.51,6.52,6.16,7.21,0.35,285,285,0,2024-11-21 08:29:00-05:00,stop_same_bar,False,-107.44,-1.0771,0.0,1.165,0.9909999999999999,5.717433529105615,13759448.0,"[{""t"": ""2024-11-21 08:29:00-05:00"", ""side"": ""B"", ""sh"": 285, ""px"": 6.52, ""why"": ""entry""}, {""t"": ""2024-11-21 08:29:00-05:00"", ""side"": ""S"", ""sh"": 285, ""px"": 6.15, ""why"": ""stop_same_bar""}]"
2024-11-21,CTV,1,2024-11-21 09:00:00-05:00,540,2.91,2.92,2.75,3.23,0.16,625,625,0,2024-11-21 09:02:00-05:00,first_red_candle,False,13.69,0.1369,0.625,0.063,0.7407407407407405,5.544001503801829,,"[{""t"": ""2024-11-21 09:00:00-05:00"", ""side"": ""B"", ""sh"": 625, ""px"": 2.92, ""why"": ""entry""}, {""t"": ""2024-11-21 09:02:00-05:00"", ""side"": ""S"", ""sh"": 625, ""px"": 2.9489, ""why"": ""first_red_candle""}]"
2024-11-25,QMCO,1,2024-11-25 09:49:00-05:00,589,16.43,16.4464,15.64,18.01,0.79,126,126,0,2024-11-25 09:50:00-05:00,sell_pressure_proxy,False,-51.29,-0.5153,1.152,0.0,0.7598685651697696,5.746829185077277,4848482.0,"[{""t"": ""2024-11-25 09:49:00-05:00"", ""side"": ""B"", ""sh"": 126, ""px"": 16.4464, ""why"": ""entry""}, {""t"": ""2024-11-25 09:50:00-05:00"", ""side"": ""S"", ""sh"": 126, ""px"": 16.0463, ""why"": ""sell_pressure_proxy""}]"
2024-12-02,SNTI,1,2024-12-02 07:25:00-05:00,445,3.22,3.23,3.05,3.56,0.17,588,588,0,2024-12-02 07:28:00-05:00,stall_heavy_volume,True,257.54,2.5765,5.765,0.0,0.462962962962963,98.25121427015974,4588645.0,"[{""t"": ""2024-12-02 07:25:00-05:00"", ""side"": ""B"", ""sh"": 588, ""px"": 3.23, ""why"": ""entry""}, {""t"": ""2024-12-02 07:26:00-05:00"", ""side"": ""S"", ""sh"": 294, ""px"": 3.55, ""why"": ""t1""}, {""t"": ""2024-12-02 07:26:00-05:00"", ""side"": ""S"", ""sh"": 147, ""px"": 3.72, ""why"": ""t2""}, {""t"": ""2024-12-02 07:28:00-05:00"", ""side"": ""S"", ""sh"": 147, ""px"": 3.88, ""why"": ""stall_heavy_volume""}]"
2024-12-04,KRSA,1,2024-12-04 07:47:00-05:00,467,6.36,6.37,5.86,7.36,0.5,200,200,0,2024-12-04 07:48:00-05:00,first_red_candle,False,-27.4,-0.274,0.28,0.8,2.888198757763976,7.420638211979635,2710096.0,"[{""t"": ""2024-12-04 07:47:00-05:00"", ""side"": ""B"", ""sh"": 200, ""px"": 6.37, ""why"": ""entry""}, {""t"": ""2024-12-04 07:48:00-05:00"", ""side"": ""S"", ""sh"": 200, ""px"": 6.24, ""why"": ""first_red_candle""}]"
2024-12-05,RKDA,1,2024-12-05 08:17:00-05:00,497,7.41,7.42,7.0,8.23,0.41,243,243,0,2024-12-05 08:19:00-05:00,first_red_candle,False,51.76,0.5195,1.805,0.0,1.6659251019651466,308.55406746895625,1364940.0,"[{""t"": ""2024-12-05 08:17:00-05:00"", ""side"": ""B"", ""sh"": 243, ""px"": 7.42, ""why"": ""entry""}, {""t"": ""2024-12-05 08:19:00-05:00"", ""side"": ""S"", ""sh"": 243, ""px"": 7.64, ""why"": ""first_red_candle""}]"
2024-12-06,CHGA,1,2024-12-06 07:34:00-05:00,454,5.8,5.81,5.6,6.2,0.2,500,500,0,2024-12-06 07:34:00-05:00,stop_same_bar,False,-113.5,-1.135,0.9,1.45,1.1315789473684208,5.91278757256168,1094221.0,"[{""t"": ""2024-12-06 07:34:00-05:00"", ""side"": ""B"", ""sh"": 500, ""px"": 5.81, ""why"": ""entry""}, {""t"": ""2024-12-06 07:34:00-05:00"", ""side"": ""S"", ""sh"": 500, ""px"": 5.59, ""why"": ""stop_same_bar""}]"
2024-12-17,ALP,1,2024-12-17 07:46:00-05:00,466,10.23,10.2402,9.62,11.45,0.61,163,163,0,2024-12-17 07:47:00-05:00,first_red_candle,False,-69.64,-0.7004,0.361,0.82,2.046153846153847,208.60396617663588,19784390.0,"[{""t"": ""2024-12-17 07:46:00-05:00"", ""side"": ""B"", ""sh"": 163, ""px"": 10.2402, ""why"": ""entry""}, {""t"": ""2024-12-17 07:47:00-05:00"", ""side"": ""S"", ""sh"": 163, ""px"": 9.82, ""why"": ""first_red_candle""}]"
2024-12-24,CMND,1,2024-12-24 07:28:00-05:00,448,2.74,2.75,2.6,3.02,0.14,714,714,0,2024-12-24 07:29:00-05:00,topping_tail,False,-12.14,-0.1214,0.786,0.0,1.237704918032787,145.7236286133847,607337.0,"[{""t"": ""2024-12-24 07:28:00-05:00"", ""side"": ""B"", ""sh"": 714, ""px"": 2.75, ""why"": ""entry""}, {""t"": ""2024-12-24 07:29:00-05:00"", ""side"": ""S"", ""sh"": 714, ""px"": 2.74, ""why"": ""topping_tail""}]"
2024-12-24,JTAI,1,2024-12-24 08:51:00-05:00,531,9.25,9.26,8.82,10.11,0.43,232,232,0,2024-12-24 08:51:00-05:00,stop_same_bar,False,-106.02,-1.0628,0.233,1.744,1.6052631578947367,8.121018243523846,780700.0,"[{""t"": ""2024-12-24 08:51:00-05:00"", ""side"": ""B"", ""sh"": 232, ""px"": 9.26, ""why"": ""entry""}, {""t"": ""2024-12-24 08:51:00-05:00"", ""side"": ""S"", ""sh"": 232, ""px"": 8.81, ""why"": ""stop_same_bar""}]"
2024-12-30,AMIX,1,2024-12-30 08:38:00-05:00,518,6.27,6.28,5.94,6.93,0.33,303,303,0,2024-12-30 08:40:00-05:00,first_red_candle,False,9.3,0.093,1.909,0.091,0.8333333333333335,16.880367795432164,1152149.0,"[{""t"": ""2024-12-30 08:38:00-05:00"", ""side"": ""B"", ""sh"": 303, ""px"": 6.28, ""why"": ""entry""}, {""t"": ""2024-12-30 08:40:00-05:00"", ""side"": ""S"", ""sh"": 303, ""px"": 6.3177, ""why"": ""first_red_candle""}]"
2024-12-31,NIKI,1,2024-12-31 07:12:00-05:00,432,4.02,4.03,3.8,4.46,0.22,454,454,0,2024-12-31 07:15:00-05:00,sell_pressure_proxy,True,169.34,1.6955,2.636,0.0,1.878228782287823,29.17311238178608,,"[{""t"": ""2024-12-31 07:12:00-05:00"", ""side"": ""B"", ""sh"": 454, ""px"": 4.03, ""why"": ""entry""}, {""t"": ""2024-12-31 07:13:00-05:00"", ""side"": ""S"", ""sh"": 227, ""px"": 4.45, ""why"": ""t1""}, {""t"": ""2024-12-31 07:15:00-05:00"", ""side"": ""S"", ""sh"": 227, ""px"": 4.37, ""why"": ""sell_pressure_proxy""}]"
2024-12-31,BDMD,1,2024-12-31 09:59:00-05:00,599,3.78,3.79,3.5,4.34,0.28,357,357,0,2024-12-31 09:59:00-05:00,stop_same_bar,False,-109.6,-1.0964,0.25,2.071,2.4285714285714284,31.17647335615627,,"[{""t"": ""2024-12-31 09:59:00-05:00"", ""side"": ""B"", ""sh"": 357, ""px"": 3.79, ""why"": ""entry""}, {""t"": ""2024-12-31 09:59:00-05:00"", ""side"": ""S"", ""sh"": 357, ""px"": 3.49, ""why"": ""stop_same_bar""}]"
2025-01-06,GFAI,1,2025-01-06 09:40:00-05:00,580,3.2694,3.2794,3.0403,3.7276,0.2291,436,436,0,2025-01-06 09:43:00-05:00,first_red_candle,False,35.58,0.3562,0.919,0.0,0.6005181347150259,8.080065570138183,9830373.0,"[{""t"": ""2025-01-06 09:40:00-05:00"", ""side"": ""B"", ""sh"": 436, ""px"": 3.2794, ""why"": ""entry""}, {""t"": ""2025-01-06 09:43:00-05:00"", ""side"": ""S"", ""sh"": 436, ""px"": 3.368, ""why"": ""first_red_candle""}]"
2025-01-07,LIDR,1,2025-01-07 09:49:00-05:00,589,4.0,4.01,3.7401,4.5198,0.2599,384,384,0,2025-01-07 09:51:00-05:00,first_red_candle,False,58.1,0.5821,1.154,0.0,0.6678540772532189,5.308022869296175,9133148.0,"[{""t"": ""2025-01-07 09:49:00-05:00"", ""side"": ""B"", ""sh"": 384, ""px"": 4.01, ""why"": ""entry""}, {""t"": ""2025-01-07 09:51:00-05:00"", ""side"": ""S"", ""sh"": 384, ""px"": 4.1683, ""why"": ""first_red_candle""}]"
2025-01-10,DTIL,1,2025-01-10 07:55:00-05:00,475,7.78,7.79,7.16,9.02,0.62,161,161,0,2025-01-10 07:56:00-05:00,first_red_candle,False,-57.48,-0.5758,0.113,0.71,0.6866666666666665,9.620662149254585,7671059.0,"[{""t"": ""2025-01-10 07:55:00-05:00"", ""side"": ""B"", ""sh"": 161, ""px"": 7.79, ""why"": ""entry""}, {""t"": ""2025-01-10 07:56:00-05:00"", ""side"": ""S"", ""sh"": 161, ""px"": 7.44, ""why"": ""first_red_candle""}]"
2025-01-13,DCOY,1,2025-01-13 08:47:00-05:00,527,4.07,4.08,3.82,4.57,0.25,400,400,0,2025-01-13 08:47:00-05:00,stop_same_bar,False,-110.8,-1.108,0.12,1.04,1.5559105431309903,114.70429866376095,1441157.0,"[{""t"": ""2025-01-13 08:47:00-05:00"", ""side"": ""B"", ""sh"": 400, ""px"": 4.08, ""why"": ""entry""}, {""t"": ""2025-01-13 08:47:00-05:00"", ""side"": ""S"", ""sh"": 400, ""px"": 3.81, ""why"": ""stop_same_bar""}]"
2025-01-14,ZNB,1,2025-01-14 07:00:00-05:00,420,2.86,2.87,2.77,3.04,0.09,1111,1111,0,2025-01-14 07:01:00-05:00,stop,False,-129.99,-1.3,1.556,1.222,0.5573770491803278,5.643444482017383,16191012.0,"[{""t"": ""2025-01-14 07:00:00-05:00"", ""side"": ""B"", ""sh"": 1111, ""px"": 2.87, ""why"": ""entry""}, {""t"": ""2025-01-14 07:01:00-05:00"", ""side"": ""S"", ""sh"": 1111, ""px"": 2.76, ""why"": ""stop""}]"
2025-01-14,AIFF,1,2025-01-14 08:21:00-05:00,501,3.93,3.94,3.7,4.39,0.23,434,434,0,2025-01-14 08:21:00-05:00,stop_same_bar,False,-111.54,-1.1174,0.0,1.348,1.0526315789473686,79.49477503812734,8503365.0,"[{""t"": ""2025-01-14 08:21:00-05:00"", ""side"": ""B"", ""sh"": 434, ""px"": 3.94, ""why"": ""entry""}, {""t"": ""2025-01-14 08:21:00-05:00"", ""side"": ""S"", ""sh"": 434, ""px"": 3.69, ""why"": ""stop_same_bar""}]"
2025-01-21,PTHS,1,2025-01-21 09:49:00-05:00,589,3.37,3.38,3.2,3.71,0.17,588,588,0,2025-01-21 09:51:00-05:00,stall_heavy_volume,True,113.54,1.1359,2.0,0.0,0.7500000000000002,7.399358804420687,6028011.0,"[{""t"": ""2025-01-21 09:49:00-05:00"", ""side"": ""B"", ""sh"": 588, ""px"": 3.38, ""why"": ""entry""}, {""t"": ""2025-01-21 09:50:00-05:00"", ""side"": ""S"", ""sh"": 294, ""px"": 3.7, ""why"": ""t1""}, {""t"": ""2025-01-21 09:51:00-05:00"", ""side"": ""S"", ""sh"": 294, ""px"": 3.4602, ""why"": ""stall_heavy_volume""}]"
2025-01-23,VNCE,1,2025-01-23 08:42:00-05:00,522,4.2001,4.2101,4.04,4.5203,0.1601,624,624,0,2025-01-23 08:44:00-05:00,first_red_candle,False,51.73,0.5178,1.498,0.0,0.7702127659574467,27.326019658957005,12609630.0,"[{""t"": ""2025-01-23 08:42:00-05:00"", ""side"": ""B"", ""sh"": 624, ""px"": 4.2101, ""why"": ""entry""}, {""t"": ""2025-01-23 08:44:00-05:00"", ""side"": ""S"", ""sh"": 624, ""px"": 4.3, ""why"": ""first_red_candle""}]"
2025-01-24,NVNI,1,2025-01-24 09:51:00-05:00,591,3.48,3.49,3.27,3.9,0.21,476,476,0,2025-01-24 09:56:00-05:00,topping_tail,True,161.36,1.6143,2.238,0.524,1.2216778523489933,11.463412723750322,,"[{""t"": ""2025-01-24 09:51:00-05:00"", ""side"": ""B"", ""sh"": 476, ""px"": 3.49, ""why"": ""entry""}, {""t"": ""2025-01-24 09:54:00-05:00"", ""side"": ""S"", ""sh"": 238, ""px"": 3.89, ""why"": ""t1""}, {""t"": ""2025-01-24 09:56:00-05:00"", ""side"": ""S"", ""sh"": 238, ""px"": 3.782, ""why"": ""topping_tail""}]"
2025-01-30,AMOD,1,2025-01-30 08:39:00-05:00,519,3.34,3.35,3.17,3.68,0.17,588,588,0,2025-01-30 08:40:00-05:00,stop,False,-115.84,-1.1588,0.647,1.0,1.0584415584415585,71.03253896835533,,"[{""t"": ""2025-01-30 08:39:00-05:00"", ""side"": ""B"", ""sh"": 588, ""px"": 3.35, ""why"": ""entry""}, {""t"": ""2025-01-30 08:40:00-05:00"", ""side"": ""S"", ""sh"": 588, ""px"": 3.16, ""why"": ""stop""}]"
2025-02-03,REBN,1,2025-02-03 07:07:00-05:00,427,7.74,7.75,7.38,8.46,0.36,277,277,0,2025-02-03 07:07:00-05:00,stop_same_bar,False,-107.2,-1.075,0.083,1.167,1.309090909090909,5.517840269940007,3672564.0,"[{""t"": ""2025-02-03 07:07:00-05:00"", ""side"": ""B"", ""sh"": 277, ""px"": 7.75, ""why"": ""entry""}, {""t"": ""2025-02-03 07:07:00-05:00"", ""side"": ""S"", ""sh"": 277, ""px"": 7.37, ""why"": ""stop_same_bar""}]"
2025-02-13,EDSA,1,2025-02-13 07:52:00-05:00,472,3.21,3.22,3.01,3.61,0.2,500,500,0,2025-02-13 07:53:00-05:00,first_red_candle,False,-83.5,-0.835,0.15,0.8,0.6989247311827957,201.91434540653066,3467658.0,"[{""t"": ""2025-02-13 07:52:00-05:00"", ""side"": ""B"", ""sh"": 500, ""px"": 3.22, ""why"": ""entry""}, {""t"": ""2025-02-13 07:53:00-05:00"", ""side"": ""S"", ""sh"": 500, ""px"": 3.06, ""why"": ""first_red_candle""}]"
2025-02-14,JTAI,1,2025-02-14 09:14:00-05:00,554,5.94,5.95,5.7,6.42,0.24,416,416,0,2025-02-14 09:14:00-05:00,stop_same_bar,False,-111.07,-1.1125,0.208,1.208,1.2325581395348837,40.70828600029973,780700.0,"[{""t"": ""2025-02-14 09:14:00-05:00"", ""side"": ""B"", ""sh"": 416, ""px"": 5.95, ""why"": ""entry""}, {""t"": ""2025-02-14 09:14:00-05:00"", ""side"": ""S"", ""sh"": 416, ""px"": 5.69, ""why"": ""stop_same_bar""}]"
2025-02-18,PRFX,1,2025-02-18 08:50:00-05:00,530,4.7997,4.8097,4.4615,5.4761,0.3382,295,295,0,2025-02-18 08:52:00-05:00,first_red_candle,False,104.22,1.0446,1.982,0.0,0.6560283687943262,9.311995476664068,1728347.0,"[{""t"": ""2025-02-18 08:50:00-05:00"", ""side"": ""B"", ""sh"": 295, ""px"": 4.8097, ""why"": ""entry""}, {""t"": ""2025-02-18 08:52:00-05:00"", ""side"": ""S"", ""sh"": 295, ""px"": 5.17, ""why"": ""first_red_candle""}]"
2025-02-20,BRTX,1,2025-02-20 08:40:00-05:00,520,2.89,2.9,2.76,3.15,0.13,769,769,0,2025-02-20 08:40:00-05:00,stop_same_bar,False,-120.73,-1.2077,0.0,2.385,0.384137931034483,42.407736552844895,6919919.0,"[{""t"": ""2025-02-20 08:40:00-05:00"", ""side"": ""B"", ""sh"": 769, ""px"": 2.9, ""why"": ""entry""}, {""t"": ""2025-02-20 08:40:00-05:00"", ""side"": ""S"", ""sh"": 769, ""px"": 2.75, ""why"": ""stop_same_bar""}]"
2025-02-20,XOS,1,2025-02-20 09:51:00-05:00,591,5.729,5.739,5.31,6.567,0.419,238,238,0,2025-02-20 09:52:00-05:00,first_red_candle,False,-56.17,-0.5632,0.384,0.833,0.7955271565495208,180.86225749266885,8029344.0,"[{""t"": ""2025-02-20 09:51:00-05:00"", ""side"": ""B"", ""sh"": 238, ""px"": 5.739, ""why"": ""entry""}, {""t"": ""2025-02-20 09:52:00-05:00"", ""side"": ""S"", ""sh"": 238, ""px"": 5.51, ""why"": ""first_red_candle""}]"
2025-02-24,ATCH,1,2025-02-24 07:26:00-05:00,446,5.54,5.55,5.24,6.14,0.3,333,333,0,2025-02-24 07:28:00-05:00,first_red_candle,False,17.65,0.1767,1.2,0.0,1.2723404255319148,36.67645586935279,1200711.0,"[{""t"": ""2025-02-24 07:26:00-05:00"", ""side"": ""B"", ""sh"": 333, ""px"": 5.55, ""why"": ""entry""}, {""t"": ""2025-02-24 07:28:00-05:00"", ""side"": ""S"", ""sh"": 333, ""px"": 5.61, ""why"": ""first_red_candle""}]"
2025-03-03,ACON,1,2025-03-03 07:03:00-05:00,423,7.08,7.09,6.78,7.68,0.3,333,333,0,2025-03-03 07:05:00-05:00,first_red_candle,False,40.96,0.41,1.867,0.0,1.0477611940298508,5.324075127116166,10431159.0,"[{""t"": ""2025-03-03 07:03:00-05:00"", ""side"": ""B"", ""sh"": 333, ""px"": 7.09, ""why"": ""entry""}, {""t"": ""2025-03-03 07:05:00-05:00"", ""side"": ""S"", ""sh"": 333, ""px"": 7.22, ""why"": ""first_red_candle""}]"
2025-03-05,GV,1,2025-03-05 09:11:00-05:00,551,2.14,2.15,1.98,2.46,0.16,625,625,0,2025-03-05 09:12:00-05:00,first_red_candle,False,-42.06,-0.4206,0.0,0.5,0.6201550387596897,29.140454190637648,,"[{""t"": ""2025-03-05 09:11:00-05:00"", ""side"": ""B"", ""sh"": 625, ""px"": 2.15, ""why"": ""entry""}, {""t"": ""2025-03-05 09:12:00-05:00"", ""side"": ""S"", ""sh"": 625, ""px"": 2.0897, ""why"": ""first_red_candle""}]"
2025-03-25,AGPU,1,2025-03-25 07:53:00-04:00,473,2.45,2.46,2.29,2.77,0.16,625,625,0,2025-03-25 07:56:00-04:00,topping_tail,True,167.48,1.6748,2.562,0.0,1.1338912133891212,59.81930082474468,6666993.0,"[{""t"": ""2025-03-25 07:53:00-04:00"", ""side"": ""B"", ""sh"": 625, ""px"": 2.46, ""why"": ""entry""}, {""t"": ""2025-03-25 07:53:00-04:00"", ""side"": ""S"", ""sh"": 312, ""px"": 2.76, ""why"": ""t1""}, {""t"": ""2025-03-25 07:56:00-04:00"", ""side"": ""S"", ""sh"": 313, ""px"": 2.71, ""why"": ""topping_tail""}]"
2025-03-25,ALMS,1,2025-03-25 08:42:00-04:00,522,6.08,6.09,5.69,6.86,0.39,256,256,0,2025-03-25 08:43:00-04:00,topping_tail,False,77.57,0.7769,1.821,0.0,0.5947019867549668,8.710641382882594,,"[{""t"": ""2025-03-25 08:42:00-04:00"", ""side"": ""B"", ""sh"": 256, ""px"": 6.09, ""why"": ""entry""}, {""t"": ""2025-03-25 08:43:00-04:00"", ""side"": ""S"", ""sh"": 256, ""px"": 6.4, ""why"": ""topping_tail""}]"
2025-03-25,MYSE,1,2025-03-25 09:57:00-04:00,597,4.31,4.32,4.07,4.79,0.24,416,416,0,2025-03-25 10:30:00-04:00,flatten_time,True,320.53,3.2104,6.75,0.0,0.9537037037037035,62.802639079958844,3009329.0,"[{""t"": ""2025-03-25 09:57:00-04:00"", ""side"": ""B"", ""sh"": 416, ""px"": 4.32, ""why"": ""entry""}, {""t"": ""2025-03-25 09:58:00-04:00"", ""side"": ""S"", ""sh"": 208, ""px"": 4.78, ""why"": ""t1""}, {""t"": ""2025-03-25 09:59:00-04:00"", ""side"": ""S"", ""sh"": 104, ""px"": 5.02, ""why"": ""t2""}, {""t"": ""2025-03-25 10:30:00-04:00"", ""side"": ""S"", ""sh"": 104, ""px"": 5.81, ""why"": ""flatten_time""}]"
2025-03-26,VIVO,1,2025-03-26 09:46:00-04:00,586,4.41,4.42,4.13,4.97,0.28,357,357,0,2025-03-26 09:48:00-04:00,first_red_candle,False,-27.13,-0.2714,0.893,0.464,0.9070796460176991,5.279463045302052,4439733.0,"[{""t"": ""2025-03-26 09:46:00-04:00"", ""side"": ""B"", ""sh"": 357, ""px"": 4.42, ""why"": ""entry""}, {""t"": ""2025-03-26 09:48:00-04:00"", ""side"": ""S"", ""sh"": 357, ""px"": 4.351, ""why"": ""first_red_candle""}]"
2025-03-28,ALP,1,2025-03-28 07:00:00-04:00,420,11.99,12.002,11.55,12.87,0.44,227,227,0,2025-03-28 07:04:00-04:00,volume_divergence,True,240.77,2.4106,3.432,0.0,1.488322717622081,30.313542525941077,19784390.0,"[{""t"": ""2025-03-28 07:00:00-04:00"", ""side"": ""B"", ""sh"": 227, ""px"": 12.002, ""why"": ""entry""}, {""t"": ""2025-03-28 07:00:00-04:00"", ""side"": ""S"", ""sh"": 114, ""px"": 12.8571, ""why"": ""t1""}, {""t"": ""2025-03-28 07:03:00-04:00"", ""side"": ""S"", ""sh"": 57, ""px"": 13.2967, ""why"": ""t2""}, {""t"": ""2025-03-28 07:04:00-04:00"", ""side"": ""S"", ""sh"": 56, ""px"": 13.2767, ""why"": ""volume_divergence""}]"
2025-04-08,SXTP,1,2025-04-08 09:45:00-04:00,585,3.18,3.19,3.02,3.5,0.16,625,625,0,2025-04-08 09:48:00-04:00,first_red_candle,False,-70.88,-0.7087,1.187,0.563,0.7178760077842643,403.0543709392665,1472891.0,"[{""t"": ""2025-04-08 09:45:00-04:00"", ""side"": ""B"", ""sh"": 625, ""px"": 3.19, ""why"": ""entry""}, {""t"": ""2025-04-08 09:48:00-04:00"", ""side"": ""S"", ""sh"": 625, ""px"": 3.0836, ""why"": ""first_red_candle""}]"
2025-04-09,PHIO,1,2025-04-09 08:56:00-04:00,536,2.2,2.21,2.12,2.36,0.08,1250,1250,0,2025-04-09 08:57:00-04:00,topping_tail,False,-83.75,-0.8375,1.75,0.0,1.1287128712871288,267.36527572898717,4778154.0,"[{""t"": ""2025-04-09 08:56:00-04:00"", ""side"": ""B"", ""sh"": 1250, ""px"": 2.21, ""why"": ""entry""}, {""t"": ""2025-04-09 08:57:00-04:00"", ""side"": ""S"", ""sh"": 1250, ""px"": 2.15, ""why"": ""topping_tail""}]"
2025-04-16,ZEO,1,2025-04-16 09:59:00-04:00,599,2.57,2.58,2.38,2.95,0.19,526,526,0,2025-04-16 10:00:00-04:00,topping_tail,False,-10.05,-0.1005,0.579,0.0,0.8235294117647058,388.0081451757801,,"[{""t"": ""2025-04-16 09:59:00-04:00"", ""side"": ""B"", ""sh"": 526, ""px"": 2.58, ""why"": ""entry""}, {""t"": ""2025-04-16 10:00:00-04:00"", ""side"": ""S"", ""sh"": 526, ""px"": 2.5679, ""why"": ""topping_tail""}]"
2025-04-21,UPXI,1,2025-04-21 08:40:00-04:00,520,8.1,8.11,7.77,8.76,0.33,303,303,0,2025-04-21 09:05:00-04:00,topping_tail,True,404.87,4.0491,11.818,0.0,2.459694989106754,397.92317031843675,1320924.0,"[{""t"": ""2025-04-21 08:40:00-04:00"", ""side"": ""B"", ""sh"": 303, ""px"": 8.11, ""why"": ""entry""}, {""t"": ""2025-04-21 08:41:00-04:00"", ""side"": ""S"", ""sh"": 152, ""px"": 8.75, ""why"": ""t1""}, {""t"": ""2025-04-21 08:41:00-04:00"", ""side"": ""S"", ""sh"": 76, ""px"": 9.08, ""why"": ""t2""}, {""t"": ""2025-04-21 09:05:00-04:00"", ""side"": ""S"", ""sh"": 75, ""px"": 11.2588, ""why"": ""topping_tail""}]"
2025-04-22,VBIO,1,2025-04-22 08:49:00-04:00,529,12.6,12.6126,11.74,14.32,0.86,116,116,0,2025-04-22 08:51:00-04:00,first_red_candle,False,-63.98,-0.6414,0.988,0.744,2.5228571428571427,5.077696600667779,620137.0,"[{""t"": ""2025-04-22 08:49:00-04:00"", ""side"": ""B"", ""sh"": 116, ""px"": 12.6126, ""why"": ""entry""}, {""t"": ""2025-04-22 08:51:00-04:00"", ""side"": ""S"", ""sh"": 116, ""px"": 12.068, ""why"": ""first_red_candle""}]"
2025-04-23,CEPO,1,2025-04-23 08:11:00-04:00,491,11.51,11.5215,11.45,11.63,0.06,653,653,0,2025-04-23 08:12:00-04:00,stop,False,-58.74,-1.4993,0.333,1.0,0.1077938342967244,9.713548948781,,"[{""t"": ""2025-04-23 08:11:00-04:00"", ""side"": ""B"", ""sh"": 653, ""px"": 11.5215, ""why"": ""entry""}, {""t"": ""2025-04-23 08:12:00-04:00"", ""side"": ""S"", ""sh"": 653, ""px"": 11.4385, ""why"": ""stop""}]"
2025-04-23,ENSC,1,2025-04-23 08:14:00-04:00,494,4.37,4.38,4.22,4.67,0.15,666,666,0,2025-04-23 08:16:00-04:00,first_red_candle,False,2.0,0.02,1.935,0.267,1.2887700534759357,61.84256413645867,1405134.0,"[{""t"": ""2025-04-23 08:14:00-04:00"", ""side"": ""B"", ""sh"": 666, ""px"": 4.38, ""why"": ""entry""}, {""t"": ""2025-04-23 08:16:00-04:00"", ""side"": ""S"", ""sh"": 666, ""px"": 4.39, ""why"": ""first_red_candle""}]"
2025-04-23,XXI,1,2025-04-23 09:33:00-04:00,573,13.06,13.0731,12.55,14.08,0.51,196,196,0,2025-04-23 09:35:00-04:00,first_red_candle,False,2.32,0.0232,0.667,0.118,0.2241054613935971,57.54771503236953,,"[{""t"": ""2025-04-23 09:33:00-04:00"", ""side"": ""B"", ""sh"": 196, ""px"": 13.0731, ""why"": ""entry""}, {""t"": ""2025-04-23 09:35:00-04:00"", ""side"": ""S"", ""sh"": 196, ""px"": 13.0919, ""why"": ""first_red_candle""}]"
2025-05-02,FRGT,1,2025-05-02 07:28:00-04:00,448,2.59,2.6,2.45,2.87,0.14,714,714,0,2025-05-02 07:31:00-04:00,topping_tail,True,321.91,3.2204,9.5,0.0,1.579203899268887,16.04688046255592,2265074.0,"[{""t"": ""2025-05-02 07:28:00-04:00"", ""side"": ""B"", ""sh"": 714, ""px"": 2.6, ""why"": ""entry""}, {""t"": ""2025-05-02 07:29:00-04:00"", ""side"": ""S"", ""sh"": 357, ""px"": 2.86, ""why"": ""t1""}, {""t"": ""2025-05-02 07:29:00-04:00"", ""side"": ""S"", ""sh"": 178, ""px"": 3.0, ""why"": ""t2""}, {""t"": ""2025-05-02 07:31:00-04:00"", ""side"": ""S"", ""sh"": 179, ""px"": 3.51, ""why"": ""topping_tail""}]"
2025-05-05,GPUS,1,2025-05-05 07:47:00-04:00,467,4.12,4.13,3.91,4.54,0.21,476,476,0,2025-05-05 07:50:00-04:00,sell_pressure_proxy,True,156.13,1.5619,2.571,0.476,1.9270072992700733,117.39446989075925,1529995.0,"[{""t"": ""2025-05-05 07:47:00-04:00"", ""side"": ""B"", ""sh"": 476, ""px"": 4.13, ""why"": ""entry""}, {""t"": ""2025-05-05 07:48:00-04:00"", ""side"": ""S"", ""sh"": 238, ""px"": 4.53, ""why"": ""t1""}, {""t"": ""2025-05-05 07:50:00-04:00"", ""side"": ""S"", ""sh"": 238, ""px"": 4.4, ""why"": ""sell_pressure_proxy""}]"
2025-05-07,NCEW,1,2025-05-07 07:02:00-04:00,422,6.68,6.69,6.35,7.34,0.33,303,303,0,2025-05-07 07:04:00-04:00,breakeven_stop,True,92.14,0.9215,2.0,1.03,1.9237668161434978,60.41375674101209,20000000.0,"[{""t"": ""2025-05-07 07:02:00-04:00"", ""side"": ""B"", ""sh"": 303, ""px"": 6.69, ""why"": ""entry""}, {""t"": ""2025-05-07 07:02:00-04:00"", ""side"": ""S"", ""sh"": 152, ""px"": 7.33, ""why"": ""t1""}, {""t"": ""2025-05-07 07:04:00-04:00"", ""side"": ""S"", ""sh"": 151, ""px"": 6.67, ""why"": ""breakeven_stop""}]"
2025-05-16,AMST,1,2025-05-16 07:00:00-04:00,420,3.86,3.87,3.68,4.22,0.18,555,555,0,2025-05-16 07:03:00-04:00,sell_pressure_proxy,True,278.84,2.7911,6.556,0.0,0.669642857142857,166.24195525069263,4572713.0,"[{""t"": ""2025-05-16 07:00:00-04:00"", ""side"": ""B"", ""sh"": 555, ""px"": 3.87, ""why"": ""entry""}, {""t"": ""2025-05-16 07:01:00-04:00"", ""side"": ""S"", ""sh"": 278, ""px"": 4.21, ""why"": ""t1""}, {""t"": ""2025-05-16 07:01:00-04:00"", ""side"": ""S"", ""sh"": 139, ""px"": 4.39, ""why"": ""t2""}, {""t"": ""2025-05-16 07:03:00-04:00"", ""side"": ""S"", ""sh"": 138, ""px"": 4.71, ""why"": ""sell_pressure_proxy""}]"
2025-05-20,NRXS,1,2025-05-20 08:21:00-04:00,501,6.51,6.52,6.1,7.33,0.41,243,243,0,2025-05-20 08:21:00-04:00,stop_same_bar,False,-106.19,-1.0659,0.39,1.512,1.784140969162996,357.1363385740775,7215864.0,"[{""t"": ""2025-05-20 08:21:00-04:00"", ""side"": ""B"", ""sh"": 243, ""px"": 6.52, ""why"": ""entry""}, {""t"": ""2025-05-20 08:21:00-04:00"", ""side"": ""S"", ""sh"": 243, ""px"": 6.09, ""why"": ""stop_same_bar""}]"
2025-05-20,EDBL,1,2025-05-20 09:53:00-04:00,593,3.45,3.46,3.26,3.83,0.19,526,526,0,2025-05-20 09:54:00-04:00,first_red_candle,False,-56.28,-0.5632,0.0,0.737,0.685,504.45277825537306,1655264.0,"[{""t"": ""2025-05-20 09:53:00-04:00"", ""side"": ""B"", ""sh"": 526, ""px"": 3.46, ""why"": ""entry""}, {""t"": ""2025-05-20 09:54:00-04:00"", ""side"": ""S"", ""sh"": 526, ""px"": 3.36, ""why"": ""first_red_candle""}]"
2025-05-21,EDBL,1,2025-05-21 07:21:00-04:00,441,6.6,6.61,6.4,7.0,0.2,500,500,0,2025-05-21 07:23:00-04:00,first_red_candle,False,-28.5,-0.285,1.0,0.35,0.788888888888889,5.124798502989846,1655264.0,"[{""t"": ""2025-05-21 07:21:00-04:00"", ""side"": ""B"", ""sh"": 500, ""px"": 6.61, ""why"": ""entry""}, {""t"": ""2025-05-21 07:23:00-04:00"", ""side"": ""S"", ""sh"": 500, ""px"": 6.56, ""why"": ""first_red_candle""}]"
2025-05-29,ALZN,1,2025-05-29 08:16:00-04:00,496,6.31,6.32,5.82,7.29,0.49,204,204,0,2025-05-29 08:17:00-04:00,first_red_candle,False,-40.19,-0.402,0.184,0.633,0.8614457831325302,30.506478713013358,6597507.0,"[{""t"": ""2025-05-29 08:16:00-04:00"", ""side"": ""B"", ""sh"": 204, ""px"": 6.32, ""why"": ""entry""}, {""t"": ""2025-05-29 08:17:00-04:00"", ""side"": ""S"", ""sh"": 204, ""px"": 6.13, ""why"": ""first_red_candle""}]"
2025-06-12,SOAR,1,2025-06-12 08:16:00-04:00,496,3.6499,3.6599,3.45,4.0497,0.1999,500,500,0,2025-06-12 08:19:00-04:00,first_red_candle,False,-23.45,-0.2346,0.651,0.799,0.6543317972350231,12.552071436328436,1921921.0,"[{""t"": ""2025-06-12 08:16:00-04:00"", ""side"": ""B"", ""sh"": 500, ""px"": 3.6599, ""why"": ""entry""}, {""t"": ""2025-06-12 08:19:00-04:00"", ""side"": ""S"", ""sh"": 500, ""px"": 3.62, ""why"": ""first_red_candle""}]"
2025-06-13,MXC,1,2025-06-13 09:44:00-04:00,584,10.04,10.1073,9.99,10.14,0.05,90,90,0,2025-06-13 09:48:00-04:00,breakeven_stop,True,0.75,0.1658,14.7,0.8,0.17806603773584895,10.66081441126178,2046000.0,"[{""t"": ""2025-06-13 09:44:00-04:00"", ""side"": ""B"", ""sh"": 90, ""px"": 10.1073, ""why"": ""entry""}, {""t"": ""2025-06-13 09:45:00-04:00"", ""side"": ""S"", ""sh"": 45, ""px"": 10.1299, ""why"": ""t1""}, {""t"": ""2025-06-13 09:45:00-04:00"", ""side"": ""S"", ""sh"": 22, ""px"": 10.1798, ""why"": ""t2""}, {""t"": ""2025-06-13 09:48:00-04:00"", ""side"": ""S"", ""sh"": 23, ""px"": 10.0871, ""why"": ""breakeven_stop""}]"
2025-06-18,DFSC,1,2025-06-18 09:51:00-04:00,591,14.43,14.4444,13.7,15.89,0.73,136,136,0,2025-06-18 09:52:00-04:00,topping_tail,False,-49.71,-0.5007,0.356,0.0,1.4288020833333337,67.26258046355997,1579174.0,"[{""t"": ""2025-06-18 09:51:00-04:00"", ""side"": ""B"", ""sh"": 136, ""px"": 14.4444, ""why"": ""entry""}, {""t"": ""2025-06-18 09:52:00-04:00"", ""side"": ""S"", ""sh"": 136, ""px"": 14.0859, ""why"": ""topping_tail""}]"
2025-06-24,INM,1,2025-06-24 07:48:00-04:00,468,5.06,5.07,4.8,5.58,0.26,384,384,0,2025-06-24 07:49:00-04:00,sell_pressure_proxy,False,-75.65,-0.7577,0.038,0.0,1.0,5.721391255817164,1207186.0,"[{""t"": ""2025-06-24 07:48:00-04:00"", ""side"": ""B"", ""sh"": 384, ""px"": 5.07, ""why"": ""entry""}, {""t"": ""2025-06-24 07:49:00-04:00"", ""side"": ""S"", ""sh"": 384, ""px"": 4.88, ""why"": ""sell_pressure_proxy""}]"
2025-06-25,SRFM,1,2025-06-25 09:45:00-04:00,585,4.99,5.0,4.78,5.41,0.21,476,476,0,2025-06-25 09:48:00-04:00,sell_pressure_proxy,True,181.12,1.8119,2.762,0.0,0.3747777777777779,5.759305224470014,19283800.0,"[{""t"": ""2025-06-25 09:45:00-04:00"", ""side"": ""B"", ""sh"": 476, ""px"": 5.0, ""why"": ""entry""}, {""t"": ""2025-06-25 09:46:00-04:00"", ""side"": ""S"", ""sh"": 238, ""px"": 5.4, ""why"": ""t1""}, {""t"": ""2025-06-25 09:48:00-04:00"", ""side"": ""S"", ""sh"": 238, ""px"": 5.375, ""why"": ""sell_pressure_proxy""}]"
2025-06-27,LCFY,1,2025-06-27 09:07:00-04:00,547,7.06,7.07,6.63,7.92,0.43,232,232,0,2025-06-27 09:09:00-04:00,first_red_candle,False,16.94,0.1698,0.884,0.372,1.7058823529411766,1417.439012194436,1382185.0,"[{""t"": ""2025-06-27 09:07:00-04:00"", ""side"": ""B"", ""sh"": 232, ""px"": 7.07, ""why"": ""entry""}, {""t"": ""2025-06-27 09:09:00-04:00"", ""side"": ""S"", ""sh"": 232, ""px"": 7.15, ""why"": ""first_red_candle""}]"
2025-06-30,ARTL,1,2025-06-30 07:57:00-04:00,477,17.88,17.8979,16.61,20.42,1.27,78,78,0,2025-06-30 07:58:00-04:00,stop,False,-102.45,-1.0342,0.685,1.291,1.5331369661266572,208.75783295915605,3281032.0,"[{""t"": ""2025-06-30 07:57:00-04:00"", ""side"": ""B"", ""sh"": 78, ""px"": 17.8979, ""why"": ""entry""}, {""t"": ""2025-06-30 07:58:00-04:00"", ""side"": ""S"", ""sh"": 78, ""px"": 16.5934, ""why"": ""stop""}]"
2025-07-02,NTRB,1,2025-07-02 09:55:00-04:00,595,10.79,10.8008,10.66,11.05,0.13,769,769,0,2025-07-02 09:58:00-04:00,stall_heavy_volume,True,202.7,2.0276,6.83,0.0,0.335411471321696,9.553827888230455,11154171.0,"[{""t"": ""2025-07-02 09:55:00-04:00"", ""side"": ""B"", ""sh"": 769, ""px"": 10.8008, ""why"": ""entry""}, {""t"": ""2025-07-02 09:55:00-04:00"", ""side"": ""S"", ""sh"": 384, ""px"": 11.0389, ""why"": ""t1""}, {""t"": ""2025-07-02 09:56:00-04:00"", ""side"": ""S"", ""sh"": 192, ""px"": 11.1688, ""why"": ""t2""}, {""t"": ""2025-07-02 09:58:00-04:00"", ""side"": ""S"", ""sh"": 193, ""px"": 11.039, ""why"": ""stall_heavy_volume""}]"
2025-07-03,NMAD,1,2025-07-03 09:54:00-04:00,594,3.91,3.92,3.6701,4.3898,0.2399,416,416,0,2025-07-03 09:57:00-04:00,first_red_candle,False,42.85,0.4293,1.417,0.208,0.8465346534653466,21.695318303417366,2684074.0,"[{""t"": ""2025-07-03 09:54:00-04:00"", ""side"": ""B"", ""sh"": 416, ""px"": 3.92, ""why"": ""entry""}, {""t"": ""2025-07-03 09:57:00-04:00"", ""side"": ""S"", ""sh"": 416, ""px"": 4.03, ""why"": ""first_red_candle""}]"
2025-07-07,VIOT,1,2025-07-07 09:43:00-04:00,583,2.11,2.13,2.05,2.23,0.06,1666,1666,0,2025-07-07 09:45:00-04:00,volume_divergence,False,105.79,1.0583,1.667,0.167,0.2650602409638556,5.08219661231444,,"[{""t"": ""2025-07-07 09:43:00-04:00"", ""side"": ""B"", ""sh"": 1666, ""px"": 2.13, ""why"": ""entry""}, {""t"": ""2025-07-07 09:45:00-04:00"", ""side"": ""S"", ""sh"": 1666, ""px"": 2.2005, ""why"": ""volume_divergence""}]"
2025-07-21,HSDT,1,2025-07-21 07:16:00-04:00,436,15.88,15.8959,15.23,17.18,0.65,153,153,0,2025-07-21 07:17:00-04:00,stop,False,-105.28,-1.0586,0.569,1.662,0.7213483146067414,7.325131418036719,7920928.0,"[{""t"": ""2025-07-21 07:16:00-04:00"", ""side"": ""B"", ""sh"": 153, ""px"": 15.8959, ""why"": ""entry""}, {""t"": ""2025-07-21 07:17:00-04:00"", ""side"": ""S"", ""sh"": 153, ""px"": 15.2148, ""why"": ""stop""}]"
2025-07-28,CRVO,1,2025-07-28 07:49:00-04:00,469,15.01,15.025,14.56,15.91,0.45,222,222,0,2025-07-28 07:50:00-04:00,topping_tail,False,42.79,0.4283,1.622,0.0,0.6481069042316259,9.771138659197229,8702719.0,"[{""t"": ""2025-07-28 07:49:00-04:00"", ""side"": ""B"", ""sh"": 222, ""px"": 15.025, ""why"": ""entry""}, {""t"": ""2025-07-28 07:50:00-04:00"", ""side"": ""S"", ""sh"": 222, ""px"": 15.2248, ""why"": ""topping_tail""}]"
2025-07-30,BGLC,1,2025-07-30 08:26:00-04:00,506,7.96,7.97,7.51,8.86,0.45,222,222,0,2025-07-30 08:29:00-04:00,first_red_candle,False,-39.29,-0.3933,0.2,0.667,0.7466367713004485,5.12032485858818,1796597.0,"[{""t"": ""2025-07-30 08:26:00-04:00"", ""side"": ""B"", ""sh"": 222, ""px"": 7.97, ""why"": ""entry""}, {""t"": ""2025-07-30 08:29:00-04:00"", ""side"": ""S"", ""sh"": 222, ""px"": 7.8, ""why"": ""first_red_candle""}]"
2025-07-31,PBM,1,2025-07-31 07:54:00-04:00,474,9.65,9.66,9.09,10.77,0.56,178,178,0,2025-07-31 07:56:00-04:00,first_red_candle,False,14.77,0.1482,0.929,0.161,0.7297671747294012,30.56057133889736,568021.0,"[{""t"": ""2025-07-31 07:54:00-04:00"", ""side"": ""B"", ""sh"": 178, ""px"": 9.66, ""why"": ""entry""}, {""t"": ""2025-07-31 07:56:00-04:00"", ""side"": ""S"", ""sh"": 178, ""px"": 9.75, ""why"": ""first_red_candle""}]"
2025-07-31,SNGX,1,2025-07-31 09:49:00-04:00,589,2.19,2.2,2.08,2.41,0.11,909,909,0,2025-07-31 09:50:00-04:00,stop,False,-124.53,-1.2455,0.364,1.0,0.7120000000000002,41.76971146571005,3264346.0,"[{""t"": ""2025-07-31 09:49:00-04:00"", ""side"": ""B"", ""sh"": 909, ""px"": 2.2, ""why"": ""entry""}, {""t"": ""2025-07-31 09:50:00-04:00"", ""side"": ""S"", ""sh"": 909, ""px"": 2.07, ""why"": ""stop""}]"
2025-07-31,SILC,1,2025-07-31 09:56:00-04:00,596,18.305,18.6066,18.24,18.435,0.065,315,315,0,2025-07-31 09:57:00-04:00,breakeven_stop_gap,True,-87.86,-4.2912,4.354,7.769,0.18943593087707833,6.679550189561136,5766286.0,"[{""t"": ""2025-07-31 09:56:00-04:00"", ""side"": ""B"", ""sh"": 315, ""px"": 18.6066, ""why"": ""entry""}, {""t"": ""2025-07-31 09:56:00-04:00"", ""side"": ""S"", ""sh"": 158, ""px"": 18.4166, ""why"": ""t1""}, {""t"": ""2025-07-31 09:56:00-04:00"", ""side"": ""S"", ""sh"": 79, ""px"": 18.4815, ""why"": ""t2""}, {""t"": ""2025-07-31 09:57:00-04:00"", ""side"": ""S"", ""sh"": 78, ""px"": 18.022, ""why"": ""breakeven_stop_gap""}]"
2025-08-04,TONX,1,2025-08-04 08:35:00-04:00,515,18.93,18.9489,17.87,21.05,1.06,94,94,0,2025-08-04 08:38:00-04:00,first_red_candle,False,19.22,0.1929,1.623,0.0,0.9053627760252367,82.09914087366677,1417955.0,"[{""t"": ""2025-08-04 08:35:00-04:00"", ""side"": ""B"", ""sh"": 94, ""px"": 18.9489, ""why"": ""entry""}, {""t"": ""2025-08-04 08:38:00-04:00"", ""side"": ""S"", ""sh"": 94, ""px"": 19.1608, ""why"": ""first_red_candle""}]"
2025-08-07,CMCT,1,2025-08-07 07:50:00-04:00,470,9.96,9.97,9.68,10.52,0.28,357,357,0,2025-08-07 07:50:00-04:00,stop_same_bar,False,-109.6,-1.0964,0.0,1.607,0.46879007485610336,225.58103650710262,754607.0,"[{""t"": ""2025-08-07 07:50:00-04:00"", ""side"": ""B"", ""sh"": 357, ""px"": 9.97, ""why"": ""entry""}, {""t"": ""2025-08-07 07:50:00-04:00"", ""side"": ""S"", ""sh"": 357, ""px"": 9.67, ""why"": ""stop_same_bar""}]"
2025-08-14,XPON,1,2025-08-14 08:12:00-04:00,492,3.4,3.41,3.3,3.6,0.1,1000,1000,0,2025-08-14 08:13:00-04:00,first_red_candle,False,-57.0,-0.57,0.1,0.4,1.5877862595419847,32.774112671414414,3474720.0,"[{""t"": ""2025-08-14 08:12:00-04:00"", ""side"": ""B"", ""sh"": 1000, ""px"": 3.41, ""why"": ""entry""}, {""t"": ""2025-08-14 08:13:00-04:00"", ""side"": ""S"", ""sh"": 1000, ""px"": 3.36, ""why"": ""first_red_candle""}]"
2025-08-18,GDRX,1,2025-08-18 09:50:00-04:00,590,5.07,5.08,4.94,5.33,0.13,769,769,0,2025-08-18 09:50:00-04:00,stop_same_bar,False,-120.73,-1.2077,0.154,1.385,0.35099195710455766,8.77432682006505,,"[{""t"": ""2025-08-18 09:50:00-04:00"", ""side"": ""B"", ""sh"": 769, ""px"": 5.08, ""why"": ""entry""}, {""t"": ""2025-08-18 09:50:00-04:00"", ""side"": ""S"", ""sh"": 769, ""px"": 4.93, ""why"": ""stop_same_bar""}]"
2025-08-19,LASE,1,2025-08-19 07:08:00-04:00,428,4.74,4.75,4.57,5.08,0.17,588,588,0,2025-08-19 07:09:00-04:00,sell_pressure_proxy,False,-62.92,-0.6294,0.176,0.0,0.8943089430894309,26.16411589211277,14276150.0,"[{""t"": ""2025-08-19 07:08:00-04:00"", ""side"": ""B"", ""sh"": 588, ""px"": 4.75, ""why"": ""entry""}, {""t"": ""2025-08-19 07:09:00-04:00"", ""side"": ""S"", ""sh"": 588, ""px"": 4.65, ""why"": ""sell_pressure_proxy""}]"
2025-08-21,NIKI,1,2025-08-21 08:12:00-04:00,492,2.64,2.65,2.57,2.78,0.07,1428,1428,0,2025-08-21 08:14:00-04:00,first_red_candle,False,-82.82,-0.8286,0.571,0.571,1.0393700787401574,6.7828185332593165,,"[{""t"": ""2025-08-21 08:12:00-04:00"", ""side"": ""B"", ""sh"": 1428, ""px"": 2.65, ""why"": ""entry""}, {""t"": ""2025-08-21 08:14:00-04:00"", ""side"": ""S"", ""sh"": 1428, ""px"": 2.599, ""why"": ""first_red_candle""}]"
2025-08-26,ALLR,1,2025-08-26 09:08:00-04:00,548,2.0398,2.0498,1.99,2.1394,0.0498,2008,2008,0,2025-08-26 09:11:00-04:00,first_red_candle,False,-114.05,-1.1406,0.205,0.799,1.1353447360033995,188.8133514632353,14619636.0,"[{""t"": ""2025-08-26 09:08:00-04:00"", ""side"": ""B"", ""sh"": 2008, ""px"": 2.0498, ""why"": ""entry""}, {""t"": ""2025-08-26 09:11:00-04:00"", ""side"": ""S"", ""sh"": 2008, ""px"": 2.0, ""why"": ""first_red_candle""}]"
2025-08-28,LGHL,1,2025-08-28 08:54:00-04:00,534,2.79,2.8,2.68,3.01,0.11,909,909,0,2025-08-28 08:54:00-04:00,stop_same_bar,False,-124.53,-1.2455,0.364,1.0,0.5221666666666664,21.914299364406677,,"[{""t"": ""2025-08-28 08:54:00-04:00"", ""side"": ""B"", ""sh"": 909, ""px"": 2.8, ""why"": ""entry""}, {""t"": ""2025-08-28 08:54:00-04:00"", ""side"": ""S"", ""sh"": 909, ""px"": 2.67, ""why"": ""stop_same_bar""}]"
2025-08-29,DFNS,1,2025-08-29 09:03:00-04:00,543,5.43,5.44,5.33,5.63,0.1,1000,1000,0,2025-08-29 09:04:00-04:00,sell_pressure_proxy,False,-77.0,-0.77,0.5,0.0,0.4606775067750677,7.845831314417114,7072721.0,"[{""t"": ""2025-08-29 09:03:00-04:00"", ""side"": ""B"", ""sh"": 1000, ""px"": 5.44, ""why"": ""entry""}, {""t"": ""2025-08-29 09:04:00-04:00"", ""side"": ""S"", ""sh"": 1000, ""px"": 5.37, ""why"": ""sell_pressure_proxy""}]"
2025-09-03,SINT,1,2025-09-03 07:21:00-04:00,441,6.49,6.5,6.205,7.06,0.285,350,350,0,2025-09-03 07:24:00-04:00,topping_tail,True,160.3,1.607,2.105,0.0,0.38293216630196936,36.620607098405756,2758865.0,"[{""t"": ""2025-09-03 07:21:00-04:00"", ""side"": ""B"", ""sh"": 350, ""px"": 6.5, ""why"": ""entry""}, {""t"": ""2025-09-03 07:23:00-04:00"", ""side"": ""S"", ""sh"": 175, ""px"": 7.05, ""why"": ""t1""}, {""t"": ""2025-09-03 07:24:00-04:00"", ""side"": ""S"", ""sh"": 175, ""px"": 6.88, ""why"": ""topping_tail""}]"
2025-09-03,VAI,1,2025-09-03 07:51:00-04:00,471,4.2,4.21,3.99,4.62,0.21,476,476,0,2025-09-03 07:52:00-04:00,first_red_candle,False,-50.93,-0.5095,1.048,0.381,0.7333333333333334,118.36214858112386,1108312.0,"[{""t"": ""2025-09-03 07:51:00-04:00"", ""side"": ""B"", ""sh"": 476, ""px"": 4.21, ""why"": ""entry""}, {""t"": ""2025-09-03 07:52:00-04:00"", ""side"": ""S"", ""sh"": 476, ""px"": 4.11, ""why"": ""first_red_candle""}]"
2025-09-04,CIGL,1,2025-09-04 08:15:00-04:00,495,2.97,2.98,2.84,3.23,0.13,769,769,0,2025-09-04 08:15:00-04:00,stop_same_bar,False,-120.73,-1.2077,0.308,1.385,0.9659183673469387,144.26954070065386,,"[{""t"": ""2025-09-04 08:15:00-04:00"", ""side"": ""B"", ""sh"": 769, ""px"": 2.98, ""why"": ""entry""}, {""t"": ""2025-09-04 08:15:00-04:00"", ""side"": ""S"", ""sh"": 769, ""px"": 2.83, ""why"": ""stop_same_bar""}]"
2025-09-04,POLA,1,2025-09-04 09:53:00-04:00,593,2.88,2.89,2.75,3.14,0.13,769,769,0,2025-09-04 09:54:00-04:00,stop,False,-120.73,-1.2077,0.769,1.0,0.29356164383561656,11.088761327145233,2511532.0,"[{""t"": ""2025-09-04 09:53:00-04:00"", ""side"": ""B"", ""sh"": 769, ""px"": 2.89, ""why"": ""entry""}, {""t"": ""2025-09-04 09:54:00-04:00"", ""side"": ""S"", ""sh"": 769, ""px"": 2.74, ""why"": ""stop""}]"
2025-09-08,XAIR,1,2025-09-08 08:14:00-04:00,494,3.26,3.27,3.07,3.64,0.19,526,526,0,2025-09-08 08:14:00-04:00,stop_same_bar,False,-114.14,-1.1421,0.0,1.526,0.44796380090497756,40.47851445111719,5226213.0,"[{""t"": ""2025-09-08 08:14:00-04:00"", ""side"": ""B"", ""sh"": 526, ""px"": 3.27, ""why"": ""entry""}, {""t"": ""2025-09-08 08:14:00-04:00"", ""side"": ""S"", ""sh"": 526, ""px"": 3.06, ""why"": ""stop_same_bar""}]"
2025-09-09,YOUL,1,2025-09-09 07:18:00-04:00,438,4.38,4.39,4.04,5.06,0.34,294,294,0,2025-09-09 07:20:00-04:00,first_red_candle,False,-63.8,-0.6382,0.324,0.647,1.4715909090909087,14.427741651488253,,"[{""t"": ""2025-09-09 07:18:00-04:00"", ""side"": ""B"", ""sh"": 294, ""px"": 4.39, ""why"": ""entry""}, {""t"": ""2025-09-09 07:20:00-04:00"", ""side"": ""S"", ""sh"": 294, ""px"": 4.18, ""why"": ""first_red_candle""}]"
2025-09-16,AIIO,1,2025-09-16 09:46:00-04:00,586,2.16,2.17,2.08,2.32,0.08,1250,1250,0,2025-09-16 09:47:00-04:00,sell_pressure_proxy,False,-77.5,-0.775,0.25,0.0,0.39655629139072857,6.564576226603622,,"[{""t"": ""2025-09-16 09:46:00-04:00"", ""side"": ""B"", ""sh"": 1250, ""px"": 2.17, ""why"": ""entry""}, {""t"": ""2025-09-16 09:47:00-04:00"", ""side"": ""S"", ""sh"": 1250, ""px"": 2.115, ""why"": ""sell_pressure_proxy""}]"
2025-09-18,LASE,1,2025-09-18 09:19:00-04:00,559,4.02,4.03,3.92,4.22,0.1,1000,1000,0,2025-09-18 09:19:00-04:00,stop_same_bar,False,-127.0,-1.27,0.4,2.8,0.4214285714285715,5.094238214976851,14276150.0,"[{""t"": ""2025-09-18 09:19:00-04:00"", ""side"": ""B"", ""sh"": 1000, ""px"": 4.03, ""why"": ""entry""}, {""t"": ""2025-09-18 09:19:00-04:00"", ""side"": ""S"", ""sh"": 1000, ""px"": 3.91, ""why"": ""stop_same_bar""}]"
2025-09-19,AGMH,1,2025-09-19 07:09:00-04:00,429,6.87,6.88,6.48,7.65,0.39,256,256,0,2025-09-19 07:11:00-04:00,first_red_candle,False,82.69,0.8282,1.692,0.0,2.0717488789237666,24.93344445125573,,"[{""t"": ""2025-09-19 07:09:00-04:00"", ""side"": ""B"", ""sh"": 256, ""px"": 6.88, ""why"": ""entry""}, {""t"": ""2025-09-19 07:11:00-04:00"", ""side"": ""S"", ""sh"": 256, ""px"": 7.21, ""why"": ""first_red_candle""}]"
2025-09-22,AVX,1,2025-09-22 07:15:00-04:00,435,10.19,10.2002,9.69,11.19,0.5,200,200,0,2025-09-22 07:17:00-04:00,breakeven_stop,True,94.42,0.9442,2.34,0.06,3.0995850622406635,58.323569984931275,1309598.0,"[{""t"": ""2025-09-22 07:15:00-04:00"", ""side"": ""B"", ""sh"": 200, ""px"": 10.2002, ""why"": ""entry""}, {""t"": ""2025-09-22 07:16:00-04:00"", ""side"": ""S"", ""sh"": 100, ""px"": 11.1788, ""why"": ""t1""}, {""t"": ""2025-09-22 07:17:00-04:00"", ""side"": ""S"", ""sh"": 100, ""px"": 10.1798, ""why"": ""breakeven_stop""}]"
2025-09-24,JZXN,1,2025-09-24 08:10:00-04:00,490,2.86,2.87,2.7,3.18,0.16,625,625,0,2025-09-24 08:10:00-04:00,stop_same_bar,False,-116.87,-1.1687,0.25,8.688,0.6728395061728396,22.213607408304245,11011389.0,"[{""t"": ""2025-09-24 08:10:00-04:00"", ""side"": ""B"", ""sh"": 625, ""px"": 2.87, ""why"": ""entry""}, {""t"": ""2025-09-24 08:10:00-04:00"", ""side"": ""S"", ""sh"": 625, ""px"": 2.69, ""why"": ""stop_same_bar""}]"
2025-10-09,RELL,1,2025-10-09 09:35:00-04:00,575,13.38,13.3934,12.99,14.16,0.39,256,256,0,2025-10-09 09:37:00-04:00,first_red_candle,False,-41.89,-0.4196,0.513,0.462,0.2441093308199811,5.879485153288778,10796094.0,"[{""t"": ""2025-10-09 09:35:00-04:00"", ""side"": ""B"", ""sh"": 256, ""px"": 13.3934, ""why"": ""entry""}, {""t"": ""2025-10-09 09:37:00-04:00"", ""side"": ""S"", ""sh"": 256, ""px"": 13.2368, ""why"": ""first_red_candle""}]"
2025-10-13,CHNR,1,2025-10-13 07:30:00-04:00,450,9.46,9.47,8.8,10.78,0.66,151,151,0,2025-10-13 07:30:00-04:00,stop_same_bar,False,-103.74,-1.0409,0.061,2.015,0.816318739828414,13.44074624612606,8377897.0,"[{""t"": ""2025-10-13 07:30:00-04:00"", ""side"": ""B"", ""sh"": 151, ""px"": 9.47, ""why"": ""entry""}, {""t"": ""2025-10-13 07:30:00-04:00"", ""side"": ""S"", ""sh"": 151, ""px"": 8.79, ""why"": ""stop_same_bar""}]"
2025-10-21,NERV,1,2025-10-21 08:08:00-04:00,488,6.24,6.25,5.87,6.98,0.37,270,270,0,2025-10-21 08:11:00-04:00,first_red_candle,False,-39.69,-0.3973,1.513,0.595,1.3045112781954886,19.881998210104747,6993406.0,"[{""t"": ""2025-10-21 08:08:00-04:00"", ""side"": ""B"", ""sh"": 270, ""px"": 6.25, ""why"": ""entry""}, {""t"": ""2025-10-21 08:11:00-04:00"", ""side"": ""S"", ""sh"": 270, ""px"": 6.11, ""why"": ""first_red_candle""}]"
2025-10-29,ERNA,1,2025-10-29 09:21:00-04:00,561,2.25,2.26,2.1,2.55,0.15,666,666,0,2025-10-29 09:22:00-04:00,first_red_candle,False,-84.38,-0.8447,0.2,0.867,0.76816,369.8649449132899,7670889.0,"[{""t"": ""2025-10-29 09:21:00-04:00"", ""side"": ""B"", ""sh"": 666, ""px"": 2.26, ""why"": ""entry""}, {""t"": ""2025-10-29 09:22:00-04:00"", ""side"": ""S"", ""sh"": 666, ""px"": 2.1403, ""why"": ""first_red_candle""}]"
2025-11-03,CNTN,1,2025-11-03 09:22:00-05:00,562,6.46,6.47,6.18,7.02,0.28,357,357,0,2025-11-03 09:23:00-05:00,first_red_candle,False,-63.19,-0.6321,1.321,0.679,1.166101694915254,43.538107150223134,4635251.0,"[{""t"": ""2025-11-03 09:22:00-05:00"", ""side"": ""B"", ""sh"": 357, ""px"": 6.47, ""why"": ""entry""}, {""t"": ""2025-11-03 09:23:00-05:00"", ""side"": ""S"", ""sh"": 357, ""px"": 6.3, ""why"": ""first_red_candle""}]"
2025-11-10,MOVE,1,2025-11-10 09:01:00-05:00,541,17.15,17.1671,16.0,19.45,1.15,86,86,0,2025-11-10 09:01:00-05:00,stop_same_bar,False,-102.45,-1.0359,0.13,1.33,2.5361018436260383,428.2647678206883,8349080.0,"[{""t"": ""2025-11-10 09:01:00-05:00"", ""side"": ""B"", ""sh"": 86, ""px"": 17.1671, ""why"": ""entry""}, {""t"": ""2025-11-10 09:01:00-05:00"", ""side"": ""S"", ""sh"": 86, ""px"": 15.984, ""why"": ""stop_same_bar""}]"
2025-11-10,PLUR,1,2025-11-10 09:40:00-05:00,580,4.46,4.47,4.35,4.68,0.11,569,569,0,2025-11-10 09:41:00-05:00,stop,False,-77.95,-1.2455,0.182,1.0,0.35258358662613976,5.194818632097513,8155948.0,"[{""t"": ""2025-11-10 09:40:00-05:00"", ""side"": ""B"", ""sh"": 569, ""px"": 4.47, ""why"": ""entry""}, {""t"": ""2025-11-10 09:41:00-05:00"", ""side"": ""S"", ""sh"": 569, ""px"": 4.34, ""why"": ""stop""}]"
2025-11-12,CMCT,1,2025-11-12 07:40:00-05:00,460,10.8,10.8108,10.36,11.68,0.44,227,227,0,2025-11-12 07:40:00-05:00,stop_same_bar,False,-106.27,-1.064,0.114,2.273,1.0918163672654693,176.95542962874342,754607.0,"[{""t"": ""2025-11-12 07:40:00-05:00"", ""side"": ""B"", ""sh"": 227, ""px"": 10.8108, ""why"": ""entry""}, {""t"": ""2025-11-12 07:40:00-05:00"", ""side"": ""S"", ""sh"": 227, ""px"": 10.3496, ""why"": ""stop_same_bar""}]"
2025-11-25,CETY,1,2025-11-25 09:48:00-05:00,588,2.24,2.25,2.08,2.56,0.16,625,625,0,2025-11-25 09:51:00-05:00,first_red_candle,False,67.5,0.675,1.625,0.0,1.0396261682242987,433.5147769160423,5183021.0,"[{""t"": ""2025-11-25 09:48:00-05:00"", ""side"": ""B"", ""sh"": 625, ""px"": 2.25, ""why"": ""entry""}, {""t"": ""2025-11-25 09:51:00-05:00"", ""side"": ""S"", ""sh"": 625, ""px"": 2.365, ""why"": ""first_red_candle""}]"
2025-11-26,AMBR,1,2025-11-26 08:22:00-05:00,502,2.55,2.56,2.45,2.75,0.1,1000,1000,0,2025-11-26 08:24:00-05:00,topping_tail,False,3.0,0.03,1.0,0.2,0.569746835443038,105.71630432346056,,"[{""t"": ""2025-11-26 08:22:00-05:00"", ""side"": ""B"", ""sh"": 1000, ""px"": 2.56, ""why"": ""entry""}, {""t"": ""2025-11-26 08:24:00-05:00"", ""side"": ""S"", ""sh"": 1000, ""px"": 2.57, ""why"": ""topping_tail""}]"
2025-12-04,QCLS,1,2025-12-04 09:47:00-05:00,587,6.33,6.34,6.17,6.65,0.16,625,625,0,2025-12-04 09:50:00-05:00,first_red_candle,False,-54.38,-0.5437,1.0,0.625,0.32976445396145615,6.7940435640194625,4166760.0,"[{""t"": ""2025-12-04 09:47:00-05:00"", ""side"": ""B"", ""sh"": 625, ""px"": 6.34, ""why"": ""entry""}, {""t"": ""2025-12-04 09:50:00-05:00"", ""side"": ""S"", ""sh"": 625, ""px"": 6.26, ""why"": ""first_red_candle""}]"
2025-12-05,WHLR,1,2025-12-05 07:41:00-05:00,461,5.71,5.72,5.39,6.35,0.32,312,312,0,2025-12-05 07:43:00-05:00,volume_divergence,False,181.9,1.8219,1.906,0.0,0.7191358024691359,34.577980787967086,1227937.0,"[{""t"": ""2025-12-05 07:41:00-05:00"", ""side"": ""B"", ""sh"": 312, ""px"": 5.72, ""why"": ""entry""}, {""t"": ""2025-12-05 07:43:00-05:00"", ""side"": ""S"", ""sh"": 312, ""px"": 6.31, ""why"": ""volume_divergence""}]"
2025-12-05,NEXR,1,2025-12-05 08:50:00-05:00,530,3.69,3.7,3.48,4.11,0.21,476,476,0,2025-12-05 08:52:00-05:00,first_red_candle,False,-3.33,-0.0333,0.904,0.286,0.42804,36.18030308768489,1715817.0,"[{""t"": ""2025-12-05 08:50:00-05:00"", ""side"": ""B"", ""sh"": 476, ""px"": 3.7, ""why"": ""entry""}, {""t"": ""2025-12-05 08:52:00-05:00"", ""side"": ""S"", ""sh"": 476, ""px"": 3.7, ""why"": ""first_red_candle""}]"
2025-12-05,FRNM,1,2025-12-05 09:52:00-05:00,592,12.35,12.3623,12.2406,12.5688,0.1094,808,808,0,2025-12-05 09:56:00-05:00,breakeven_stop,True,128.92,1.4585,3.199,0.0,0.1518691588785046,304.9836340907139,8911250.0,"[{""t"": ""2025-12-05 09:52:00-05:00"", ""side"": ""B"", ""sh"": 808, ""px"": 12.3623, ""why"": ""entry""}, {""t"": ""2025-12-05 09:54:00-05:00"", ""side"": ""S"", ""sh"": 404, ""px"": 12.5562, ""why"": ""t1""}, {""t"": ""2025-12-05 09:55:00-05:00"", ""side"": ""S"", ""sh"": 202, ""px"": 12.6655, ""why"": ""t2""}, {""t"": ""2025-12-05 09:56:00-05:00"", ""side"": ""S"", ""sh"": 202, ""px"": 12.3377, ""why"": ""breakeven_stop""}]"
2025-12-10,BBGI,1,2025-12-10 09:15:00-05:00,555,7.04,7.05,6.51,8.1,0.53,188,188,0,2025-12-10 09:15:00-05:00,stop_same_bar,False,-104.72,-1.0509,0.717,1.264,0.671604938271605,133.06003868207216,,"[{""t"": ""2025-12-10 09:15:00-05:00"", ""side"": ""B"", ""sh"": 188, ""px"": 7.05, ""why"": ""entry""}, {""t"": ""2025-12-10 09:15:00-05:00"", ""side"": ""S"", ""sh"": 188, ""px"": 6.5, ""why"": ""stop_same_bar""}]"
2025-12-11,BTTC,1,2025-12-11 08:38:00-05:00,518,6.67,6.68,6.22,7.57,0.45,222,222,0,2025-12-11 08:39:00-05:00,sell_pressure_proxy,False,-21.53,-0.2156,1.067,0.0,0.9487179487179487,144.99065950715254,7723620.0,"[{""t"": ""2025-12-11 08:38:00-05:00"", ""side"": ""B"", ""sh"": 222, ""px"": 6.68, ""why"": ""entry""}, {""t"": ""2025-12-11 08:39:00-05:00"", ""side"": ""S"", ""sh"": 222, ""px"": 6.59, ""why"": ""sell_pressure_proxy""}]"
2025-12-18,LONA,1,2025-12-18 09:37:00-05:00,577,7.7999,7.8099,7.55,8.2997,0.2499,400,400,0,2025-12-18 09:39:00-05:00,first_red_candle,False,-42.72,-0.4274,0.2,0.76,0.8548972188633617,1312.5731122802417,3943887.0,"[{""t"": ""2025-12-18 09:37:00-05:00"", ""side"": ""B"", ""sh"": 400, ""px"": 7.8099, ""why"": ""entry""}, {""t"": ""2025-12-18 09:39:00-05:00"", ""side"": ""S"", ""sh"": 400, ""px"": 7.7101, ""why"": ""first_red_candle""}]"
2025-12-18,IA,1,2025-12-18 09:59:00-05:00,599,14.96,14.975,14.7,15.48,0.26,384,384,0,2025-12-18 10:02:00-05:00,first_red_candle,False,-12.26,-0.1228,0.423,0.138,0.3521383075523201,5.531890695958342,17628163.0,"[{""t"": ""2025-12-18 09:59:00-05:00"", ""side"": ""B"", ""sh"": 384, ""px"": 14.975, ""why"": ""entry""}, {""t"": ""2025-12-18 10:02:00-05:00"", ""side"": ""S"", ""sh"": 384, ""px"": 14.95, ""why"": ""first_red_candle""}]"
2025-12-19,AZI,1,2025-12-19 08:47:00-05:00,527,2.13,2.14,2.07,2.25,0.06,1666,1666,0,2025-12-19 08:47:00-05:00,stop_same_bar,False,-144.94,-1.45,0.5,1.0,0.381578947368421,5.330935841339588,,"[{""t"": ""2025-12-19 08:47:00-05:00"", ""side"": ""B"", ""sh"": 1666, ""px"": 2.14, ""why"": ""entry""}, {""t"": ""2025-12-19 08:47:00-05:00"", ""side"": ""S"", ""sh"": 1666, ""px"": 2.06, ""why"": ""stop_same_bar""}]"
2026-01-06,ALMS,1,2026-01-06 09:02:00-05:00,542,19.21,19.2292,19.0,19.63,0.21,476,476,0,2026-01-06 09:03:00-05:00,breakeven_stop,True,78.24,0.7827,2.524,0.286,1.2960288808664258,10.791909035440415,,"[{""t"": ""2026-01-06 09:02:00-05:00"", ""side"": ""B"", ""sh"": 476, ""px"": 19.2292, ""why"": ""entry""}, {""t"": ""2026-01-06 09:02:00-05:00"", ""side"": ""S"", ""sh"": 238, ""px"": 19.6104, ""why"": ""t1""}, {""t"": ""2026-01-06 09:03:00-05:00"", ""side"": ""S"", ""sh"": 238, ""px"": 19.1908, ""why"": ""breakeven_stop""}]"
2026-01-08,ACON,1,2026-01-08 07:04:00-05:00,424,8.18,8.19,7.95,8.64,0.23,434,434,0,2026-01-08 07:04:00-05:00,stop_same_bar,False,-111.54,-1.1174,0.217,1.652,0.4034782608695653,28.48430405958223,671371.0,"[{""t"": ""2026-01-08 07:04:00-05:00"", ""side"": ""B"", ""sh"": 434, ""px"": 8.19, ""why"": ""entry""}, {""t"": ""2026-01-08 07:04:00-05:00"", ""side"": ""S"", ""sh"": 434, ""px"": 7.94, ""why"": ""stop_same_bar""}]"
2026-01-08,FLYX,1,2026-01-08 08:20:00-05:00,500,5.5,5.51,5.23,6.04,0.27,370,370,0,2026-01-08 08:24:00-05:00,sell_pressure_proxy,True,200.65,2.0085,3.704,0.0,0.6751592356687897,206.6274654482504,,"[{""t"": ""2026-01-08 08:20:00-05:00"", ""side"": ""B"", ""sh"": 370, ""px"": 5.51, ""why"": ""entry""}, {""t"": ""2026-01-08 08:21:00-05:00"", ""side"": ""S"", ""sh"": 185, ""px"": 6.03, ""why"": ""t1""}, {""t"": ""2026-01-08 08:21:00-05:00"", ""side"": ""S"", ""sh"": 92, ""px"": 6.3, ""why"": ""t2""}, {""t"": ""2026-01-08 08:24:00-05:00"", ""side"": ""S"", ""sh"": 93, ""px"": 5.88, ""why"": ""sell_pressure_proxy""}]"
2026-01-12,OM,1,2026-01-12 09:12:00-05:00,552,6.7199,6.7299,6.46,7.2397,0.2599,384,384,0,2026-01-12 09:14:00-05:00,first_red_candle,False,-64.09,-0.6422,0.116,0.807,0.44956140350877205,18.971865598354043,18153090.0,"[{""t"": ""2026-01-12 09:12:00-05:00"", ""side"": ""B"", ""sh"": 384, ""px"": 6.7299, ""why"": ""entry""}, {""t"": ""2026-01-12 09:14:00-05:00"", ""side"": ""S"", ""sh"": 384, ""px"": 6.57, ""why"": ""first_red_candle""}]"
2026-01-13,WATT,1,2026-01-13 09:35:00-05:00,575,8.0499,8.0599,7.6001,8.9495,0.4498,222,222,0,2026-01-13 09:37:00-05:00,first_red_candle,False,-26.48,-0.2652,0.334,0.956,0.3924050632911391,17.135738312040665,2175137.0,"[{""t"": ""2026-01-13 09:35:00-05:00"", ""side"": ""B"", ""sh"": 222, ""px"": 8.0599, ""why"": ""entry""}, {""t"": ""2026-01-13 09:37:00-05:00"", ""side"": ""S"", ""sh"": 222, ""px"": 7.9476, ""why"": ""first_red_candle""}]"
2026-01-16,LCFY,1,2026-01-16 08:59:00-05:00,539,6.96,6.97,6.63,7.62,0.33,303,303,0,2026-01-16 09:01:00-05:00,first_red_candle,False,-41.51,-0.4152,1.152,0.424,1.1853035143769968,1510.6571952648653,1799055.0,"[{""t"": ""2026-01-16 08:59:00-05:00"", ""side"": ""B"", ""sh"": 303, ""px"": 6.97, ""why"": ""entry""}, {""t"": ""2026-01-16 09:01:00-05:00"", ""side"": ""S"", ""sh"": 303, ""px"": 6.84, ""why"": ""first_red_candle""}]"
2026-01-21,PAVM,1,2026-01-21 08:36:00-05:00,516,14.78,14.7948,14.11,16.12,0.67,149,149,0,2026-01-21 08:38:00-05:00,first_red_candle,False,-17.36,-0.1739,1.209,0.567,1.3117932148626816,283.24521133068373,16787173.0,"[{""t"": ""2026-01-21 08:36:00-05:00"", ""side"": ""B"", ""sh"": 149, ""px"": 14.7948, ""why"": ""entry""}, {""t"": ""2026-01-21 08:38:00-05:00"", ""side"": ""S"", ""sh"": 149, ""px"": 14.6853, ""why"": ""first_red_candle""}]"
2026-01-23,BGL,1,2026-01-23 07:51:00-05:00,471,6.49,6.5,6.31,6.85,0.18,555,555,0,2026-01-23 07:52:00-05:00,first_red_candle,False,-76.04,-0.7611,0.056,0.778,0.511737089201878,5.206065478594651,,"[{""t"": ""2026-01-23 07:51:00-05:00"", ""side"": ""B"", ""sh"": 555, ""px"": 6.5, ""why"": ""entry""}, {""t"": ""2026-01-23 07:52:00-05:00"", ""side"": ""S"", ""sh"": 555, ""px"": 6.37, ""why"": ""first_red_candle""}]"
2026-01-29,DCX,1,2026-01-29 07:33:00-05:00,453,5.3,5.31,4.92,6.06,0.38,263,263,0,2026-01-29 07:34:00-05:00,stop,False,-107.04,-1.0711,0.105,1.316,0.6503267973856208,82.84170873250392,4830811.0,"[{""t"": ""2026-01-29 07:33:00-05:00"", ""side"": ""B"", ""sh"": 263, ""px"": 5.31, ""why"": ""entry""}, {""t"": ""2026-01-29 07:34:00-05:00"", ""side"": ""S"", ""sh"": 263, ""px"": 4.91, ""why"": ""stop""}]"
2026-02-02,SWVL,1,2026-02-02 07:22:00-05:00,442,2.61,2.62,2.44,2.95,0.17,588,588,0,2026-02-02 07:23:00-05:00,first_red_candle,False,-74.68,-0.7471,0.235,0.824,0.4033149171270718,187.2108690217723,,"[{""t"": ""2026-02-02 07:22:00-05:00"", ""side"": ""B"", ""sh"": 588, ""px"": 2.62, ""why"": ""entry""}, {""t"": ""2026-02-02 07:23:00-05:00"", ""side"": ""S"", ""sh"": 588, ""px"": 2.5, ""why"": ""first_red_candle""}]"
2026-02-02,ACCL,1,2026-02-02 09:13:00-05:00,553,2.25,2.26,2.15,2.45,0.1,1000,1000,0,2026-02-02 09:13:00-05:00,stop_same_bar,False,-127.0,-1.27,0.1,2.2,0.6692307692307691,9.016929241514374,12500000.0,"[{""t"": ""2026-02-02 09:13:00-05:00"", ""side"": ""B"", ""sh"": 1000, ""px"": 2.26, ""why"": ""entry""}, {""t"": ""2026-02-02 09:13:00-05:00"", ""side"": ""S"", ""sh"": 1000, ""px"": 2.14, ""why"": ""stop_same_bar""}]"
2026-02-06,WHLR,1,2026-02-06 07:31:00-05:00,451,3.34,3.35,3.24,3.54,0.1,1000,1000,0,2026-02-06 07:32:00-05:00,stop,False,-127.0,-1.27,0.1,1.0,0.49771689497716887,38.642629625449146,1227937.0,"[{""t"": ""2026-02-06 07:31:00-05:00"", ""side"": ""B"", ""sh"": 1000, ""px"": 3.35, ""why"": ""entry""}, {""t"": ""2026-02-06 07:32:00-05:00"", ""side"": ""S"", ""sh"": 1000, ""px"": 3.23, ""why"": ""stop""}]"
2026-03-04,VCIG,1,2026-03-04 08:20:00-05:00,500,14.73,14.7447,13.65,16.89,1.08,92,92,0,2026-03-04 08:21:00-05:00,first_red_candle,False,-63.15,-0.6356,0.111,0.926,0.7783312577833126,94.83711567953378,14983751.0,"[{""t"": ""2026-03-04 08:20:00-05:00"", ""side"": ""B"", ""sh"": 92, ""px"": 14.7447, ""why"": ""entry""}, {""t"": ""2026-03-04 08:21:00-05:00"", ""side"": ""S"", ""sh"": 92, ""px"": 14.0659, ""why"": ""first_red_candle""}]"
2026-03-05,MTEK,1,2026-03-05 09:26:00-05:00,566,2.94,2.95,2.74,3.34,0.2,500,500,0,2026-03-05 09:26:00-05:00,stop_same_bar,False,-113.5,-1.135,1.1,1.05,0.5245901639344261,86.12423665009062,8104180.0,"[{""t"": ""2026-03-05 09:26:00-05:00"", ""side"": ""B"", ""sh"": 500, ""px"": 2.95, ""why"": ""entry""}, {""t"": ""2026-03-05 09:26:00-05:00"", ""side"": ""S"", ""sh"": 500, ""px"": 2.73, ""why"": ""stop_same_bar""}]"
2026-03-10,INKT,1,2026-03-10 07:05:00-04:00,425,19.05,19.0691,18.22,20.71,0.83,120,120,0,2026-03-10 07:07:00-04:00,first_red_candle,False,48.53,0.4873,1.253,0.06,0.7502392344497608,443.3084691202049,4694155.0,"[{""t"": ""2026-03-10 07:05:00-04:00"", ""side"": ""B"", ""sh"": 120, ""px"": 19.0691, ""why"": ""entry""}, {""t"": ""2026-03-10 07:07:00-04:00"", ""side"": ""S"", ""sh"": 120, ""px"": 19.4805, ""why"": ""first_red_candle""}]"
2026-03-10,ACXP,1,2026-03-10 09:56:00-04:00,596,2.71,2.72,2.59,2.95,0.12,833,833,0,2026-03-10 09:58:00-04:00,first_red_candle,False,119.12,1.1917,1.833,0.0,0.34588235294117653,12.163272400912389,2085363.0,"[{""t"": ""2026-03-10 09:56:00-04:00"", ""side"": ""B"", ""sh"": 833, ""px"": 2.72, ""why"": ""entry""}, {""t"": ""2026-03-10 09:58:00-04:00"", ""side"": ""S"", ""sh"": 833, ""px"": 2.87, ""why"": ""first_red_candle""}]"
2026-03-13,BIAF,1,2026-03-13 09:42:00-04:00,582,2.13,2.14,2.06,2.27,0.07,1428,1428,0,2026-03-13 09:44:00-04:00,topping_tail,True,189.92,1.9,3.857,0.0,0.9626168224299065,82.01419110365505,4498709.0,"[{""t"": ""2026-03-13 09:42:00-04:00"", ""side"": ""B"", ""sh"": 1428, ""px"": 2.14, ""why"": ""entry""}, {""t"": ""2026-03-13 09:43:00-04:00"", ""side"": ""S"", ""sh"": 714, ""px"": 2.26, ""why"": ""t1""}, {""t"": ""2026-03-13 09:43:00-04:00"", ""side"": ""S"", ""sh"": 357, ""px"": 2.33, ""why"": ""t2""}, {""t"": ""2026-03-13 09:44:00-04:00"", ""side"": ""S"", ""sh"": 357, ""px"": 2.27, ""why"": ""topping_tail""}]"
2026-03-18,ARTL,1,2026-03-18 08:13:00-04:00,493,7.6299,7.6399,7.2501,8.3895,0.3798,263,263,0,2026-03-18 08:13:00-04:00,stop_same_bar,False,-106.99,-1.0711,0.606,1.236,0.5525773195876293,246.3794686819785,2124772.0,"[{""t"": ""2026-03-18 08:13:00-04:00"", ""side"": ""B"", ""sh"": 263, ""px"": 7.6399, ""why"": ""entry""}, {""t"": ""2026-03-18 08:13:00-04:00"", ""side"": ""S"", ""sh"": 263, ""px"": 7.2401, ""why"": ""stop_same_bar""}]"
2026-03-27,ARTL,1,2026-03-27 08:51:00-04:00,531,9.08,9.09,8.55,10.14,0.53,188,188,0,2026-03-27 08:53:00-04:00,first_red_candle,False,-74.67,-0.7494,0.358,0.906,1.7335423197492164,6.865757117013557,2124772.0,"[{""t"": ""2026-03-27 08:51:00-04:00"", ""side"": ""B"", ""sh"": 188, ""px"": 9.09, ""why"": ""entry""}, {""t"": ""2026-03-27 08:53:00-04:00"", ""side"": ""S"", ""sh"": 188, ""px"": 8.6998, ""why"": ""first_red_candle""}]"
2026-03-31,KIDZ,1,2026-03-31 07:40:00-04:00,460,3.32,3.33,3.21,3.54,0.11,909,909,0,2026-03-31 07:41:00-04:00,stop,False,-124.53,-1.2455,1.0,1.364,0.5853658536585367,7.837263051199188,6535014.0,"[{""t"": ""2026-03-31 07:40:00-04:00"", ""side"": ""B"", ""sh"": 909, ""px"": 3.33, ""why"": ""entry""}, {""t"": ""2026-03-31 07:41:00-04:00"", ""side"": ""S"", ""sh"": 909, ""px"": 3.2, ""why"": ""stop""}]"
2026-04-01,KRSA,1,2026-04-01 07:19:00-04:00,439,3.09,3.1,2.91,3.45,0.18,555,555,0,2026-04-01 07:22:00-04:00,first_red_candle,False,-26.09,-0.2611,0.333,0.389,0.9290322580645163,387.7985525821857,4330314.0,"[{""t"": ""2026-04-01 07:19:00-04:00"", ""side"": ""B"", ""sh"": 555, ""px"": 3.1, ""why"": ""entry""}, {""t"": ""2026-04-01 07:22:00-04:00"", ""side"": ""S"", ""sh"": 555, ""px"": 3.06, ""why"": ""first_red_candle""}]"
2026-04-02,SKYQ,1,2026-04-02 07:26:00-04:00,446,4.26,4.27,3.98,4.82,0.28,357,357,0,2026-04-02 07:27:00-04:00,first_red_candle,False,-84.61,-0.8464,0.429,0.857,0.6403557312252965,48.0616791004895,3757449.0,"[{""t"": ""2026-04-02 07:26:00-04:00"", ""side"": ""B"", ""sh"": 357, ""px"": 4.27, ""why"": ""entry""}, {""t"": ""2026-04-02 07:27:00-04:00"", ""side"": ""S"", ""sh"": 357, ""px"": 4.04, ""why"": ""first_red_candle""}]"
2026-04-09,CLIK,1,2026-04-09 07:13:00-04:00,433,3.24,3.25,3.03,3.66,0.21,476,476,0,2026-04-09 07:14:00-04:00,first_red_candle,False,-55.69,-0.5571,0.238,0.619,0.538095238095238,19.42619929805359,,"[{""t"": ""2026-04-09 07:13:00-04:00"", ""side"": ""B"", ""sh"": 476, ""px"": 3.25, ""why"": ""entry""}, {""t"": ""2026-04-09 07:14:00-04:00"", ""side"": ""S"", ""sh"": 476, ""px"": 3.14, ""why"": ""first_red_candle""}]"
2026-04-09,ONCO,1,2026-04-09 08:44:00-04:00,524,2.19,2.2,2.1,2.37,0.09,1111,1111,0,2026-04-09 08:45:00-04:00,stop,False,-129.99,-1.3,0.556,1.0,0.8761061946902653,6.010170870168824,3584245.0,"[{""t"": ""2026-04-09 08:44:00-04:00"", ""side"": ""B"", ""sh"": 1111, ""px"": 2.2, ""why"": ""entry""}, {""t"": ""2026-04-09 08:45:00-04:00"", ""side"": ""S"", ""sh"": 1111, ""px"": 2.09, ""why"": ""stop""}]"
2026-04-10,LNKS,1,2026-04-10 09:19:00-04:00,559,2.81,2.82,2.7,3.03,0.11,909,909,0,2026-04-10 09:21:00-04:00,first_red_candle,False,-79.08,-0.7909,0.273,0.636,0.403061224489796,6.088580524526701,,"[{""t"": ""2026-04-10 09:19:00-04:00"", ""side"": ""B"", ""sh"": 909, ""px"": 2.82, ""why"": ""entry""}, {""t"": ""2026-04-10 09:21:00-04:00"", ""side"": ""S"", ""sh"": 909, ""px"": 2.74, ""why"": ""first_red_candle""}]"
2026-04-14,ROLR,1,2026-04-14 08:08:00-04:00,488,6.81,6.82,6.53,7.37,0.28,357,357,0,2026-04-14 08:14:00-04:00,sell_pressure_proxy,True,244.83,2.4493,4.143,0.036,0.2993909626719058,15.715886918116077,10890098.0,"[{""t"": ""2026-04-14 08:08:00-04:00"", ""side"": ""B"", ""sh"": 357, ""px"": 6.82, ""why"": ""entry""}, {""t"": ""2026-04-14 08:10:00-04:00"", ""side"": ""S"", ""sh"": 178, ""px"": 7.36, ""why"": ""t1""}, {""t"": ""2026-04-14 08:11:00-04:00"", ""side"": ""S"", ""sh"": 89, ""px"": 7.64, ""why"": ""t2""}, {""t"": ""2026-04-14 08:14:00-04:00"", ""side"": ""S"", ""sh"": 90, ""px"": 7.69, ""why"": ""sell_pressure_proxy""}]"
2026-04-16,MYSE,1,2026-04-16 07:12:00-04:00,432,4.8,4.81,4.63,5.14,0.17,588,588,0,2026-04-16 07:15:00-04:00,sell_pressure_proxy,True,267.83,2.6794,6.471,0.0,2.3125,33.91719363985852,4324329.0,"[{""t"": ""2026-04-16 07:12:00-04:00"", ""side"": ""B"", ""sh"": 588, ""px"": 4.81, ""why"": ""entry""}, {""t"": ""2026-04-16 07:12:00-04:00"", ""side"": ""S"", ""sh"": 294, ""px"": 5.13, ""why"": ""t1""}, {""t"": ""2026-04-16 07:13:00-04:00"", ""side"": ""S"", ""sh"": 147, ""px"": 5.3, ""why"": ""t2""}, {""t"": ""2026-04-16 07:15:00-04:00"", ""side"": ""S"", ""sh"": 147, ""px"": 5.53, ""why"": ""sell_pressure_proxy""}]"
2026-04-17,EFOI,1,2026-04-17 09:30:00-04:00,570,5.43,5.44,5.29,5.71,0.14,714,714,0,2026-04-17 09:30:00-04:00,stop_same_bar,True,30.7,0.3071,2.0,3.071,1.5693779904306222,1467.5608658410881,6306433.0,"[{""t"": ""2026-04-17 09:30:00-04:00"", ""side"": ""B"", ""sh"": 714, ""px"": 5.44, ""why"": ""entry""}, {""t"": ""2026-04-17 09:30:00-04:00"", ""side"": ""S"", ""sh"": 357, ""px"": 5.7, ""why"": ""t1""}, {""t"": ""2026-04-17 09:30:00-04:00"", ""side"": ""S"", ""sh"": 357, ""px"": 5.28, ""why"": ""stop_same_bar""}]"
2026-04-23,CPIX,1,2026-04-23 09:17:00-04:00,557,5.56,5.57,5.38,5.92,0.18,555,555,0,2026-04-23 09:17:00-04:00,stop_same_bar,False,-114.88,-1.15,0.722,1.667,0.7967213114754101,212.315139663617,14956627.0,"[{""t"": ""2026-04-23 09:17:00-04:00"", ""side"": ""B"", ""sh"": 555, ""px"": 5.57, ""why"": ""entry""}, {""t"": ""2026-04-23 09:17:00-04:00"", ""side"": ""S"", ""sh"": 555, ""px"": 5.37, ""why"": ""stop_same_bar""}]"
2026-04-29,SAGT,1,2026-04-29 08:13:00-04:00,493,2.7,2.71,2.62,2.86,0.08,1250,1250,0,2026-04-29 08:13:00-04:00,stop_same_bar,False,-133.75,-1.3375,0.0,1.375,0.5588235294117647,183.80944032347037,12550000.0,"[{""t"": ""2026-04-29 08:13:00-04:00"", ""side"": ""B"", ""sh"": 1250, ""px"": 2.71, ""why"": ""entry""}, {""t"": ""2026-04-29 08:13:00-04:00"", ""side"": ""S"", ""sh"": 1250, ""px"": 2.61, ""why"": ""stop_same_bar""}]"
2026-05-01,FXHO,1,2026-05-01 07:10:00-04:00,430,2.9,2.91,2.7101,3.2798,0.1899,526,526,0,2026-05-01 07:11:00-04:00,stop,False,-114.09,-1.1422,0.21,1.106,0.4878706199460916,191.5216625674723,3604015.0,"[{""t"": ""2026-05-01 07:10:00-04:00"", ""side"": ""B"", ""sh"": 526, ""px"": 2.91, ""why"": ""entry""}, {""t"": ""2026-05-01 07:11:00-04:00"", ""side"": ""S"", ""sh"": 526, ""px"": 2.7001, ""why"": ""stop""}]"
2026-05-06,PMAX,1,2026-05-06 09:17:00-04:00,557,3.03,3.04,2.92,3.25,0.11,909,909,0,2026-05-06 09:20:00-04:00,first_red_candle,False,-33.63,-0.3364,1.0,0.455,0.4103773584905661,7.96636631900182,,"[{""t"": ""2026-05-06 09:17:00-04:00"", ""side"": ""B"", ""sh"": 909, ""px"": 3.04, ""why"": ""entry""}, {""t"": ""2026-05-06 09:20:00-04:00"", ""side"": ""S"", ""sh"": 909, ""px"": 3.01, ""why"": ""first_red_candle""}]"
2026-05-07,ATRA,1,2026-05-07 08:15:00-04:00,495,8.7399,8.7499,8.28,9.6597,0.4599,217,217,0,2026-05-07 08:16:00-04:00,stop,False,-105.66,-1.0587,0.131,1.174,0.6266796116504854,76.98511744078354,8178114.0,"[{""t"": ""2026-05-07 08:15:00-04:00"", ""side"": ""B"", ""sh"": 217, ""px"": 8.7499, ""why"": ""entry""}, {""t"": ""2026-05-07 08:16:00-04:00"", ""side"": ""S"", ""sh"": 217, ""px"": 8.27, ""why"": ""stop""}]"
2026-05-11,ODYS,1,2026-05-11 08:52:00-04:00,532,12.05,12.0621,11.27,13.61,0.78,128,128,0,2026-05-11 08:54:00-04:00,first_red_candle,False,36.94,0.37,1.949,0.0,1.5426008968609866,499.5676300090198,16359410.0,"[{""t"": ""2026-05-11 08:52:00-04:00"", ""side"": ""B"", ""sh"": 128, ""px"": 12.0621, ""why"": ""entry""}, {""t"": ""2026-05-11 08:54:00-04:00"", ""side"": ""S"", ""sh"": 128, ""px"": 12.3576, ""why"": ""first_red_candle""}]"
2026-05-15,SLE,1,2026-05-15 08:34:00-04:00,514,6.32,6.33,6.0701,6.8198,0.2499,400,400,0,2026-05-15 08:36:00-04:00,first_red_candle,False,-42.8,-0.4282,1.04,0.4,0.5135135135135134,802.715133119023,1502712.0,"[{""t"": ""2026-05-15 08:34:00-04:00"", ""side"": ""B"", ""sh"": 400, ""px"": 6.33, ""why"": ""entry""}, {""t"": ""2026-05-15 08:36:00-04:00"", ""side"": ""S"", ""sh"": 400, ""px"": 6.23, ""why"": ""first_red_candle""}]"
2026-05-15,PIII,1,2026-05-15 09:48:00-04:00,588,6.66,6.67,6.19,7.6,0.47,212,212,0,2026-05-15 10:00:00-04:00,sell_pressure_proxy,True,229.26,2.3009,3.66,0.0,0.592183622828784,18.546722216644916,,"[{""t"": ""2026-05-15 09:48:00-04:00"", ""side"": ""B"", ""sh"": 212, ""px"": 6.67, ""why"": ""entry""}, {""t"": ""2026-05-15 09:55:00-04:00"", ""side"": ""S"", ""sh"": 106, ""px"": 7.59, ""why"": ""t1""}, {""t"": ""2026-05-15 09:57:00-04:00"", ""side"": ""S"", ""sh"": 53, ""px"": 8.06, ""why"": ""t2""}, {""t"": ""2026-05-15 10:00:00-04:00"", ""side"": ""S"", ""sh"": 53, ""px"": 7.7999, ""why"": ""sell_pressure_proxy""}]"
2026-05-19,RUBI,1,2026-05-19 07:13:00-04:00,433,5.49,5.5,5.2296,6.0108,0.2604,384,384,0,2026-05-19 07:14:00-04:00,stop,False,-110.36,-1.1037,0.384,1.767,2.100173410404624,108.7149787620236,385501.0,"[{""t"": ""2026-05-19 07:13:00-04:00"", ""side"": ""B"", ""sh"": 384, ""px"": 5.5, ""why"": ""entry""}, {""t"": ""2026-05-19 07:14:00-04:00"", ""side"": ""S"", ""sh"": 384, ""px"": 5.2196, ""why"": ""stop""}]"
2026-05-22,RYOJ,1,2026-05-22 09:49:00-04:00,589,3.09,3.1,2.86,3.55,0.23,434,434,0,2026-05-22 09:52:00-04:00,first_red_candle,False,-50.78,-0.5087,0.826,0.391,0.4925373134328359,8.154573506035076,11550000.0,"[{""t"": ""2026-05-22 09:49:00-04:00"", ""side"": ""B"", ""sh"": 434, ""px"": 3.1, ""why"": ""entry""}, {""t"": ""2026-05-22 09:52:00-04:00"", ""side"": ""S"", ""sh"": 434, ""px"": 2.99, ""why"": ""first_red_candle""}]"
2026-05-26,MNTS,1,2026-05-26 09:54:00-04:00,594,14.56,14.5746,14.0,15.68,0.56,178,178,0,2026-05-26 09:55:00-04:00,stop,False,-106.01,-1.0635,0.25,1.179,0.9390243902439026,9.557970227480352,9992398.0,"[{""t"": ""2026-05-26 09:54:00-04:00"", ""side"": ""B"", ""sh"": 178, ""px"": 14.5746, ""why"": ""entry""}, {""t"": ""2026-05-26 09:55:00-04:00"", ""side"": ""S"", ""sh"": 178, ""px"": 13.986, ""why"": ""stop""}]"
2026-05-28,SPRC,1,2026-05-28 08:59:00-04:00,539,11.55,11.5616,11.12,12.41,0.43,232,232,0,2026-05-28 08:59:00-04:00,stop_same_bar,False,-106.64,-1.069,0.721,1.837,1.6036446469248293,11.01534076551272,365444.0,"[{""t"": ""2026-05-28 08:59:00-04:00"", ""side"": ""B"", ""sh"": 232, ""px"": 11.5616, ""why"": ""entry""}, {""t"": ""2026-05-28 08:59:00-04:00"", ""side"": ""S"", ""sh"": 232, ""px"": 11.1089, ""why"": ""stop_same_bar""}]"
2026-05-29,OLOX,1,2026-05-29 07:19:00-04:00,439,9.4399,9.4499,8.8,10.7197,0.6399,156,156,0,2026-05-29 07:20:00-04:00,topping_tail,False,-30.72,-0.3077,0.703,0.0,0.8353658536585364,22.993582703925806,5688555.0,"[{""t"": ""2026-05-29 07:19:00-04:00"", ""side"": ""B"", ""sh"": 156, ""px"": 9.4499, ""why"": ""entry""}, {""t"": ""2026-05-29 07:20:00-04:00"", ""side"": ""S"", ""sh"": 156, ""px"": 9.26, ""why"": ""topping_tail""}]"
2026-06-01,DRK,1,2026-06-01 07:51:00-04:00,471,3.65,3.66,3.45,4.05,0.2,500,500,0,2026-06-01 07:56:00-04:00,sell_pressure_proxy,True,202.75,2.0275,3.476,0.0,0.8629473684210527,106.41126597562476,4243822.0,"[{""t"": ""2026-06-01 07:51:00-04:00"", ""side"": ""B"", ""sh"": 500, ""px"": 3.66, ""why"": ""entry""}, {""t"": ""2026-06-01 07:53:00-04:00"", ""side"": ""S"", ""sh"": 250, ""px"": 4.04, ""why"": ""t1""}, {""t"": ""2026-06-01 07:53:00-04:00"", ""side"": ""S"", ""sh"": 125, ""px"": 4.24, ""why"": ""t2""}, {""t"": ""2026-06-01 07:56:00-04:00"", ""side"": ""S"", ""sh"": 125, ""px"": 3.97, ""why"": ""sell_pressure_proxy""}]"
2026-06-04,ROLR,1,2026-06-04 09:13:00-04:00,553,8.17,8.18,7.79,8.93,0.38,263,263,0,2026-06-04 09:15:00-04:00,first_red_candle,False,-64.96,-0.65,0.474,0.658,0.4196428571428572,8.365244976759792,10968987.0,"[{""t"": ""2026-06-04 09:13:00-04:00"", ""side"": ""B"", ""sh"": 263, ""px"": 8.18, ""why"": ""entry""}, {""t"": ""2026-06-04 09:15:00-04:00"", ""side"": ""S"", ""sh"": 263, ""px"": 7.94, ""why"": ""first_red_candle""}]"
2026-06-08,SUNE,1,2026-06-08 07:44:00-04:00,464,3.07,3.08,2.85,3.51,0.22,454,454,0,2026-06-08 07:45:00-04:00,topping_tail,False,-30.33,-0.3036,0.5,0.0,1.6017699115044248,179.85455656094885,4123106.0,"[{""t"": ""2026-06-08 07:44:00-04:00"", ""side"": ""B"", ""sh"": 454, ""px"": 3.08, ""why"": ""entry""}, {""t"": ""2026-06-08 07:45:00-04:00"", ""side"": ""S"", ""sh"": 454, ""px"": 3.0202, ""why"": ""topping_tail""}]"
2026-06-12,CUPR,1,2026-06-12 09:13:00-04:00,553,4.26,4.27,4.0,4.78,0.26,384,384,0,2026-06-12 09:15:00-04:00,sell_pressure_proxy,True,177.91,1.7819,2.923,0.0,0.7095435684647302,22.50253628551731,7365000.0,"[{""t"": ""2026-06-12 09:13:00-04:00"", ""side"": ""B"", ""sh"": 384, ""px"": 4.27, ""why"": ""entry""}, {""t"": ""2026-06-12 09:13:00-04:00"", ""side"": ""S"", ""sh"": 192, ""px"": 4.77, ""why"": ""t1""}, {""t"": ""2026-06-12 09:15:00-04:00"", ""side"": ""S"", ""sh"": 192, ""px"": 4.7106, ""why"": ""sell_pressure_proxy""}]"
2026-06-16,SUGP,1,2026-06-16 08:09:00-04:00,489,2.9699,2.9799,2.87,3.1697,0.0999,1001,1001,0,2026-06-16 08:09:00-04:00,stop_same_bar,False,-127.03,-1.2703,0.201,2.602,2.304451510333863,42.58577586134002,1464772.0,"[{""t"": ""2026-06-16 08:09:00-04:00"", ""side"": ""B"", ""sh"": 1001, ""px"": 2.9799, ""why"": ""entry""}, {""t"": ""2026-06-16 08:09:00-04:00"", ""side"": ""S"", ""sh"": 1001, ""px"": 2.86, ""why"": ""stop_same_bar""}]"
2026-06-22,NXTS,1,2026-06-22 08:54:00-04:00,534,10.34,10.3503,9.84,11.34,0.5,200,200,0,2026-06-22 08:55:00-04:00,first_red_candle,False,-55.49,-0.5549,0.66,0.98,1.0236220472440944,28.78909063951595,730459.0,"[{""t"": ""2026-06-22 08:54:00-04:00"", ""side"": ""B"", ""sh"": 200, ""px"": 10.3503, ""why"": ""entry""}, {""t"": ""2026-06-22 08:55:00-04:00"", ""side"": ""S"", ""sh"": 200, ""px"": 10.0799, ""why"": ""first_red_candle""}]"
2026-06-30,CELZ,1,2026-06-30 09:53:00-04:00,593,4.54,4.55,4.22,5.18,0.32,312,312,0,2026-06-30 09:55:00-04:00,first_red_candle,False,-63.02,-0.6312,0.562,0.719,4.396445322142681,654.0394007350325,3696668.0,"[{""t"": ""2026-06-30 09:53:00-04:00"", ""side"": ""B"", ""sh"": 312, ""px"": 4.55, ""why"": ""entry""}, {""t"": ""2026-06-30 09:55:00-04:00"", ""side"": ""S"", ""sh"": 312, ""px"": 4.355, ""why"": ""first_red_candle""}]"
2026-07-14,SHPH,1,2026-07-14 08:09:00-04:00,489,5.1817,5.1917,5.02,5.5051,0.1617,618,618,0,2026-07-14 08:09:00-04:00,stop_same_bar,False,-116.62,-1.167,0.237,1.062,0.7263513513513515,8.834351094401926,5851290.0,"[{""t"": ""2026-07-14 08:09:00-04:00"", ""side"": ""B"", ""sh"": 618, ""px"": 5.1917, ""why"": ""entry""}, {""t"": ""2026-07-14 08:09:00-04:00"", ""side"": ""S"", ""sh"": 618, ""px"": 5.01, ""why"": ""stop_same_bar""}]"
2026-07-20,BIYA,1,2026-07-20 07:47:00-04:00,467,8.08,8.09,7.82,8.6,0.26,384,384,0,2026-07-20 07:48:00-04:00,first_red_candle,False,-44.93,-0.45,0.038,0.846,0.9420289855072463,6.758331589981099,1185835.0,"[{""t"": ""2026-07-20 07:47:00-04:00"", ""side"": ""B"", ""sh"": 384, ""px"": 8.09, ""why"": ""entry""}, {""t"": ""2026-07-20 07:48:00-04:00"", ""side"": ""S"", ""sh"": 384, ""px"": 7.98, ""why"": ""first_red_candle""}]"
2026-07-27,AVAZ,1,2026-07-27 09:41:00-04:00,581,7.82,7.895,7.8,7.86,0.02,91,91,0,2026-07-27 09:42:00-04:00,breakeven_stop_gap,True,-5.36,-2.9478,3.25,-1.25,0.11757457661116999,6.594833806339891,,"[{""t"": ""2026-07-27 09:41:00-04:00"", ""side"": ""B"", ""sh"": 91, ""px"": 7.895, ""why"": ""entry""}, {""t"": ""2026-07-27 09:41:00-04:00"", ""side"": ""S"", ""sh"": 46, ""px"": 7.85, ""why"": ""t1""}, {""t"": ""2026-07-27 09:41:00-04:00"", ""side"": ""S"", ""sh"": 23, ""px"": 7.87, ""why"": ""t2""}, {""t"": ""2026-07-27 09:42:00-04:00"", ""side"": ""S"", ""sh"": 22, ""px"": 7.835, ""why"": ""breakeven_stop_gap""}]"
2026-07-30,NUWE,1,2026-07-30 08:36:00-04:00,516,5.51,5.52,5.19,6.15,0.32,312,312,0,2026-07-30 08:36:00-04:00,stop_same_bar,False,-108.26,-1.0844,1.312,1.469,1.9100529100529102,61.53116781216757,2680752.0,"[{""t"": ""2026-07-30 08:36:00-04:00"", ""side"": ""B"", ""sh"": 312, ""px"": 5.52, ""why"": ""entry""}, {""t"": ""2026-07-30 08:36:00-04:00"", ""side"": ""S"", ""sh"": 312, ""px"": 5.18, ""why"": ""stop_same_bar""}]"
2026-08-03,EZRA,1,2026-08-03 09:37:00-04:00,577,4.34,4.35,4.03,4.96,0.31,322,322,0,2026-08-03 09:37:00-04:00,stop_same_bar,False,-108.51,-1.0871,0.097,1.226,1.348901098901099,375.1627503094065,1002998.0,"[{""t"": ""2026-08-03 09:37:00-04:00"", ""side"": ""B"", ""sh"": 322, ""px"": 4.35, ""why"": ""entry""}, {""t"": ""2026-08-03 09:37:00-04:00"", ""side"": ""S"", ""sh"": 322, ""px"": 4.02, ""why"": ""stop_same_bar""}]"
2026-08-13,DFSC,1,2026-08-13 09:18:00-04:00,558,2.1997,2.2097,2.1,2.3991,0.0997,1003,1003,0,2026-08-13 09:22:00-04:00,breakeven_stop,True,73.02,0.7302,2.61,0.298,0.75,157.68722948318666,1579174.0,"[{""t"": ""2026-08-13 09:18:00-04:00"", ""side"": ""B"", ""sh"": 1003, ""px"": 2.2097, ""why"": ""entry""}, {""t"": ""2026-08-13 09:18:00-04:00"", ""side"": ""S"", ""sh"": 502, ""px"": 2.3891, ""why"": ""t1""}, {""t"": ""2026-08-13 09:22:00-04:00"", ""side"": ""S"", ""sh"": 501, ""px"": 2.1897, ""why"": ""breakeven_stop""}]"
2026-08-17,IPST,1,2026-08-17 08:15:00-04:00,495,7.45,7.46,7.1,8.15,0.35,285,285,0,2026-08-17 08:17:00-04:00,first_red_candle,False,-56.14,-0.5629,0.343,0.571,2.3461660833598477,552.5684629990093,686080.0,"[{""t"": ""2026-08-17 08:15:00-04:00"", ""side"": ""B"", ""sh"": 285, ""px"": 7.46, ""why"": ""entry""}, {""t"": ""2026-08-17 08:17:00-04:00"", ""side"": ""S"", ""sh"": 285, ""px"": 7.27, ""why"": ""first_red_candle""}]"
2026-08-18,SLE,1,2026-08-18 09:05:00-04:00,545,5.39,5.4,5.02,6.13,0.37,270,270,0,2026-08-18 09:05:00-04:00,stop_same_bar,False,-107.19,-1.073,0.054,1.0,0.7417218543046358,9.41134272697725,1695120.0,"[{""t"": ""2026-08-18 09:05:00-04:00"", ""side"": ""B"", ""sh"": 270, ""px"": 5.4, ""why"": ""entry""}, {""t"": ""2026-08-18 09:05:00-04:00"", ""side"": ""S"", ""sh"": 270, ""px"": 5.01, ""why"": ""stop_same_bar""}]"
2026-08-24,XPON,1,2026-08-24 08:35:00-04:00,515,6.09,6.1,5.66,6.95,0.43,232,232,0,2026-08-24 08:35:00-04:00,stop_same_bar,False,-106.02,-1.0628,0.14,1.372,0.7110334788937407,10.71900090692342,962335.0,"[{""t"": ""2026-08-24 08:35:00-04:00"", ""side"": ""B"", ""sh"": 232, ""px"": 6.1, ""why"": ""entry""}, {""t"": ""2026-08-24 08:35:00-04:00"", ""side"": ""S"", ""sh"": 232, ""px"": 5.65, ""why"": ""stop_same_bar""}]"
2026-08-25,SWVL,1,2026-08-25 07:48:00-04:00,468,3.16,3.17,2.92,3.64,0.24,416,416,0,2026-08-25 07:48:00-04:00,stop_same_bar,False,-111.07,-1.1125,0.583,1.417,1.0952380952380953,1977.256464366085,,"[{""t"": ""2026-08-25 07:48:00-04:00"", ""side"": ""B"", ""sh"": 416, ""px"": 3.17, ""why"": ""entry""}, {""t"": ""2026-08-25 07:48:00-04:00"", ""side"": ""S"", ""sh"": 416, ""px"": 2.91, ""why"": ""stop_same_bar""}]"
2026-08-31,AEHL,1,2026-08-31 08:52:00-04:00,532,7.25,7.26,7.02,7.71,0.23,434,434,0,2026-08-31 08:52:00-04:00,stop_same_bar,False,-111.54,-1.1174,0.261,1.783,1.0225988700564974,15.429701490222367,4580547.0,"[{""t"": ""2026-08-31 08:52:00-04:00"", ""side"": ""B"", ""sh"": 434, ""px"": 7.26, ""why"": ""entry""}, {""t"": ""2026-08-31 08:52:00-04:00"", ""side"": ""S"", ""sh"": 434, ""px"": 7.01, ""why"": ""stop_same_bar""}]"
2026-09-10,TNON,1,2026-09-10 09:14:00-04:00,554,4.33,4.34,4.23,4.53,0.1,1000,1000,0,2026-09-10 09:15:00-04:00,first_red_candle,False,-87.0,-0.87,0.699,0.7,0.7704098360655738,8.727734655080756,667047.0,"[{""t"": ""2026-09-10 09:14:00-04:00"", ""side"": ""B"", ""sh"": 1000, ""px"": 4.34, ""why"": ""entry""}, {""t"": ""2026-09-10 09:15:00-04:00"", ""side"": ""S"", ""sh"": 1000, ""px"": 4.26, ""why"": ""first_red_candle""}]"
2026-09-18,TNMG,1,2026-09-18 08:13:00-04:00,493,6.36,6.37,5.92,7.24,0.44,227,227,0,2026-09-18 08:14:00-04:00,topping_tail,False,-12.94,-0.1295,1.341,0.0,1.3014498141263942,12.214630262830736,2556405.0,"[{""t"": ""2026-09-18 08:13:00-04:00"", ""side"": ""B"", ""sh"": 227, ""px"": 6.37, ""why"": ""entry""}, {""t"": ""2026-09-18 08:14:00-04:00"", ""side"": ""S"", ""sh"": 227, ""px"": 6.32, ""why"": ""topping_tail""}]"
2026-09-21,VEEE,1,2026-09-21 08:47:00-04:00,527,13.21,13.2232,12.38,14.87,0.83,120,120,0,2026-09-21 08:49:00-04:00,stall_heavy_volume,True,147.96,1.4855,2.084,0.0,0.4836829836829837,10.90874367825506,574502.0,"[{""t"": ""2026-09-21 08:47:00-04:00"", ""side"": ""B"", ""sh"": 120, ""px"": 13.2232, ""why"": ""entry""}, {""t"": ""2026-09-21 08:48:00-04:00"", ""side"": ""S"", ""sh"": 60, ""px"": 14.8551, ""why"": ""t1""}, {""t"": ""2026-09-21 08:49:00-04:00"", ""side"": ""S"", ""sh"": 60, ""px"": 14.0759, ""why"": ""stall_heavy_volume""}]"
2026-09-25,APUS,1,2026-09-25 09:39:00-04:00,579,8.86,8.87,8.5,9.58,0.36,277,277,0,2026-09-25 09:39:00-04:00,stop_same_bar,False,-107.2,-1.075,0.25,2.611,0.7642276422764227,7.128553035174841,1509118.0,"[{""t"": ""2026-09-25 09:39:00-04:00"", ""side"": ""B"", ""sh"": 277, ""px"": 8.87, ""why"": ""entry""}, {""t"": ""2026-09-25 09:39:00-04:00"", ""side"": ""S"", ""sh"": 277, ""px"": 8.49, ""why"": ""stop_same_bar""}]"
2026-09-30,BIYA,1,2026-09-30 09:48:00-04:00,588,3.0,3.01,2.7915,3.417,0.2085,479,479,0,2026-09-30 09:49:00-04:00,stop,False,-112.8,-1.1295,0.48,1.247,0.4390243902439026,42.493875628535854,1185835.0,"[{""t"": ""2026-09-30 09:48:00-04:00"", ""side"": ""B"", ""sh"": 479, ""px"": 3.01, ""why"": ""entry""}, {""t"": ""2026-09-30 09:49:00-04:00"", ""side"": ""S"", ""sh"": 479, ""px"": 2.7815, ""why"": ""stop""}]"
