group,tf,months,cagr,vol,sharpe,max_dd,pct_pos_months,worst_month,best_month
crypto,M,117,0.7522,1.2513,0.845,-0.7686,0.53,-0.3641,2.3751
etf_index,M,1108,0.0797,0.1591,0.564,-0.5759,0.599,-0.2504,0.247
commod_fx,M,591,0.0156,0.1043,0.2,-0.5185,0.511,-0.1664,0.1112
stocks,M,699,0.192,0.1737,1.105,-0.4559,0.645,-0.2435,0.1714
crypto,W,178,1.2371,1.9812,0.854,-0.8329,0.545,-0.4764,5.0801
etf_index,W,1168,0.0652,0.1825,0.438,-0.8549,0.593,-0.2583,0.3914
commod_fx,W,652,0.0319,0.106,0.35,-0.5114,0.532,-0.1813,0.1354
stocks,W,760,0.2004,0.1786,1.12,-0.4194,0.634,-0.248,0.2123
crypto,D,193,2.1168,3.1332,0.806,-0.8167,0.56,-0.3869,10.5547
etf_index,D,1183,0.0681,0.1854,0.45,-0.8603,0.595,-0.2994,0.3914
commod_fx,D,667,0.0245,0.1044,0.285,-0.5083,0.525,-0.1531,0.1098
stocks,D,775,0.2064,0.1846,1.116,-0.4592,0.645,-0.2576,0.2045
crypto,H,69,0.737,1.1247,0.901,-0.7572,0.551,-0.319,1.5008
etf_index,H,129,0.1365,0.1313,1.046,-0.2112,0.682,-0.1442,0.1061
stocks,H,129,0.2748,0.1679,1.543,-0.2388,0.729,-0.1009,0.1454
