group,mode,months,cagr,vol,sharpe,max_dd,pct_pos_months,worst_month,best_month,assets,pct_asset_months_sold,avg_premium_pct,assign_rate,avg_ret_when_sold,worst_single
crypto,signal,115,0.0999,0.1297,0.8,-0.1698,0.513,-0.144,0.2081,2,0.509,0.0306,0.221,0.0122,-0.2308
etf_index,signal,306,0.0137,0.0249,0.56,-0.0875,0.895,-0.0637,0.0584,23,0.668,0.0032,0.042,0.0014,-0.1647
stocks,signal,697,0.0168,0.0236,0.718,-0.069,0.845,-0.0686,0.0654,26,0.455,0.008,0.07,0.0033,-0.4108
crypto,delta,115,0.1287,0.2145,0.684,-0.327,0.73,-0.3201,0.2076,2,0.917,0.0356,0.245,0.0111,-0.3201
etf_index,delta,306,0.0353,0.0408,0.871,-0.1349,0.81,-0.0535,0.05,23,0.875,0.009,0.191,0.0032,-0.1639
stocks,delta,697,0.0566,0.0482,1.17,-0.1597,0.779,-0.1597,0.0714,26,0.891,0.0146,0.185,0.0057,-0.5295
crypto,always,115,0.1329,0.2363,0.661,-0.4042,0.8,-0.3201,0.2076,2,1.0,0.0359,0.249,0.0096,-0.3201
etf_index,always,306,0.0402,0.0477,0.852,-0.1869,0.801,-0.0924,0.048,23,1.0,0.0095,0.191,0.0032,-0.5095
stocks,always,697,0.0665,0.0552,1.197,-0.1828,0.775,-0.1828,0.0855,26,1.0,0.0155,0.188,0.0059,-0.5295
