group,exit,trades,win_rate,avg_ret,avg_log_ret,t_log,median_ret,avg_bars,t_stat,months,cagr,vol,sharpe,max_dd,pct_pos_months,worst_month,best_month,exposure,trades_per_month,assets
crypto,momo,98,0.388,0.0286,0.0124,0.74,-0.0261,11.9,1.32,116,0.0775,0.2875,0.379,-0.2858,0.259,-0.17,0.5949,0.084,0.845,7
etf_index,momo,985,0.59,0.0096,0.0078,4.11,0.0125,17.0,5.03,1107,0.0068,0.0619,0.14,-0.3577,0.237,-0.1569,0.1581,0.108,0.89,27
commod_fx,momo,399,0.489,0.0016,-0.0,-0.01,-0.0011,19.3,0.56,590,-0.003,0.0309,-0.081,-0.3138,0.22,-0.0897,0.0514,0.123,0.676,11
stocks,momo,1156,0.495,0.0118,0.008,3.19,-0.0002,16.1,4.54,698,0.0129,0.04,0.341,-0.1388,0.427,-0.0786,0.075,0.078,1.656,26
crypto,r2,94,0.415,-0.0041,-0.0104,-0.9,-0.0398,11.3,-0.35,116,-0.0394,0.153,-0.184,-0.4283,0.267,-0.2077,0.1829,0.078,0.81,7
etf_index,r2,546,0.551,0.0332,0.0269,5.86,0.026,72.5,6.96,1107,0.0117,0.0768,0.19,-0.4835,0.322,-0.1569,0.1304,0.254,0.493,27
commod_fx,r2,201,0.403,0.0107,0.0057,0.82,-0.016,76.9,1.48,590,0.0016,0.0435,0.06,-0.3682,0.307,-0.1023,0.0554,0.232,0.341,11
stocks,r2,839,0.486,0.0215,0.0148,3.79,-0.011,38.2,5.33,698,0.0144,0.0458,0.335,-0.271,0.481,-0.1082,0.0533,0.129,1.202,26
crypto,monthly,12,0.25,2.861,0.105,0.26,-0.2676,742.9,1.19,116,0.2489,1.0056,0.505,-0.6712,0.422,-0.3293,2.3751,0.62,0.103,7
etf_index,monthly,44,0.591,16.3152,1.018,4.46,1.6963,3035.8,1.39,1107,0.0537,0.1314,0.466,-0.4981,0.547,-0.2395,0.163,0.824,0.04,27
commod_fx,monthly,51,0.137,0.1573,0.0088,0.15,-0.0332,627.0,1.17,590,0.0002,0.0741,0.04,-0.6249,0.393,-0.1255,0.067,0.505,0.086,11
stocks,monthly,41,0.61,151.3716,2.3559,5.51,10.7607,4291.2,3.13,698,0.1339,0.1388,0.979,-0.4046,0.63,-0.1839,0.1714,0.786,0.059,26
