tf,seed,trades,win_rate,avg_ret,avg_log_ret,t_log,median_ret,avg_bars,t_stat,months,cagr,vol,sharpe,max_dd,pct_pos_months,worst_month,best_month
M,0,167,0.503,61.8759,0.9469,6.67,0.0038,104.9,2.2,1108,0.0929,0.1304,0.75,-0.4184,0.591,-0.2395,0.144
M,1,148,0.547,60.3985,1.0032,6.61,0.3191,116.6,1.97,1108,0.089,0.1288,0.729,-0.4184,0.585,-0.2395,0.144
M,2,153,0.549,62.596,0.989,6.63,0.1988,111.1,1.97,1108,0.0898,0.1285,0.736,-0.417,0.588,-0.2395,0.144
M,3,158,0.544,70.5659,1.0147,6.89,0.2004,111.2,1.84,1108,0.0951,0.1311,0.761,-0.4184,0.592,-0.2395,0.144
M,4,132,0.591,69.2705,1.0678,6.47,0.5082,123.3,1.9,1108,0.0828,0.1244,0.704,-0.5253,0.574,-0.2395,0.144
M,5,159,0.541,66.4516,0.9784,6.7,0.132,109.9,2.02,1108,0.092,0.1293,0.748,-0.417,0.586,-0.2395,0.144
M,6,169,0.485,61.8073,0.8774,6.3,-0.0157,101.4,1.95,1108,0.0911,0.1258,0.758,-0.403,0.582,-0.2395,0.144
M,7,144,0.562,67.1261,1.0195,6.51,0.3532,116.3,2.07,1108,0.0843,0.1256,0.71,-0.5202,0.574,-0.2395,0.144
M,8,138,0.565,73.0858,1.0412,6.38,0.3957,119.7,2.05,1108,0.0848,0.1237,0.722,-0.504,0.576,-0.2395,0.144
M,9,156,0.519,63.4023,0.9528,6.44,0.1097,109.7,2.02,1108,0.0902,0.1266,0.748,-0.403,0.582,-0.2395,0.144
M,ACTUAL_any_struct,154,0.5,29.024,0.899,6.45,-0.0024,102.2,2.63,1108,0.0775,0.1185,0.692,-0.4473,0.566,-0.2395,0.144
W,0,562,0.466,1.6886,0.2852,8.56,-0.0162,137.8,4.53,1168,0.0752,0.1257,0.642,-0.6267,0.524,-0.2237,0.2023
W,1,482,0.529,1.884,0.311,8.3,0.0229,154.3,4.14,1168,0.0766,0.1192,0.681,-0.5311,0.527,-0.1994,0.1811
W,2,537,0.492,1.4752,0.2815,8.49,-0.0061,141.5,4.7,1168,0.0768,0.1152,0.702,-0.4329,0.533,-0.1897,0.2301
W,3,455,0.543,1.5648,0.3131,8.35,0.0423,155.5,4.91,1168,0.0814,0.1106,0.765,-0.3331,0.529,-0.1798,0.1797
W,4,445,0.521,1.5073,0.2904,7.83,0.0223,153.9,4.33,1168,0.0769,0.1054,0.757,-0.3094,0.53,-0.1688,0.2271
W,5,557,0.474,1.653,0.2721,8.05,-0.015,140.5,4.35,1168,0.077,0.1233,0.665,-0.6308,0.533,-0.2022,0.1824
W,6,478,0.498,1.8465,0.2911,7.77,-0.0021,148.1,4.01,1168,0.0715,0.1134,0.668,-0.537,0.515,-0.1798,0.2361
W,7,562,0.48,1.6637,0.2808,8.34,-0.0114,140.1,4.51,1168,0.0803,0.1254,0.682,-0.5978,0.542,-0.2237,0.1808
W,8,479,0.493,1.381,0.2771,7.88,-0.0078,146.4,4.74,1168,0.0733,0.1051,0.728,-0.4204,0.528,-0.1897,0.1764
W,9,500,0.506,1.9002,0.2898,7.79,0.0073,147.4,4.23,1168,0.0711,0.1175,0.645,-0.5298,0.52,-0.2022,0.2372
W,ACTUAL_any_struct,667,0.432,1.4902,0.2458,8.46,-0.0302,117.6,4.63,1168,0.0848,0.1263,0.71,-0.442,0.539,-0.2237,0.2357
D,0,1758,0.455,0.1897,0.0709,9.42,-0.0104,139.9,4.29,1183,0.0651,0.094,0.719,-0.4933,0.487,-0.1846,0.1636
D,1,1594,0.455,0.2518,0.0756,9.02,-0.0105,142.9,3.44,1183,0.0589,0.0874,0.7,-0.4212,0.467,-0.1605,0.1525
D,2,1710,0.455,0.2072,0.0751,9.48,-0.0082,141.6,5.08,1183,0.0643,0.0879,0.755,-0.5138,0.482,-0.1846,0.1467
D,3,1681,0.475,0.2186,0.0768,9.49,-0.0057,140.8,4.7,1183,0.0646,0.0977,0.69,-0.509,0.477,-0.171,0.2787
D,4,1770,0.475,0.2126,0.0795,10.37,-0.0053,143.9,4.44,1183,0.0634,0.0998,0.668,-0.4018,0.473,-0.1846,0.1603
D,5,1912,0.442,0.2065,0.0722,9.57,-0.0129,138.2,5.18,1183,0.0702,0.0997,0.731,-0.4706,0.495,-0.1598,0.2164
D,6,1672,0.45,0.2286,0.0703,8.57,-0.0104,139.1,4.05,1183,0.0626,0.0895,0.724,-0.4081,0.472,-0.1464,0.1633
D,7,1559,0.462,0.2332,0.0751,8.99,-0.0084,140.0,3.95,1183,0.0526,0.0845,0.65,-0.5266,0.459,-0.1846,0.2252
D,8,1350,0.449,0.1606,0.0674,8.64,-0.0111,140.6,3.79,1183,0.0442,0.0689,0.664,-0.2058,0.429,-0.1598,0.1338
D,9,1342,0.453,0.2023,0.0744,8.46,-0.0093,141.2,3.85,1183,0.0601,0.0811,0.762,-0.3168,0.468,-0.1464,0.1422
D,ACTUAL_any_struct,3614,0.34,0.1781,0.0454,9.55,-0.0184,97.7,3.56,1183,0.092,0.118,0.807,-0.5751,0.543,-0.1846,0.182
