group,asset,base,q,vr,z
crypto,BTC,D,2,1.0242687210060977,0.6394608175936775
crypto,BTC,D,5,1.0130246279046093,0.17502389654475956
crypto,BTC,D,10,1.0958649157531823,0.9316664445427751
crypto,BTC,D,21,1.309422919408864,2.250226836695921
crypto,BTC,D,63,1.8518095193108381,4.17103486490029
crypto,BTC,D,126,2.09512229667597,4.197500923366409
crypto,BTC,D,252,2.1691489587814616,3.4536839740771623
crypto,BTC,H,2,0.9921473961194287,-0.881197407335362
crypto,BTC,H,4,0.9773097183245838,-1.4133125055752078
crypto,BTC,H,7,0.9566247027204284,-1.9179383074555125
crypto,BTC,H,24,0.9693289778213988,-0.7224717363633749
crypto,BTC,H,35,0.9366288932761083,-1.255070387887836
crypto,ETH,D,2,0.9705650386791594,-1.0173404873571608
crypto,ETH,D,5,1.0038835007340716,0.0662250635152062
crypto,ETH,D,10,1.0467237716191489,0.5507280964471133
crypto,ETH,D,21,1.2083570923180664,1.7536815896420073
crypto,ETH,D,63,1.5400204265766801,2.85845691084893
crypto,ETH,D,126,1.8569920250404668,3.3724065895313124
crypto,ETH,D,252,2.0496283562467994,3.067911311683303
crypto,ETH,H,2,1.0084742834294007,0.9308252294976531
crypto,ETH,H,4,0.9892178791908952,-0.6560082722935842
crypto,ETH,H,7,0.9709797157028505,-1.2542062854000322
crypto,ETH,H,24,0.9960604321835689,-0.09031545184954522
crypto,ETH,H,35,0.9705700289645692,-0.5644648802204952
crypto,LTC,D,2,0.9129052499622345,-1.7362124034481614
crypto,LTC,D,5,0.8593896747379013,-1.5253871832454085
crypto,LTC,D,10,0.8950517797716264,-0.8649606391559733
crypto,LTC,D,21,0.9125419666128516,-0.49482402529765945
crypto,LTC,D,63,1.0442981143591388,0.1668762598918001
crypto,LTC,D,126,1.1075062519608831,0.3362732119057786
crypto,LTC,D,252,1.1421650222093518,0.372676719327156
crypto,LTC,H,2,0.9616437512495725,-2.285702680907807
crypto,LTC,H,4,0.9228241067400123,-2.904901718049542
crypto,LTC,H,7,0.9041696981583225,-2.901552694326191
crypto,LTC,H,24,0.8889945760701542,-2.188384661004999
crypto,LTC,H,35,0.8587244576868343,-2.430700704484689
crypto,XRP,D,2,0.9369841620967173,-1.2718851300523597
crypto,XRP,D,5,0.9786722471788393,-0.22609333917468932
crypto,XRP,D,10,1.1142837769575584,0.9238440881210761
crypto,XRP,D,21,1.2877191580786245,1.8211753113519407
crypto,XRP,D,63,1.4157065058029226,1.822414093195956
crypto,XRP,D,126,1.290386382860932,0.9935349251847367
crypto,XRP,D,252,1.2727829204966492,0.739710974152173
crypto,XRP,H,2,0.9886501676709643,-0.6276011525744198
crypto,XRP,H,4,0.9555371022804835,-1.388017055039311
crypto,XRP,H,7,0.9408513983057869,-1.367583846041467
crypto,XRP,H,24,0.9516040416352274,-0.6711796567025995
crypto,XRP,H,35,0.9444325889039034,-0.6617855815505158
crypto,DOGE,D,2,1.004788795726792,0.11820605811210444
crypto,DOGE,D,5,1.0418168520855366,0.46887132842360274
crypto,DOGE,D,10,1.0667912445159178,0.5499314606172759
crypto,DOGE,D,21,1.1845960483899574,1.1671494734893708
crypto,DOGE,D,63,1.4003194200230256,1.7369896226468737
crypto,DOGE,D,126,1.4719009093961588,1.590617921135837
crypto,DOGE,D,252,1.4259554425983485,1.1029813752724242
crypto,DOGE,H,2,0.9079727667044875,-1.2295533974292632
crypto,DOGE,H,4,0.8298333216689304,-1.4854830747802807
crypto,DOGE,H,7,0.801422043533855,-1.4678824434640145
crypto,DOGE,H,24,0.9483953576252676,-0.3054499454248839
crypto,DOGE,H,35,0.9419131342014123,-0.3225154308760094
crypto,ADA,D,2,0.9819140891084492,-0.3935594385741259
crypto,ADA,D,5,1.140596295322148,1.4645980198041226
crypto,ADA,D,10,1.2153385266977017,1.709822142951922
crypto,ADA,D,21,1.4186662292887886,2.5897173302792864
crypto,ADA,D,63,1.446175239173474,1.7061559488773976
crypto,ADA,D,126,1.3430224660979553,1.0350577038713185
crypto,ADA,D,252,1.5601539173429662,1.353870822553332
crypto,BNB,D,2,0.9923633164990805,-0.1614944062151534
crypto,BNB,D,5,1.0537769243057113,0.5954143264409594
crypto,BNB,D,10,1.071543424711886,0.5790459865087355
crypto,BNB,D,21,1.2930823683478012,1.6842008653063114
crypto,BNB,D,63,1.4576802459808136,1.6862743242472151
crypto,BNB,D,126,1.540017086872487,1.5560180349364228
crypto,BNB,D,252,1.5086107372242776,1.15686603478923
crypto,SOL,D,2,0.9538849915517993,-1.2120939205521173
crypto,SOL,D,5,0.9815604032552084,-0.24203142502448344
crypto,SOL,D,10,1.0321352228834695,0.291991643965379
crypto,SOL,D,21,1.191158344161084,1.2607680965116446
crypto,SOL,D,63,1.6610411839900634,2.766612064680592
crypto,SOL,D,126,1.8622320156662773,2.656918909807872
crypto,SOL,D,252,,
crypto,SOL,H,2,0.978199015064561,-1.5443516802025206
crypto,SOL,H,4,0.8887552752284412,-1.4036944458414011
crypto,SOL,H,7,0.8516411085314186,-1.3182574567994185
crypto,SOL,H,24,0.8351056139526036,-1.1288315243699165
crypto,SOL,H,35,0.8126247759854016,-1.2369627042997189
etf_index,SPY,D,2,0.9198767620993298,-3.4609603264704583
etf_index,SPY,D,5,0.8375037946411723,-3.0130614603948156
etf_index,SPY,D,10,0.7628558237733523,-2.8943827059806826
etf_index,SPY,D,21,0.7416657892923019,-2.1700781116880234
etf_index,SPY,D,63,0.6623654848851271,-1.810428747673276
etf_index,SPY,D,126,0.7069230414896969,-1.2384743077198723
etf_index,SPY,D,252,0.7953126104840962,-0.6895830178848137
etf_index,SPY,H,2,0.9522610705080553,-2.102319940924595
etf_index,SPY,H,4,0.9377442164561358,-1.6259963846314185
etf_index,SPY,H,7,0.948829622567349,-0.998586379496704
etf_index,SPY,H,24,0.9133976934618642,-0.8641276646894159
etf_index,SPY,H,35,0.8939827810634955,-0.8737781902065627
etf_index,QQQ,D,2,0.9442367862633172,-2.550918170143934
etf_index,QQQ,D,5,0.8504682880900902,-3.1135026821129097
etf_index,QQQ,D,10,0.7913853610780052,-2.8635240642842805
etf_index,QQQ,D,21,0.8007413776995714,-1.8567278652814414
etf_index,QQQ,D,63,0.8310319520006648,-0.9464130812892844
etf_index,QQQ,D,126,0.9332668137188518,-0.27630515610695194
etf_index,QQQ,D,252,1.103691996901871,0.3178340370616583
etf_index,QQQ,H,2,0.9637720492920407,-2.1796781204015567
etf_index,QQQ,H,4,0.9524948755827315,-1.657857422985141
etf_index,QQQ,H,7,0.9622610186846101,-0.9750201005778358
etf_index,QQQ,H,24,0.9192255087894078,-1.0700162362158951
etf_index,QQQ,H,35,0.8963555848673097,-1.1425944662181755
etf_index,DIA,D,2,0.9047952880037026,-3.3855104142251022
etf_index,DIA,D,5,0.8481234966378381,-2.323129278063219
etf_index,DIA,D,10,0.7966906662660089,-2.0603206313765097
etf_index,DIA,D,21,0.770247094985137,-1.6127924059418939
etf_index,DIA,D,63,0.626955678475933,-1.7323357923772074
etf_index,DIA,D,126,0.6105928953898911,-1.4614878209839377
etf_index,DIA,D,252,0.6077850998963215,-1.199980947590662
etf_index,DIA,H,2,0.9510474795425594,-1.9771516433986314
etf_index,DIA,H,4,0.9379997937224259,-1.5046023252357228
etf_index,DIA,H,7,0.9504406839107239,-0.9037178760810802
etf_index,DIA,H,24,0.9286174106646967,-0.6580046077718692
etf_index,DIA,H,35,0.9153856876799926,-0.6397442286768897
etf_index,IWM,D,2,0.9327659598831833,-3.04385575873146
etf_index,IWM,D,5,0.9010212913084676,-1.9420123825454472
etf_index,IWM,D,10,0.8495830162000838,-1.9264645401526983
etf_index,IWM,D,21,0.8499905367059919,-1.3214797409448076
etf_index,IWM,D,63,0.7810282607881716,-1.2002389321712166
etf_index,IWM,D,126,0.7495610231668478,-1.0509055288871387
etf_index,IWM,D,252,0.68532623334273,-1.0294947591806363
etf_index,IWM,H,2,0.9490863001953354,-3.2189643215484915
etf_index,IWM,H,4,0.9242027530428143,-2.7655479328067556
etf_index,IWM,H,7,0.9245323607325773,-1.9791617809697142
etf_index,IWM,H,24,0.935412488902393,-0.8225604348897942
etf_index,IWM,H,35,0.9388924532994859,-0.6360456784520142
etf_index,MDY,D,2,0.943469748746413,-2.3410177602595588
etf_index,MDY,D,5,0.8903277603354237,-1.9378861335124524
etf_index,MDY,D,10,0.8261921638046187,-2.0092503193491966
etf_index,MDY,D,21,0.8206846849049708,-1.4406898245163913
etf_index,MDY,D,63,0.7416703937120335,-1.3296671323635727
etf_index,MDY,D,126,0.6915803463152917,-1.250566941244372
etf_index,MDY,D,252,0.6193832683163524,-1.2377595541870534
etf_index,MDY,H,2,0.9537066367203987,-2.5526288528561727
etf_index,MDY,H,4,0.9350949673546138,-2.099063804323603
etf_index,MDY,H,7,0.9391530324559432,-1.428113675574648
etf_index,MDY,H,24,0.9392827406571379,-0.6876017392637275
etf_index,MDY,H,35,0.9317691907523633,-0.6270063613820639
etf_index,EFA,D,2,0.9016233417209626,-3.605928132684976
etf_index,EFA,D,5,0.8534636734449398,-2.3152708860406843
etf_index,EFA,D,10,0.7994526654298044,-2.0727982466277117
etf_index,EFA,D,21,0.769526234124375,-1.609564224362571
etf_index,EFA,D,63,0.7665707456582584,-1.0190064213117964
etf_index,EFA,D,126,0.8573316283396655,-0.49018587495071664
etf_index,EFA,D,252,0.8460122858596665,-0.4236548874458602
etf_index,EFA,H,2,0.9704837397957843,-1.7667105103187875
etf_index,EFA,H,4,0.9631398316231614,-1.2573444421347952
etf_index,EFA,H,7,0.967674928510714,-0.8143044288190785
etf_index,EFA,H,24,0.9815349130571467,-0.21255053004633145
etf_index,EFA,H,35,0.9888304663093128,-0.10331399236549152
etf_index,EEM,D,2,0.8906196608448409,-3.797784912634822
etf_index,EEM,D,5,0.7978454332789381,-2.834629929794583
etf_index,EEM,D,10,0.7189046452185436,-2.518247225257998
etf_index,EEM,D,21,0.6979392225802289,-1.7841867343581623
etf_index,EEM,D,63,0.7231168458108067,-0.9970248802608443
etf_index,EEM,D,126,0.8006432858127888,-0.5709418432987367
etf_index,EEM,D,252,0.7742133242915137,-0.5291522917247476
etf_index,EEM,H,2,0.976475135466043,-2.17314245283329
etf_index,EEM,H,4,0.9718235093991162,-1.4226051526990788
etf_index,EEM,H,7,0.9711879046198068,-1.0397863059288026
etf_index,EEM,H,24,0.9015201338672001,-1.4581233226336714
etf_index,EEM,H,35,0.8904803505751449,-1.2865587981974063
etf_index,TLT,D,2,0.971738450853876,-1.2681233553672018
etf_index,TLT,D,5,0.8755700488583267,-2.6348613786861885
etf_index,TLT,D,10,0.8302387957981329,-2.4087614290412445
etf_index,TLT,D,21,0.8619193226176527,-1.390441990310561
etf_index,TLT,D,63,0.8686691573884989,-0.8490700627176364
etf_index,TLT,D,126,0.8463239225960567,-0.7473926639532542
etf_index,TLT,D,252,0.7833960119081407,-0.7880290121838924
etf_index,TLT,H,2,0.973160705754567,-2.0821515743949814
etf_index,TLT,H,4,0.9520611915002425,-2.059726230356023
etf_index,TLT,H,7,0.9665285714244783,-1.0102977211695023
etf_index,TLT,H,24,0.9230568100543938,-1.055656705472302
etf_index,TLT,H,35,0.8866985291997675,-1.26895259158488
etf_index,IEF,D,2,0.9717885771357234,-1.6541310739791142
etf_index,IEF,D,5,0.9061966995949295,-2.539295930157328
etf_index,IEF,D,10,0.8814606137388508,-2.095940839614023
etf_index,IEF,D,21,0.9270554841551412,-0.8788161244379968
etf_index,IEF,D,63,0.9321768031086676,-0.48420849196717236
etf_index,IEF,D,126,0.9155555264889138,-0.4341862282243072
etf_index,IEF,D,252,0.8995402563050913,-0.37349248690706954
etf_index,IEF,H,2,0.9941222274432205,-0.577981071093281
etf_index,IEF,H,4,0.9795936852797006,-1.0863562453732214
etf_index,IEF,H,7,0.9857106527961683,-0.5402482880129995
etf_index,IEF,H,24,0.9630537342189818,-0.6213339341887695
etf_index,IEF,H,35,0.9503750565514308,-0.6748340280842089
etf_index,VNQ,D,2,0.8441005000736218,-3.973318501138442
etf_index,VNQ,D,5,0.7560328647650747,-2.869674583241664
etf_index,VNQ,D,10,0.6947038545129681,-2.317180596988919
etf_index,VNQ,D,21,0.6927824097644382,-1.559418596258224
etf_index,VNQ,D,63,0.5960342993561764,-1.2378984346096342
etf_index,VNQ,D,126,0.6557279568247094,-0.7956304871587421
etf_index,VNQ,D,252,0.6271767495925232,-0.6737244094935635
etf_index,VNQ,H,2,0.9677440789198388,-1.659429196290242
etf_index,VNQ,H,4,0.954063145977086,-1.3945853090608489
etf_index,VNQ,H,7,0.9523284892942389,-1.07385138177481
etf_index,VNQ,H,24,0.9897430570905249,-0.11053230406418095
etf_index,VNQ,H,35,0.9885557132805243,-0.10073103619240416
etf_index,GLD,D,2,0.9850338867816305,-0.7669860084873606
etf_index,GLD,D,5,0.9652598832365591,-0.8025201772460671
etf_index,GLD,D,10,0.9317390609408931,-1.0413699844599815
etf_index,GLD,D,21,0.8950040436524033,-1.0854558747137533
etf_index,GLD,D,63,0.7859794026370742,-1.3044194637366668
etf_index,GLD,D,126,0.8386445048729301,-0.721810505731105
etf_index,GLD,D,252,0.8957042080333198,-0.34765126512003325
etf_index,GLD,H,2,0.9882321744130446,-0.9967280127847928
etf_index,GLD,H,4,0.9968432874716026,-0.15306283463145667
etf_index,GLD,H,7,1.0056453213152408,0.19544069561494268
etf_index,GLD,H,24,0.9881067731195414,-0.1798671669732315
etf_index,GLD,H,35,0.9859359071221224,-0.17560439306963505
etf_index,SLV,D,2,1.00324987017406,0.15328301446638454
etf_index,SLV,D,5,1.007220242814372,0.14729734029682393
etf_index,SLV,D,10,0.9753230345671815,-0.30651554887070137
etf_index,SLV,D,21,0.9372943443378764,-0.5250118795996422
etf_index,SLV,D,63,0.8871629312341727,-0.5842228850824127
etf_index,SLV,D,126,0.9097184078302741,-0.35604820438138235
etf_index,SLV,D,252,0.8483115529850918,-0.46239036441828896
etf_index,SLV,H,2,0.9920276195597675,-0.5958325862171627
etf_index,SLV,H,4,1.0078308692795899,0.3118370381224921
etf_index,SLV,H,7,1.0258922080180677,0.6959218731092635
etf_index,SLV,H,24,1.0610122143597367,0.7505580056196957
etf_index,SLV,H,35,1.0804886149323802,0.8120704426065567
etf_index,USO,D,2,1.0080010060040012,0.2613225414688015
etf_index,USO,D,5,1.0386875082037321,0.6405115655129489
etf_index,USO,D,10,1.0998084610502001,1.121021976652994
etf_index,USO,D,21,1.1768243063084256,1.356745661004191
etf_index,USO,D,63,1.584199280090769,2.728158600893385
etf_index,USO,D,126,1.68741426470545,2.5189565054214187
etf_index,USO,D,252,1.5822401137051203,1.7096018378583744
etf_index,USO,H,2,1.0113785841490628,0.7713377890991339
etf_index,USO,H,4,1.0287641805471308,1.0242436850727064
etf_index,USO,H,7,1.0453538543228966,1.098681552795915
etf_index,USO,H,24,1.0824571966922032,1.0121536470580657
etf_index,USO,H,35,1.1118638168674209,1.1474846755376673
etf_index,XLK,D,2,0.935608878486035,-2.9543900293081164
etf_index,XLK,D,5,0.8604940923071072,-2.943971746627566
etf_index,XLK,D,10,0.7998570800280668,-2.797944862706015
etf_index,XLK,D,21,0.8060992196885091,-1.8450105916520363
etf_index,XLK,D,63,0.7820221259064338,-1.275123274233756
etf_index,XLK,D,126,0.860973016960861,-0.6148926850779639
etf_index,XLK,D,252,1.0509282259565191,0.17080811538893098
etf_index,XLK,H,2,0.9574930956142368,-2.3496272015308057
etf_index,XLK,H,4,0.9413769587598136,-1.9234662554905237
etf_index,XLK,H,7,0.9522241446868859,-1.180038118929707
etf_index,XLK,H,24,0.9087065581622606,-1.1863937884779832
etf_index,XLK,H,35,0.883621331104618,-1.2628894710874712
etf_index,XLF,D,2,0.9057827837820671,-3.066508639191585
etf_index,XLF,D,5,0.8378621731441963,-2.4595049166743084
etf_index,XLF,D,10,0.7448634162749997,-2.5345540409264853
etf_index,XLF,D,21,0.7095330284671546,-1.9575386025589852
etf_index,XLF,D,63,0.676229153271135,-1.3059798783299317
etf_index,XLF,D,126,0.7465066114372262,-0.7523855897074682
etf_index,XLF,D,252,0.7770661229552824,-0.505579369273091
etf_index,XLF,H,2,0.9533118416711818,-2.378241238561039
etf_index,XLF,H,4,0.9447729620416057,-1.700756059442065
etf_index,XLF,H,7,0.9557540641681052,-1.0279073759592712
etf_index,XLF,H,24,0.9445495292296362,-0.6369950447997895
etf_index,XLF,H,35,0.9379487748747604,-0.5818206100700517
etf_index,XLE,D,2,0.9570013504621501,-1.8735181485513275
etf_index,XLE,D,5,0.908463257839925,-1.6669894855299636
etf_index,XLE,D,10,0.8888775928929922,-1.2703588218814967
etf_index,XLE,D,21,0.8698744916073105,-1.0048566508584886
etf_index,XLE,D,63,0.7719852359386186,-1.117232438986847
etf_index,XLE,D,126,0.7360333117479717,-1.0160986211747707
etf_index,XLE,D,252,0.7687340598987857,-0.7095752416439032
etf_index,XLE,H,2,0.9639304526346142,-2.4000052396623373
etf_index,XLE,H,4,0.9550889854742726,-1.735204654449609
etf_index,XLE,H,7,0.9617311858295993,-1.0626455188165476
etf_index,XLE,H,24,0.9801657160104675,-0.26138266468357507
etf_index,XLE,H,35,1.004328425915334,0.0463213232338826
etf_index,XLV,D,2,0.9671714883639837,-1.3880381266434172
etf_index,XLV,D,5,0.9042420143426476,-1.7719034927736395
etf_index,XLV,D,10,0.8353650471570198,-2.0555298333555987
etf_index,XLV,D,21,0.7593078027912369,-2.1274418307451417
etf_index,XLV,D,63,0.6010287352725013,-2.3312763486530215
etf_index,XLV,D,126,0.48279978848077365,-2.38219951216534
etf_index,XLV,D,252,0.4762317284854107,-1.8870186438768337
etf_index,XLV,H,2,0.9670702150437424,-1.8743587969878353
etf_index,XLV,H,4,0.9523884123905311,-1.5896256556587949
etf_index,XLV,H,7,0.9481904955487682,-1.2634767036891579
etf_index,XLV,H,24,0.9274408438896936,-0.8852953452155135
etf_index,XLV,H,35,0.9057872410382249,-0.9491690785162524
etf_index,XLY,D,2,0.9731434173118135,-1.3393734451540984
etf_index,XLY,D,5,0.9336147487936574,-1.4528708217475577
etf_index,XLY,D,10,0.8787573175872337,-1.7149460965410495
etf_index,XLY,D,21,0.8595865840504425,-1.3431054687801027
etf_index,XLY,D,63,0.7106284720991292,-1.6925036751059146
etf_index,XLY,D,126,0.6747903982980363,-1.4407129018774134
etf_index,XLY,D,252,0.6534381307285952,-1.175620451813767
etf_index,XLY,H,2,0.9716448481721687,-1.9269080434956247
etf_index,XLY,H,4,0.9633212305555864,-1.4278782805174255
etf_index,XLY,H,7,0.9722541403325826,-0.778906432552208
etf_index,XLY,H,24,0.9678584234144537,-0.4365103165262548
etf_index,XLY,H,35,0.970502342806874,-0.32733858573575
etf_index,XLP,D,2,0.9262597975083124,-2.780679419174138
etf_index,XLP,D,5,0.8278875424850592,-3.004383042567812
etf_index,XLP,D,10,0.7470165196353644,-3.007873095354078
etf_index,XLP,D,21,0.7183316201471905,-2.377311187021501
etf_index,XLP,D,63,0.573786512981164,-2.4001395397940133
etf_index,XLP,D,126,0.5368225850099854,-2.0633241747107993
etf_index,XLP,D,252,0.5151231251047809,-1.6935158576175837
etf_index,XLP,H,2,0.9679272045877702,-1.7722271382161385
etf_index,XLP,H,4,0.9457182326384448,-1.7276959253338628
etf_index,XLP,H,7,0.9567608509820241,-1.0116589986006177
etf_index,XLP,H,24,0.9153498985067717,-0.9946193219796631
etf_index,XLP,H,35,0.8575557179549501,-1.3746186473825341
etf_index,XLI,D,2,0.9649314051292038,-1.5901548125411817
etf_index,XLI,D,5,0.9356160659046293,-1.2359098785655163
etf_index,XLI,D,10,0.9048272522062057,-1.1868947750965875
etf_index,XLI,D,21,0.911390005374716,-0.7572882713741852
etf_index,XLI,D,63,0.7925295177158209,-1.1378191893579115
etf_index,XLI,D,126,0.8094856820438986,-0.8075230858772017
etf_index,XLI,D,252,0.8059230025224655,-0.6393276405854131
etf_index,XLI,H,2,0.938617484913158,-2.3045138184774285
etf_index,XLI,H,4,0.9206979839202176,-1.8204931567749576
etf_index,XLI,H,7,0.9278056106693379,-1.280630497542128
etf_index,XLI,H,24,0.927761827100151,-0.6767149830626233
etf_index,XLI,H,35,0.9145695693715061,-0.6495972889412222
etf_index,XLB,D,2,0.9667250254195916,-1.6094003121298146
etf_index,XLB,D,5,0.9368031698455737,-1.3198050496770632
etf_index,XLB,D,10,0.8899485697349536,-1.4974829458957009
etf_index,XLB,D,21,0.8356317398542797,-1.510913838442268
etf_index,XLB,D,63,0.7286412562107185,-1.5475481952490946
etf_index,XLB,D,126,0.7470757689290318,-1.1096353154001386
etf_index,XLB,D,252,0.6173157855017012,-1.2989003520033209
etf_index,XLB,H,2,0.959820703699589,-2.228960098340002
etf_index,XLB,H,4,0.9427057176258284,-1.8683781004450182
etf_index,XLB,H,7,0.9410296496434535,-1.4243978209521422
etf_index,XLB,H,24,0.9403820782653569,-0.714325787651713
etf_index,XLB,H,35,0.9299285265904913,-0.6785473910890378
etf_index,XLU,D,2,0.9240589132303831,-2.622164882388329
etf_index,XLU,D,5,0.8704714859488188,-2.0209967255323242
etf_index,XLU,D,10,0.8259212437069225,-1.7981782991132662
etf_index,XLU,D,21,0.7903269702519752,-1.508460272696095
etf_index,XLU,D,63,0.6293526158192435,-1.7780388562552933
etf_index,XLU,D,126,0.638184821397651,-1.4117988388207148
etf_index,XLU,D,252,0.6795364389598033,-1.0261564463951531
etf_index,XLU,H,2,0.9766678998562296,-1.3152320482389828
etf_index,XLU,H,4,0.9773808876110118,-0.7162908890188178
etf_index,XLU,H,7,0.9802963917694439,-0.45242646059818653
etf_index,XLU,H,24,0.9673856735118262,-0.3599527993448171
etf_index,XLU,H,35,0.924834851490467,-0.6788657985231266
etf_index,SMH,D,2,0.95219277729857,-2.4865640857562537
etf_index,SMH,D,5,0.8721925038362491,-3.014129257942676
etf_index,SMH,D,10,0.8052570850656772,-2.9732358771225447
etf_index,SMH,D,21,0.7714502466293716,-2.357155667145641
etf_index,SMH,D,63,0.7675480744904472,-1.425376462697295
etf_index,SMH,D,126,0.8554837447005874,-0.6505139700507903
etf_index,SMH,D,252,0.8747482358116354,-0.4179630695019888
etf_index,SMH,H,2,0.9726545122845032,-2.2880378722353476
etf_index,SMH,H,4,0.9725780424982232,-1.3024542535057406
etf_index,SMH,H,7,0.981546084218498,-0.6323078272914276
etf_index,SMH,H,24,0.9394507080834927,-1.0247654808728308
etf_index,SMH,H,35,0.9113853000317306,-1.2349519887156077
etf_index,SPX,D,2,0.987336979943932,-0.7940674731741353
etf_index,SPX,D,5,0.9615391903670817,-1.119672143519376
etf_index,SPX,D,10,0.9529476319606288,-0.9295462816969505
etf_index,SPX,D,21,0.995845633169035,-0.05812115040268734
etf_index,SPX,D,63,1.0129784535572428,0.11605798291022285
etf_index,SPX,D,126,0.9951500604410067,-0.03303587478043597
etf_index,SPX,D,252,1.1157863252853093,0.5947869725876617
etf_index,NDX,D,2,0.9623473488449726,-1.9849238628556725
etf_index,NDX,D,5,0.8894623218271754,-2.670997023442503
etf_index,NDX,D,10,0.8418293412278759,-2.5384568382175816
etf_index,NDX,D,21,0.8500095926896833,-1.6586425258740412
etf_index,NDX,D,63,0.8899323540739373,-0.7474960623964738
etf_index,NDX,D,126,0.9161014562175233,-0.4250546431545147
etf_index,NDX,D,252,1.031406934208132,0.11892327864304264
etf_index,RUT,D,2,0.9690330085780413,-1.3723901287709452
etf_index,RUT,D,5,0.9755459787663956,-0.48165121031563657
etf_index,RUT,D,10,0.9633830816211557,-0.47910945608632555
etf_index,RUT,D,21,0.9906868438237764,-0.08601467316838617
etf_index,RUT,D,63,0.9269421875263255,-0.43486323750146677
etf_index,RUT,D,126,0.8277952953168631,-0.7959722327798678
etf_index,RUT,D,252,0.7186772698041896,-1.0241929501451592
etf_index,DJI,D,2,0.9198446137810836,-3.1447285124491207
etf_index,DJI,D,5,0.871030887981272,-2.21936824166728
etf_index,DJI,D,10,0.8149522783317475,-2.1082611314285202
etf_index,DJI,D,21,0.7917287479742423,-1.6429009578850704
etf_index,DJI,D,63,0.6593187118781036,-1.7686193622076043
etf_index,DJI,D,126,0.6513605793317709,-1.448159295748371
etf_index,DJI,D,252,0.6762504930642962,-1.085297241010941
commod_fx,GOLD,D,2,0.9853548702394193,-0.8653460666183788
commod_fx,GOLD,D,5,0.9701769088796098,-0.7861613638878887
commod_fx,GOLD,D,10,0.9200320898781676,-1.3986528003879084
commod_fx,GOLD,D,21,0.8667632957775584,-1.583706688889253
commod_fx,GOLD,D,63,0.7318579822704833,-1.8757757196828138
commod_fx,GOLD,D,126,0.7601032923785948,-1.2194642148552464
commod_fx,GOLD,D,252,0.7844571046660775,-0.8072063005684444
commod_fx,SILVER,D,2,0.9664499103100255,-1.7039979520964914
commod_fx,SILVER,D,5,0.9626772346397653,-0.8220727967273342
commod_fx,SILVER,D,10,0.9177519678209242,-1.1578655898066443
commod_fx,SILVER,D,21,0.879335515828743,-1.1664091552482707
commod_fx,SILVER,D,63,0.8073698492837226,-1.1276313654495433
commod_fx,SILVER,D,126,0.8097667289645613,-0.841667149588013
commod_fx,SILVER,D,252,0.7511439429369638,-0.8455543346396323
commod_fx,CRUDE,D,2,0.9632637011950625,-0.7535862795113744
commod_fx,CRUDE,D,5,0.8878803515524586,-1.2139604210565254
commod_fx,CRUDE,D,10,0.8757342519370386,-0.9529846963471655
commod_fx,CRUDE,D,21,0.8770392645665778,-0.6870362310088467
commod_fx,CRUDE,D,63,0.9546418564794963,-0.17023314985221039
commod_fx,CRUDE,D,126,0.8260744955231599,-0.5458539026473883
commod_fx,CRUDE,D,252,0.7013589765079811,-0.804244368638154
commod_fx,COPPER,D,2,0.9311583477481492,-3.714910033417004
commod_fx,COPPER,D,5,0.9035087396193479,-2.411476998828603
commod_fx,COPPER,D,10,0.8858750321237957,-1.8711351642299447
commod_fx,COPPER,D,21,0.9395335457188232,-0.6684908856243611
commod_fx,COPPER,D,63,1.1239560972317972,0.8055840288094609
commod_fx,COPPER,D,126,1.2167997054180029,1.0315451421204824
commod_fx,COPPER,D,252,1.107048123434352,0.377518698613096
commod_fx,NATGAS,D,2,0.9267108565266583,-3.4441593365879917
commod_fx,NATGAS,D,5,0.9033751245726528,-1.9512023670469918
commod_fx,NATGAS,D,10,0.8325039593038915,-2.2776018285942907
commod_fx,NATGAS,D,21,0.8160343148285777,-1.803936564232503
commod_fx,NATGAS,D,63,0.7305772600924605,-1.745615682532954
commod_fx,NATGAS,D,126,0.6889534771132884,-1.5532896650356025
commod_fx,NATGAS,D,252,0.5706875883480992,-1.639632162659814
commod_fx,CORN,D,2,1.0173686080753075,1.0595155782132195
commod_fx,CORN,D,5,1.0158340018887533,0.441996277003875
commod_fx,CORN,D,10,0.9963422292860991,-0.06787926350589636
commod_fx,CORN,D,21,1.0361380294782296,0.45530335491129753
commod_fx,CORN,D,63,1.0987437204503556,0.7330702602139874
commod_fx,CORN,D,126,1.132862940089184,0.7162782086267454
commod_fx,CORN,D,252,0.9705627069259177,-0.1172825972174664
commod_fx,DXY,D,2,1.0123072868432375,1.1832433608842585
commod_fx,DXY,D,5,1.025350584589159,1.1133224213839654
commod_fx,DXY,D,10,1.049204308477883,1.4097053253524006
commod_fx,DXY,D,21,1.111674264548298,2.141491805698371
commod_fx,DXY,D,63,1.2165880189824079,2.4037243164725486
commod_fx,DXY,D,126,1.3142261477037505,2.5056911682944265
commod_fx,DXY,D,252,1.356886579161213,2.0537557837882905
commod_fx,EURUSD,D,2,0.8250245379971656,-1.8909551471761243
commod_fx,EURUSD,D,5,0.6897173032389906,-2.0498339544830375
commod_fx,EURUSD,D,10,0.6570068424025385,-1.9277528800293229
commod_fx,EURUSD,D,21,0.6508199861150139,-1.7039987348718053
commod_fx,EURUSD,D,63,0.6499924854552376,-1.2631410955847169
commod_fx,EURUSD,D,126,0.6990461275486203,-0.8376717454136682
commod_fx,EURUSD,D,252,0.630246000255944,-0.8252922198577454
commod_fx,USDJPY,D,2,0.8778092966523673,-1.6906881272989718
commod_fx,USDJPY,D,5,0.8056046983263203,-1.6447824852462638
commod_fx,USDJPY,D,10,0.7686339810199746,-1.6702863940729884
commod_fx,USDJPY,D,21,0.7631592435476001,-1.487535499462365
commod_fx,USDJPY,D,63,0.8141886909567667,-0.8763467912579816
commod_fx,USDJPY,D,126,0.7991083407004392,-0.7420024134139865
commod_fx,USDJPY,D,252,0.761820965773549,-0.6988946331666541
commod_fx,GBPUSD,D,2,1.0188798728324473,0.9796684535502737
commod_fx,GBPUSD,D,5,1.0141259217723297,0.3528506146130726
commod_fx,GBPUSD,D,10,0.9741711176899521,-0.42088898461629376
commod_fx,GBPUSD,D,21,0.9268447465724663,-0.7974373700903923
commod_fx,GBPUSD,D,63,0.9362168817364042,-0.4117252589568899
commod_fx,GBPUSD,D,126,1.0466233913553982,0.22042400739853288
commod_fx,GBPUSD,D,252,0.9499757662111956,-0.17579991434343903
commod_fx,AUDUSD,D,2,0.9463701675072066,-1.8367093339064062
commod_fx,AUDUSD,D,5,0.9243517982337417,-1.0822375455140625
commod_fx,AUDUSD,D,10,0.8947515906382095,-0.9868513359881389
commod_fx,AUDUSD,D,21,0.8977038016245925,-0.6540253126997694
commod_fx,AUDUSD,D,63,0.9621415258551866,-0.15358778186080918
commod_fx,AUDUSD,D,126,1.0145753239715725,0.047070402469669
commod_fx,AUDUSD,D,252,0.9468670271729613,-0.1375407260681872
stocks,AAPL,D,2,1.016523922329531,1.0583782468049208
stocks,AAPL,D,5,0.988821969417173,-0.33080172770466476
stocks,AAPL,D,10,0.9939072587073084,-0.12143517223539284
stocks,AAPL,D,21,1.0311200453155172,0.436645887494562
stocks,AAPL,D,63,1.129708687208558,1.1394100769794355
stocks,AAPL,D,126,1.1272493906290604,0.8243326022273225
stocks,AAPL,D,252,1.0887248200817052,0.41904704604698556
stocks,AAPL,H,2,0.9663203619018618,-2.2684293140964225
stocks,AAPL,H,4,0.9669030250935833,-1.306101113378371
stocks,AAPL,H,7,0.9815799078933407,-0.5527306034234425
stocks,AAPL,H,24,0.9805905991524767,-0.30453144076428845
stocks,AAPL,H,35,0.9513552653510406,-0.6370582322580657
stocks,MSFT,D,2,0.9845736233540762,-0.8752192874579604
stocks,MSFT,D,5,0.9017385397717466,-2.4614200769199726
stocks,MSFT,D,10,0.8613160619037893,-2.2824796244571544
stocks,MSFT,D,21,0.8542024287421881,-1.693609226386805
stocks,MSFT,D,63,0.7718203714860181,-1.7221927715966907
stocks,MSFT,D,126,0.8141976919066101,-1.07243385944832
stocks,MSFT,D,252,0.8957418804319901,-0.45529977872736255
stocks,MSFT,H,2,0.9527236188045763,-2.703226302392706
stocks,MSFT,H,4,0.9282412086030142,-2.526262013495099
stocks,MSFT,H,7,0.9206521787373402,-2.186577576863285
stocks,MSFT,H,24,0.837348566533168,-2.4101969192961366
stocks,MSFT,H,35,0.8183983256593823,-2.266589359853746
stocks,NVDA,D,2,0.9943572899090602,-0.2944566470413702
stocks,NVDA,D,5,0.9952517956506459,-0.11245075516733036
stocks,NVDA,D,10,0.9682912639071952,-0.49330106059287926
stocks,NVDA,D,21,0.955627585543468,-0.4774359617365506
stocks,NVDA,D,63,1.0582982029466876,0.3766000485433153
stocks,NVDA,D,126,1.1822825974871867,0.8667823798271592
stocks,NVDA,D,252,1.238082810836667,0.8326625139949486
stocks,NVDA,H,2,0.9902577573135342,-0.9623504710932657
stocks,NVDA,H,4,0.9915155416838813,-0.47260723262254095
stocks,NVDA,H,7,1.005887582877387,0.23692648959178525
stocks,NVDA,H,24,1.0072770956255643,0.13904221020578797
stocks,NVDA,H,35,1.0050357439391733,0.07896927806874768
stocks,AMZN,D,2,1.0048799257465166,0.24188113252633034
stocks,AMZN,D,5,0.983457374688016,-0.38564487623775656
stocks,AMZN,D,10,0.9619847369418413,-0.5879851762673286
stocks,AMZN,D,21,0.92345979003346,-0.8073662603075773
stocks,AMZN,D,63,0.9249711185324545,-0.4597560867301116
stocks,AMZN,D,126,0.976001167888804,-0.1046201261844853
stocks,AMZN,D,252,1.310970400301745,0.9753928564648612
stocks,AMZN,H,2,0.9810703405662818,-1.8470218463252694
stocks,AMZN,H,4,0.9657350400091838,-1.8782673140023327
stocks,AMZN,H,7,0.9741139336769136,-1.0273130730309543
stocks,AMZN,H,24,0.9848511178969447,-0.2778871372094633
stocks,AMZN,H,35,0.9786798884210541,-0.32425018918450105
stocks,GOOGL,D,2,0.9842191908945399,-0.813933280376644
stocks,GOOGL,D,5,0.9602912503256112,-0.9696951646650651
stocks,GOOGL,D,10,0.9279499595189592,-1.1686212678428216
stocks,GOOGL,D,21,0.9457932227608591,-0.5919408054646964
stocks,GOOGL,D,63,0.9462622618133726,-0.34727927926357016
stocks,GOOGL,D,126,0.837807750700386,-0.7717601791136668
stocks,GOOGL,D,252,0.8577439679024929,-0.5036499847758483
stocks,GOOGL,H,2,0.9685752826683415,-2.544985002067715
stocks,GOOGL,H,4,0.9524014818722835,-2.2690655921733893
stocks,GOOGL,H,7,0.9465300543325335,-1.9218155108641104
stocks,GOOGL,H,24,0.9147619976515687,-1.58447209313575
stocks,GOOGL,H,35,0.8837819027056014,-1.7868123945811702
stocks,META,D,2,0.9756228065460054,-1.1623650704737858
stocks,META,D,5,0.9493673762876945,-1.0678430849070488
stocks,META,D,10,0.9175659371716989,-1.1476444042428007
stocks,META,D,21,0.8924051363552995,-1.0311471694935181
stocks,META,D,63,0.9577189431324266,-0.24335405253980172
stocks,META,D,126,0.9397320725839183,-0.24755431040350534
stocks,META,D,252,1.1008067147663876,0.2998425205486694
stocks,META,H,2,0.987450905075324,-1.1862745041242009
stocks,META,H,4,0.9834308346225259,-0.8944895542184005
stocks,META,H,7,0.9922760369929903,-0.30177070401329625
stocks,META,H,24,0.9532676496500376,-0.9068213443551294
stocks,META,H,35,0.940318942765142,-0.9555177048406589
stocks,AVGO,D,2,0.9490029635144072,-2.0040629480785865
stocks,AVGO,D,5,0.9068541131264913,-1.6521668262792284
stocks,AVGO,D,10,0.8146731504676882,-2.2374550825996353
stocks,AVGO,D,21,0.7376673111753909,-2.30173074248738
stocks,AVGO,D,63,0.5215732328551703,-2.726981240543266
stocks,AVGO,D,126,0.44788060657989515,-2.380611350991858
stocks,AVGO,D,252,0.46975326268823997,-1.708614040349484
stocks,AVGO,H,2,0.9732452597627635,-1.8036539979567194
stocks,AVGO,H,4,0.9704355821056031,-1.1866793515920167
stocks,AVGO,H,7,0.9737915273662333,-0.7870361514658424
stocks,AVGO,H,24,0.9975709288319262,-0.03701477418966485
stocks,AVGO,H,35,0.9761940523549385,-0.3000905011145691
stocks,TSLA,D,2,0.9945047876359243,-0.2539168780092715
stocks,TSLA,D,5,0.9961356918640529,-0.08291825468792091
stocks,TSLA,D,10,0.9931067645732321,-0.10053159598995533
stocks,TSLA,D,21,1.066033314316888,0.6693747775339748
stocks,TSLA,D,63,1.04178937908481,0.25231923559460073
stocks,TSLA,D,126,1.1090917222807313,0.48088105999268904
stocks,TSLA,D,252,1.2858524691720044,0.9175739148737845
stocks,TSLA,H,2,0.9926557395717968,-0.7204554006862499
stocks,TSLA,H,4,1.012647934001392,0.6982191629684699
stocks,TSLA,H,7,1.054753721365703,2.1691739307754228
stocks,TSLA,H,24,1.1131197271520714,2.0704877438869875
stocks,TSLA,H,35,1.1361435128901107,2.0489353594504456
stocks,BRK-B,D,2,0.9972078574563449,-0.12006777204292027
stocks,BRK-B,D,5,0.9588950736476297,-0.8032702410000514
stocks,BRK-B,D,10,0.8473877891701377,-2.0177844954435193
stocks,BRK-B,D,21,0.7675408986944547,-2.1866132007769434
stocks,BRK-B,D,63,0.6976095817657041,-1.8217257846625718
stocks,BRK-B,D,126,0.6966038687699784,-1.385461625262808
stocks,BRK-B,D,252,0.6726295918413204,-1.1479047210861186
stocks,BRK-B,H,2,0.9456242600418678,-2.708391319864966
stocks,BRK-B,H,4,0.9389820561074866,-1.840984056430681
stocks,BRK-B,H,7,0.9456458919087837,-1.243518974945848
stocks,BRK-B,H,24,0.895983311904327,-1.2166398818573176
stocks,BRK-B,H,35,0.879020431796196,-1.1724963033184146
stocks,JPM,D,2,0.967870649757019,-1.4854134514937145
stocks,JPM,D,5,0.915509395464983,-1.880239015212439
stocks,JPM,D,10,0.8712666654340578,-1.9411324480334569
stocks,JPM,D,21,0.8367547641148543,-1.7159457887459078
stocks,JPM,D,63,0.8250421144465885,-1.1217857372346824
stocks,JPM,D,126,0.7585040991901583,-1.1333450002097856
stocks,JPM,D,252,0.6633683569057177,-1.1951737771412494
stocks,JPM,H,2,0.9714061970342889,-1.4232663979936742
stocks,JPM,H,4,0.9610870757264575,-1.1989367736201302
stocks,JPM,H,7,0.9588060192836665,-0.9731166790892057
stocks,JPM,H,24,0.9104683679631824,-1.0640892457166171
stocks,JPM,H,35,0.8895151878210584,-1.0734517275419968
stocks,LLY,D,2,1.0221309542393977,1.6365905393177553
stocks,LLY,D,5,0.9840471731091148,-0.5574747458576192
stocks,LLY,D,10,0.9490637814990088,-1.2087225039993976
stocks,LLY,D,21,0.8900140221694013,-1.8148095101302315
stocks,LLY,D,63,0.7493081884314936,-2.49619677974944
stocks,LLY,D,126,0.7140637679264382,-2.099092410468247
stocks,LLY,D,252,0.7922976378212848,-1.1235644334348172
stocks,LLY,H,2,0.9696964519497159,-1.8351689921641654
stocks,LLY,H,4,0.9478941331810892,-1.924845074914045
stocks,LLY,H,7,0.9324787209043155,-1.9348847309610877
stocks,LLY,H,24,0.9057568005932523,-1.53777177896405
stocks,LLY,H,35,0.8988074576187857,-1.4047643933846494
stocks,V,D,2,0.891783438003618,-3.964965498084335
stocks,V,D,5,0.7994539290528968,-3.335492495352915
stocks,V,D,10,0.7054352528671778,-3.280851682885812
stocks,V,D,21,0.6311866933034034,-2.81952070602074
stocks,V,D,63,0.4805516504720235,-2.443932335875022
stocks,V,D,126,0.47157018362798286,-1.882024552360909
stocks,V,D,252,0.3690501829553294,-1.716029901607739
stocks,V,H,2,0.9601520313888144,-2.4001209399654773
stocks,V,H,4,0.935307106523186,-2.2847709058369086
stocks,V,H,7,0.9302522967678718,-1.7931730723321941
stocks,V,H,24,0.8335549660435125,-2.120334154923049
stocks,V,H,35,0.7997931882718967,-2.1014301668960886
stocks,MA,D,2,0.935567307619059,-2.667876431133716
stocks,MA,D,5,0.8632510994347513,-2.554922115352926
stocks,MA,D,10,0.7855101869742298,-2.6434771895054907
stocks,MA,D,21,0.7174155383691492,-2.3629061319786437
stocks,MA,D,63,0.7312019685659525,-1.367173720007557
stocks,MA,D,126,0.7225250251738594,-1.0522628394215103
stocks,MA,D,252,0.6620201622060652,-0.9675694959550288
stocks,MA,H,2,0.9584634795368464,-2.2668571056540094
stocks,MA,H,4,0.9371275226715772,-2.0358348449385444
stocks,MA,H,7,0.9395478594786719,-1.4586542898292998
stocks,MA,H,24,0.871814880341209,-1.6050159602038263
stocks,MA,H,35,0.8436658215632238,-1.6043497252385899
stocks,XOM,D,2,0.9671257081927389,-1.61762946817815
stocks,XOM,D,5,0.8583763843998723,-3.441117483596219
stocks,XOM,D,10,0.7784552724857121,-3.7815419778633523
stocks,XOM,D,21,0.7317080906419768,-3.352251043783091
stocks,XOM,D,63,0.6417313354037956,-2.960643493009665
stocks,XOM,D,126,0.6362828138817487,-2.349481493218695
stocks,XOM,D,252,0.7133490168830631,-1.4504904533452132
stocks,XOM,H,2,0.9685191529205212,-2.1240541777529396
stocks,XOM,H,4,0.9521293565373201,-1.8843888558917983
stocks,XOM,H,7,0.9550820017501589,-1.2815632192226036
stocks,XOM,H,24,0.9383151528784115,-0.8854134554742558
stocks,XOM,H,35,0.936300224223621,-0.7543353533488586
stocks,WMT,D,2,1.048602067800662,3.5520552895134827
stocks,WMT,D,5,1.0227606528520694,0.7877814073905438
stocks,WMT,D,10,0.9429959163155768,-1.327086122532933
stocks,WMT,D,21,0.9194880633065812,-1.2925804927608957
stocks,WMT,D,63,0.8695994863787914,-1.2496499654065647
stocks,WMT,D,126,0.8448614355144033,-1.0839884037187004
stocks,WMT,D,252,0.8637107512795292,-0.697405326614404
stocks,WMT,H,2,0.9990879698059292,-0.06767565945342251
stocks,WMT,H,4,0.9944523249001468,-0.2407896181513386
stocks,WMT,H,7,1.001071396292728,0.03461348963628855
stocks,WMT,H,24,0.9808592774318755,-0.3023080725450933
stocks,WMT,H,35,0.9370557336782246,-0.8300703207858133
stocks,COST,D,2,0.9972388144172937,-0.16491149438159244
stocks,COST,D,5,0.932029669540696,-1.9455632621480825
stocks,COST,D,10,0.8616995379496275,-2.7334384036942363
stocks,COST,D,21,0.8284419135571548,-2.384446836751872
stocks,COST,D,63,0.7347693485290399,-2.2291336847621994
stocks,COST,D,126,0.6655725369357168,-2.0486284606292746
stocks,COST,D,252,0.5902131598991841,-1.831800177151234
stocks,COST,H,2,0.9847897093381663,-1.1682378851213007
stocks,COST,H,4,0.9765118679238738,-1.041777271020454
stocks,COST,H,7,0.9781983558424948,-0.7166291640671802
stocks,COST,H,24,0.9767112142548131,-0.3971215197685345
stocks,COST,H,35,0.9537426578303563,-0.6591204204355314
stocks,NFLX,D,2,1.0275806780841994,1.3900286841970333
stocks,NFLX,D,5,1.0297157395237084,0.7402499557362003
stocks,NFLX,D,10,1.0213263310200607,0.3590974943137795
stocks,NFLX,D,21,1.0232928533384187,0.27178681985007763
stocks,NFLX,D,63,1.1344704571364554,0.9430512387750895
stocks,NFLX,D,126,1.2691890607673482,1.3548773240332461
stocks,NFLX,D,252,1.3094334660484785,1.1407937079716857
stocks,NFLX,H,2,0.9858835158112877,-1.5594870701867949
stocks,NFLX,H,4,0.976884645401064,-1.3049201816478613
stocks,NFLX,H,7,0.9680897184886245,-1.2589615426031269
stocks,NFLX,H,24,1.0052997951188642,0.09670156624239803
stocks,NFLX,H,35,1.0299688896422474,0.4539043801848734
stocks,ORCL,D,2,0.9815062011362653,-1.146830496913712
stocks,ORCL,D,5,0.8996086253790113,-2.9429905832484358
stocks,ORCL,D,10,0.8624616600065854,-2.71486953206434
stocks,ORCL,D,21,0.8909582749690184,-1.483205805050756
stocks,ORCL,D,63,0.894171659033028,-0.8568534924766801
stocks,ORCL,D,126,0.9004505939938156,-0.5841337766921886
stocks,ORCL,D,252,0.9397447524528514,-0.25684906076440245
stocks,ORCL,H,2,0.9771923757900149,-1.9204196427297862
stocks,ORCL,H,4,0.970810608564527,-1.4114324704126027
stocks,ORCL,H,7,0.96907373135532,-1.0827563280351
stocks,ORCL,H,24,0.965721938182231,-0.5549182731538563
stocks,ORCL,H,35,0.9628880485798813,-0.4910117674791886
stocks,JNJ,D,2,1.0388142720798592,2.710014656470486
stocks,JNJ,D,5,0.9614945650013861,-1.314270305969342
stocks,JNJ,D,10,0.8846068662554148,-2.709055962045031
stocks,JNJ,D,21,0.8296698706784118,-2.8127058458416623
stocks,JNJ,D,63,0.7658020519435345,-2.4340265267847987
stocks,JNJ,D,126,0.7153227936876215,-2.2359349301015103
stocks,JNJ,D,252,0.7170174256161141,-1.6734646512758937
stocks,JNJ,H,2,0.9704112085188452,-2.0537871356243254
stocks,JNJ,H,4,0.9534105451594547,-1.8404865226072697
stocks,JNJ,H,7,0.9455287261469777,-1.5418923323055715
stocks,JNJ,H,24,0.9032971260638365,-1.3920698089990773
stocks,JNJ,H,35,0.8805642599969075,-1.4171134186986396
stocks,PG,D,2,0.9895093270946671,-0.39165513965565824
stocks,PG,D,5,0.921965228756228,-1.5981233712478013
stocks,PG,D,10,0.8555228977778877,-2.252984481087226
stocks,PG,D,21,0.8190108417622074,-2.2090038881375276
stocks,PG,D,63,0.7144652450980518,-2.380255702441643
stocks,PG,D,126,0.6891336613531456,-2.0291678770076436
stocks,PG,D,252,0.6087110513169725,-1.987806736359262
stocks,PG,H,2,0.9509061126848786,-2.6489189764599335
stocks,PG,H,4,0.9347341592866787,-2.049981606641576
stocks,PG,H,7,0.9372596683360748,-1.4594050933675404
stocks,PG,H,24,0.8765860909325821,-1.4677335313410935
stocks,PG,H,35,0.8035513741970495,-1.9289483250359285
stocks,HD,D,2,1.009718810923092,0.6464198141109121
stocks,HD,D,5,0.9648591993006294,-1.0003943822794892
stocks,HD,D,10,0.8841902494982495,-2.1104964901981615
stocks,HD,D,21,0.8289639932265671,-2.142024461068098
stocks,HD,D,63,0.8443903455628747,-1.1890360960473982
stocks,HD,D,126,0.9397006106771254,-0.3391013531472077
stocks,HD,D,252,1.0942826078984116,0.3921929029556154
stocks,HD,H,2,0.9668272383724202,-1.8588329930911203
stocks,HD,H,4,0.9504517420985573,-1.6001094749710842
stocks,HD,H,7,0.9511545610219576,-1.1333297958002835
stocks,HD,H,24,0.9608192759025145,-0.4220137268750366
stocks,HD,H,35,0.964810466115101,-0.30710187681412093
stocks,UNH,D,2,1.0040894015838673,0.16892726126123633
stocks,UNH,D,5,0.996784091422555,-0.06947189399154399
stocks,UNH,D,10,0.93944712533793,-0.9771803399425047
stocks,UNH,D,21,0.9036811864959386,-1.1340237512850788
stocks,UNH,D,63,0.8310206046013981,-1.2622038608454718
stocks,UNH,D,126,0.8526683989367856,-0.825606490707929
stocks,UNH,D,252,0.9019860105861442,-0.4111216791236487
stocks,UNH,H,2,0.9959697823325138,-0.2505327401090699
stocks,UNH,H,4,1.0014707473106677,0.05440606361805681
stocks,UNH,H,7,1.0002906012835022,0.008146097673622487
stocks,UNH,H,24,1.0316989224622493,0.4268947799960475
stocks,UNH,H,35,1.0355914429422977,0.3897396724122425
stocks,AMD,D,2,1.0045662216760671,0.36039114714043935
stocks,AMD,D,5,1.0031380766981401,0.11724918707546374
stocks,AMD,D,10,1.0149562073079585,0.3762169905277651
stocks,AMD,D,21,1.0733785358708343,1.2631625377999083
stocks,AMD,D,63,1.1917829184995024,1.9533469053894894
stocks,AMD,D,126,1.2194527398059951,1.61041191987491
stocks,AMD,D,252,1.1102692977512234,0.5875549069554793
stocks,AMD,H,2,1.0081112962368557,0.8214039413576455
stocks,AMD,H,4,1.0142553771162963,0.8268262853396803
stocks,AMD,H,7,1.037433780759125,1.584844395780601
stocks,AMD,H,24,1.0707428583195986,1.4228730850448168
stocks,AMD,H,35,1.053649534893655,0.8971413264393133
stocks,BAC,D,2,1.0292297066700904,1.0721841351112302
stocks,BAC,D,5,1.0572294300314204,1.0106121304783926
stocks,BAC,D,10,1.0049950120823985,0.05952277039842316
stocks,BAC,D,21,1.0004488726171898,0.0036567908566388836
stocks,BAC,D,63,1.0731450984978828,0.3529150494344796
stocks,BAC,D,126,1.1116957753200627,0.3966393436351322
stocks,BAC,D,252,1.0090078434742904,0.024663828786524285
stocks,BAC,H,2,0.9762582084741268,-1.4751409275424132
stocks,BAC,H,4,0.9638251087338923,-1.3608605741581639
stocks,BAC,H,7,0.9663182159617887,-0.9659254448012351
stocks,BAC,H,24,0.9795696230532882,-0.2852545640857821
stocks,BAC,H,35,0.9782823675749447,-0.24729104064877436
stocks,WFC,D,2,0.9465906102392648,-2.471661411349006
stocks,WFC,D,5,0.8976376443911811,-2.1952273700416542
stocks,WFC,D,10,0.8233858751381362,-2.464867677908878
stocks,WFC,D,21,0.7811155527367911,-2.045291300305381
stocks,WFC,D,63,0.7304874558544899,-1.4789636206216636
stocks,WFC,D,126,0.6622703056973226,-1.3645987268314281
stocks,WFC,D,252,0.5778914714696045,-1.3142491789617976
stocks,WFC,H,2,0.9734988537976137,-1.787450586479984
stocks,WFC,H,4,0.9563514512563864,-1.689589219786716
stocks,WFC,H,7,0.9501663855362484,-1.4099084693431057
stocks,WFC,H,24,0.9690963071724621,-0.41371380964592624
stocks,WFC,H,35,0.9656455539030459,-0.37712810598715585
stocks,GS,D,2,0.9546090227311876,-1.7952455116863326
stocks,GS,D,5,0.8889623218507388,-2.067025028957622
stocks,GS,D,10,0.8233323917993264,-2.2094177442171627
stocks,GS,D,21,0.8318360136339202,-1.4571531203173702
stocks,GS,D,63,0.8462331329658812,-0.8017945568448458
stocks,GS,D,126,0.8085031706583503,-0.7365277066375531
stocks,GS,D,252,0.7584025531725435,-0.7093599390840214
stocks,GS,H,2,0.9668304147134843,-2.2792831049043003
stocks,GS,H,4,0.957700499905948,-1.689238912433659
stocks,GS,H,7,0.9652212099140177,-1.030812546379622
stocks,GS,H,24,0.9708387733686447,-0.42434046931716335
stocks,GS,H,35,0.962654165038362,-0.4442657540898002
