strategy,group,period,assets,days,years,ann_ret,vol,sharpe,t,max_dd,pct_pos_months,worst_month,pct_pos_years,gross_lev,turnover_x,cost_drag
bh_vt,crypto,IS,8,888,3.5,0.2465,0.1234,1.847,3.47,-0.1806,0.61,-0.0573,0.5,,,
bh_vt,crypto,OOS,8,1566,6.2,0.1622,0.1124,1.394,3.47,-0.1923,0.625,-0.0761,0.833,,,
bh_vt,crypto,HOLD,8,1500,6.0,0.0795,0.108,0.762,1.86,-0.1938,0.543,-0.0733,0.667,,,
bh_vt,crypto,FULL,8,3954,15.7,0.148,0.1134,1.274,5.05,-0.2563,0.59,-0.0761,0.688,0.16,1.1,0.0011
ma200,crypto,IS,8,888,3.5,0.3049,0.1095,2.486,4.67,-0.0771,0.488,-0.0431,0.5,,,
ma200,crypto,OOS,8,1566,6.2,0.1635,0.1068,1.472,3.67,-0.1712,0.528,-0.0569,0.833,,,
ma200,crypto,HOLD,8,1500,6.0,0.085,0.0925,0.928,2.27,-0.1986,0.386,-0.0517,0.833,,,
ma200,crypto,FULL,8,3954,15.7,0.1626,0.1023,1.524,6.04,-0.1986,0.464,-0.0569,0.75,0.16,2.1,0.0021
tsmom12,crypto,IS,8,888,3.5,0.0937,0.1236,0.786,1.48,-0.2747,0.512,-0.1147,0.25,,,
tsmom12,crypto,OOS,8,1566,6.2,0.0563,0.1162,0.529,1.32,-0.3148,0.5,-0.0822,0.5,,,
tsmom12,crypto,HOLD,8,1500,6.0,0.0581,0.1091,0.572,1.4,-0.1559,0.543,-0.092,0.667,,,
tsmom12,crypto,FULL,8,3954,15.7,0.0653,0.1153,0.606,2.4,-0.3148,0.519,-0.1147,0.5,0.2,2.4,0.0024
trend4,crypto,IS,8,888,3.5,0.3172,0.1176,2.403,4.51,-0.0912,0.561,-0.0462,0.75,,,
trend4,crypto,OOS,8,1566,6.2,0.1172,0.1166,1.008,2.51,-0.168,0.556,-0.0637,0.667,,,
trend4,crypto,HOLD,8,1500,6.0,0.0596,0.1065,0.597,1.46,-0.2255,0.443,-0.0853,0.833,,,
trend4,crypto,FULL,8,3954,15.7,0.1363,0.1132,1.185,4.69,-0.2255,0.514,-0.0853,0.75,0.16,3.9,0.0039
trend4_lo,crypto,IS,8,888,3.5,0.2827,0.1037,2.452,4.6,-0.0912,0.463,-0.0183,0.5,,,
trend4_lo,crypto,OOS,8,1566,6.2,0.1689,0.1013,1.59,3.96,-0.1251,0.486,-0.0361,0.833,,,
trend4_lo,crypto,HOLD,8,1500,6.0,0.0803,0.0843,0.958,2.34,-0.1578,0.371,-0.0291,0.833,,,
trend4_lo,crypto,FULL,8,3954,15.7,0.1584,0.0959,1.581,6.26,-0.1578,0.437,-0.0361,0.75,0.13,3.1,0.0031
xs_mom,crypto,IS,8,0,,,,,,,,,,,,
xs_mom,crypto,OOS,8,1389,5.5,-0.0843,0.1068,-0.771,-1.81,-0.3951,0.469,-0.1457,0.333,,,
xs_mom,crypto,HOLD,8,1500,6.0,-0.062,0.0787,-0.774,-1.89,-0.3724,0.443,-0.1285,0.167,,,
xs_mom,crypto,FULL,8,2889,11.5,-0.0728,0.0933,-0.763,-2.58,-0.6067,0.455,-0.1457,0.25,0.36,4.8,0.0048
xs_rev,crypto,IS,8,0,,,,,,,,,,,,
xs_rev,crypto,OOS,8,1392,5.5,-0.1801,0.1031,-1.874,-4.4,-0.671,0.25,-0.0824,0.0,,,
xs_rev,crypto,HOLD,8,1500,6.0,-0.1183,0.0838,-1.46,-3.56,-0.5413,0.286,-0.088,0.0,,,
xs_rev,crypto,FULL,8,2892,11.5,-0.1486,0.0936,-1.671,-5.66,-0.8451,0.269,-0.088,0.0,0.35,54.4,0.0544
lowvol,crypto,IS,8,0,,,,,,,,,,,,
lowvol,crypto,OOS,8,1389,5.5,0.128,0.1044,1.206,2.83,-0.2344,0.578,-0.0836,0.833,,,
lowvol,crypto,HOLD,8,1500,6.0,0.0123,0.0807,0.193,0.47,-0.1711,0.557,-0.0748,0.5,,,
lowvol,crypto,FULL,8,2889,11.5,0.0664,0.0929,0.738,2.5,-0.2344,0.567,-0.0836,0.667,0.37,4.4,0.0044
bh_vt,etf_index,IS,23,5443,21.6,0.0775,0.1048,0.765,3.55,-0.3093,0.625,-0.1002,0.762,,,
bh_vt,etf_index,OOS,23,1566,6.2,0.0805,0.109,0.765,1.91,-0.1925,0.653,-0.0907,0.667,,,
bh_vt,etf_index,HOLD,23,1500,6.0,0.0684,0.1044,0.687,1.68,-0.1565,0.629,-0.0607,0.833,,,
bh_vt,etf_index,FULL,23,8509,33.8,0.0765,0.1055,0.751,4.37,-0.3093,0.631,-0.1002,0.758,0.95,4.4,0.0009
ma200,etf_index,IS,23,5443,21.6,0.0728,0.0999,0.754,3.5,-0.2707,0.546,-0.0788,0.714,,,
ma200,etf_index,OOS,23,1566,6.2,0.0646,0.1069,0.639,1.59,-0.1532,0.653,-0.0892,0.667,,,
ma200,etf_index,HOLD,23,1500,6.0,0.0635,0.0983,0.676,1.65,-0.1583,0.6,-0.0521,0.833,,,
ma200,etf_index,FULL,23,8509,33.8,0.0697,0.1009,0.718,4.17,-0.2707,0.575,-0.0892,0.727,0.95,8.4,0.0017
tsmom12,etf_index,IS,23,5443,21.6,0.0683,0.1047,0.684,3.18,-0.2181,0.586,-0.0674,0.81,,,
tsmom12,etf_index,OOS,23,1566,6.2,0.0217,0.1074,0.254,0.63,-0.2231,0.528,-0.0843,0.333,,,
tsmom12,etf_index,HOLD,23,1500,6.0,0.0408,0.1043,0.435,1.06,-0.1752,0.571,-0.0605,0.667,,,
tsmom12,etf_index,FULL,23,8509,33.8,0.0547,0.1051,0.56,3.25,-0.2231,0.573,-0.0843,0.697,1.16,10.5,0.0021
trend4,etf_index,IS,23,5443,21.6,0.0634,0.1053,0.636,2.96,-0.2202,0.538,-0.0618,0.762,,,
trend4,etf_index,OOS,23,1566,6.2,0.0188,0.1059,0.229,0.57,-0.1741,0.514,-0.0866,0.333,,,
trend4,etf_index,HOLD,23,1500,6.0,0.0155,0.1008,0.203,0.5,-0.1999,0.529,-0.0587,0.5,,,
trend4,etf_index,FULL,23,8509,33.8,0.0465,0.1046,0.487,2.83,-0.2202,0.532,-0.0866,0.636,1.0,18.6,0.0037
trend4_lo,etf_index,IS,23,5443,21.6,0.0723,0.0959,0.776,3.61,-0.2425,0.518,-0.0618,0.762,,,
trend4_lo,etf_index,OOS,23,1566,6.2,0.0359,0.0979,0.41,1.02,-0.1676,0.556,-0.0955,0.5,,,
trend4_lo,etf_index,HOLD,23,1500,6.0,0.0374,0.0905,0.45,1.1,-0.1717,0.571,-0.0518,0.833,,,
trend4_lo,etf_index,FULL,23,8509,33.8,0.0593,0.0953,0.652,3.79,-0.2425,0.534,-0.0955,0.727,0.88,14.3,0.0029
xs_mom,etf_index,IS,23,3908,15.5,0.0145,0.0906,0.204,0.8,-0.2544,0.478,-0.0523,0.467,,,
xs_mom,etf_index,OOS,23,1566,6.2,0.0019,0.1007,0.069,0.17,-0.2631,0.431,-0.0692,0.667,,,
xs_mom,etf_index,HOLD,23,1500,6.0,0.0269,0.0927,0.333,0.81,-0.123,0.5,-0.0579,0.667,,,
xs_mom,etf_index,FULL,23,6974,27.7,0.0143,0.0934,0.199,1.04,-0.2631,0.472,-0.0692,0.556,1.7,21.5,0.0043
xs_rev,etf_index,IS,23,3909,15.5,-0.0027,0.0895,0.015,0.06,-0.4108,0.522,-0.0946,0.333,,,
xs_rev,etf_index,OOS,23,1566,6.2,-0.0861,0.1008,-0.842,-2.1,-0.5006,0.417,-0.0734,0.0,,,
xs_rev,etf_index,HOLD,23,1500,6.0,-0.042,0.0931,-0.414,-1.01,-0.2944,0.429,-0.0489,0.333,,,
xs_rev,etf_index,FULL,23,6975,27.7,-0.0305,0.0929,-0.286,-1.51,-0.7299,0.478,-0.0946,0.259,1.78,270.2,0.054
lowvol,etf_index,IS,23,3908,15.5,0.027,0.0828,0.363,1.43,-0.292,0.5,-0.0603,0.667,,,
lowvol,etf_index,OOS,23,1566,6.2,0.0568,0.0882,0.671,1.67,-0.115,0.486,-0.0452,1.0,,,
lowvol,etf_index,HOLD,23,1500,6.0,-0.0626,0.0892,-0.679,-1.66,-0.3215,0.443,-0.077,0.167,,,
lowvol,etf_index,FULL,23,6974,27.7,0.0135,0.0854,0.2,1.05,-0.3568,0.484,-0.077,0.63,1.99,15.9,0.0032
bh_vt,commod_fx,IS,11,11203,44.5,0.0192,0.1077,0.231,1.54,-0.6007,0.516,-0.1891,0.558,,,
bh_vt,commod_fx,OOS,11,1566,6.2,0.0245,0.0999,0.293,0.73,-0.2038,0.514,-0.0769,0.667,,,
bh_vt,commod_fx,HOLD,11,1500,6.0,0.1071,0.1026,1.044,2.55,-0.1381,0.586,-0.0656,1.0,,,
bh_vt,commod_fx,FULL,11,14269,56.6,0.0287,0.1064,0.319,2.4,-0.6007,0.523,-0.1891,0.618,1.85,8.8,0.0018
ma200,commod_fx,IS,11,11028,43.8,0.0565,0.0945,0.629,4.16,-0.2691,0.404,-0.1557,0.674,,,
ma200,commod_fx,OOS,11,1566,6.2,0.0058,0.0736,0.116,0.29,-0.2184,0.486,-0.068,0.5,,,
ma200,commod_fx,HOLD,11,1500,6.0,0.0495,0.0868,0.6,1.46,-0.1732,0.543,-0.0462,0.833,,,
ma200,commod_fx,FULL,11,14094,55.9,0.05,0.0916,0.579,4.33,-0.3032,0.428,-0.1557,0.673,1.49,16.4,0.0033
tsmom12,commod_fx,IS,11,11203,44.5,0.0415,0.1078,0.431,2.87,-0.4674,0.527,-0.1493,0.674,,,
tsmom12,commod_fx,OOS,11,1566,6.2,0.0015,0.0991,0.064,0.16,-0.3233,0.472,-0.0515,0.333,,,
tsmom12,commod_fx,HOLD,11,1500,6.0,0.034,0.1014,0.381,0.93,-0.214,0.486,-0.067,0.333,,,
tsmom12,commod_fx,FULL,11,14269,56.6,0.0362,0.1062,0.388,2.92,-0.4674,0.517,-0.1493,0.6,1.83,17.2,0.0034
trend4,commod_fx,IS,11,11203,44.5,0.0764,0.1112,0.718,4.78,-0.2131,0.527,-0.1007,0.767,,,
trend4,commod_fx,OOS,11,1566,6.2,-0.0263,0.0844,-0.273,-0.68,-0.3301,0.458,-0.0504,0.333,,,
trend4,commod_fx,HOLD,11,1500,6.0,-0.0062,0.0887,-0.026,-0.06,-0.2565,0.457,-0.056,0.5,,,
trend4,commod_fx,FULL,11,14269,56.6,0.0558,0.1064,0.563,4.23,-0.3301,0.512,-0.1007,0.691,1.58,30.8,0.0062
trend4_lo,commod_fx,IS,11,11058,43.9,0.0529,0.0878,0.631,4.18,-0.1877,0.377,-0.1028,0.674,,,
trend4_lo,commod_fx,OOS,11,1566,6.2,-0.0065,0.0561,-0.089,-0.22,-0.1965,0.514,-0.0546,0.5,,,
trend4_lo,commod_fx,HOLD,11,1500,6.0,0.0329,0.0721,0.485,1.18,-0.1061,0.514,-0.0433,0.667,,,
trend4_lo,commod_fx,FULL,11,14124,56.0,0.044,0.0833,0.559,4.18,-0.2122,0.407,-0.1028,0.655,1.25,22.4,0.0045
xs_mom,commod_fx,IS,11,3473,13.8,0.0502,0.1031,0.527,1.96,-0.3047,0.5,-0.0775,0.714,,,
xs_mom,commod_fx,OOS,11,1566,6.2,-0.0115,0.1015,-0.063,-0.16,-0.2901,0.389,-0.0529,0.5,,,
xs_mom,commod_fx,HOLD,11,1500,6.0,0.0339,0.1032,0.374,0.91,-0.1953,0.514,-0.0826,0.5,,,
xs_mom,commod_fx,FULL,11,6539,25.9,0.0314,0.1027,0.352,1.79,-0.3047,0.477,-0.0826,0.615,1.68,25.7,0.0051
xs_rev,commod_fx,IS,11,3473,13.8,-0.0243,0.1031,-0.187,-0.69,-0.4581,0.456,-0.0983,0.357,,,
xs_rev,commod_fx,OOS,11,1566,6.2,0.0124,0.1014,0.172,0.43,-0.2115,0.528,-0.0774,0.5,,,
xs_rev,commod_fx,HOLD,11,1500,6.0,0.0345,0.1026,0.382,0.93,-0.1723,0.543,-0.0439,0.5,,,
xs_rev,commod_fx,FULL,11,6539,25.9,-0.0023,0.1026,0.029,0.15,-0.4581,0.493,-0.0983,0.423,1.69,278.8,0.0558
lowvol,commod_fx,IS,11,3473,13.8,-0.0657,0.1026,-0.611,-2.27,-0.7494,0.438,-0.0818,0.357,,,
lowvol,commod_fx,OOS,11,1566,6.2,-0.0556,0.1009,-0.517,-1.29,-0.3578,0.361,-0.0506,0.167,,,
lowvol,commod_fx,HOLD,11,1500,6.0,-0.0456,0.1032,-0.401,-0.98,-0.2828,0.357,-0.0494,0.167,,,
lowvol,commod_fx,FULL,11,6539,25.9,-0.0587,0.1023,-0.54,-2.75,-0.8212,0.401,-0.0818,0.269,2.02,13.7,0.0027
bh_vt,stocks,IS,26,13553,53.8,0.117,0.1043,1.113,8.16,-0.2839,0.635,-0.1001,0.846,,,
bh_vt,stocks,OOS,26,1566,6.2,0.1414,0.1098,1.259,3.14,-0.1365,0.736,-0.0732,1.0,,,
bh_vt,stocks,HOLD,26,1500,6.0,0.1428,0.1033,1.344,3.28,-0.1288,0.643,-0.0452,0.833,,,
bh_vt,stocks,FULL,26,16619,65.9,0.1216,0.1047,1.148,9.32,-0.2839,0.645,-0.1001,0.859,0.76,3.3,0.001
ma200,stocks,IS,26,13553,53.8,0.1141,0.0989,1.142,8.38,-0.2664,0.622,-0.0861,0.827,,,
ma200,stocks,OOS,26,1566,6.2,0.1302,0.1082,1.186,2.96,-0.1333,0.75,-0.0745,1.0,,,
ma200,stocks,HOLD,26,1500,6.0,0.1119,0.0949,1.166,2.84,-0.1253,0.629,-0.0485,0.833,,,
ma200,stocks,FULL,26,16619,65.9,0.1154,0.0995,1.148,9.32,-0.2664,0.634,-0.0861,0.844,0.72,6.4,0.0019
tsmom12,stocks,IS,26,13553,53.8,0.0745,0.1013,0.761,5.58,-0.267,0.599,-0.1085,0.712,,,
tsmom12,stocks,OOS,26,1566,6.2,0.0994,0.1024,0.977,2.44,-0.127,0.653,-0.0861,0.833,,,
tsmom12,stocks,HOLD,26,1500,6.0,0.0595,0.0994,0.632,1.54,-0.2387,0.557,-0.0665,0.5,,,
tsmom12,stocks,FULL,26,16619,65.9,0.0755,0.1012,0.77,6.25,-0.267,0.601,-0.1085,0.703,0.99,9.1,0.0027
trend4,stocks,IS,26,13553,53.8,0.0618,0.0928,0.693,5.08,-0.3448,0.553,-0.0761,0.673,,,
trend4,stocks,OOS,26,1566,6.2,0.0552,0.0951,0.612,1.53,-0.1534,0.542,-0.0735,0.667,,,
trend4,stocks,HOLD,26,1500,6.0,0.0433,0.0877,0.527,1.29,-0.1441,0.543,-0.0434,0.667,,,
trend4,stocks,FULL,26,16619,65.9,0.0595,0.0926,0.671,5.45,-0.3448,0.551,-0.0761,0.672,0.77,15.0,0.0045
trend4_lo,stocks,IS,26,13553,53.8,0.0915,0.088,1.039,7.62,-0.3139,0.585,-0.0655,0.75,,,
trend4_lo,stocks,OOS,26,1566,6.2,0.1007,0.0979,1.029,2.57,-0.1247,0.667,-0.0736,1.0,,,
trend4_lo,stocks,HOLD,26,1500,6.0,0.0884,0.0816,1.08,2.63,-0.1024,0.586,-0.0409,0.667,,,
trend4_lo,stocks,FULL,26,16619,65.9,0.0921,0.0884,1.04,8.45,-0.3139,0.593,-0.0736,0.766,0.61,10.4,0.0031
xs_mom,stocks,IS,26,10833,43.0,0.0312,0.0896,0.387,2.54,-0.2731,0.559,-0.0797,0.619,,,
xs_mom,stocks,OOS,26,1566,6.2,0.0169,0.0863,0.238,0.59,-0.205,0.458,-0.0648,0.667,,,
xs_mom,stocks,HOLD,26,1500,6.0,-0.0224,0.0898,-0.207,-0.5,-0.1981,0.529,-0.0678,0.5,,,
xs_mom,stocks,FULL,26,13899,55.2,0.0236,0.0892,0.306,2.28,-0.2731,0.544,-0.0797,0.611,1.07,13.9,0.0042
xs_rev,stocks,IS,26,10837,43.0,-0.022,0.0895,-0.204,-1.34,-0.7213,0.473,-0.085,0.429,,,
xs_rev,stocks,OOS,26,1566,6.2,-0.032,0.0799,-0.367,-0.92,-0.2899,0.472,-0.0549,0.5,,,
xs_rev,stocks,HOLD,26,1500,6.0,-0.0881,0.0895,-0.985,-2.4,-0.474,0.357,-0.0708,0.167,,,
xs_rev,stocks,FULL,26,13903,55.2,-0.0305,0.0885,-0.306,-2.27,-0.8732,0.46,-0.085,0.407,1.09,168.1,0.0504
lowvol,stocks,IS,26,10833,43.0,0.0208,0.0962,0.263,1.72,-0.3813,0.553,-0.0828,0.524,,,
lowvol,stocks,OOS,26,1566,6.2,-0.0329,0.0863,-0.345,-0.86,-0.2401,0.486,-0.082,0.167,,,
lowvol,stocks,HOLD,26,1500,6.0,-0.0312,0.098,-0.275,-0.67,-0.2779,0.5,-0.0728,0.333,,,
lowvol,stocks,FULL,26,13899,55.2,0.0089,0.0953,0.141,1.05,-0.4348,0.54,-0.0828,0.463,1.15,11.7,0.0035
bh_vt,ALL,IS,68,13553,53.8,0.1115,0.1047,1.062,7.79,-0.3564,0.622,-0.1202,0.846,,,
bh_vt,ALL,OOS,68,1566,6.2,0.1434,0.1094,1.28,3.19,-0.1708,0.694,-0.085,0.667,,,
bh_vt,ALL,HOLD,68,1500,6.0,0.1303,0.1042,1.227,2.99,-0.1501,0.657,-0.0484,0.833,,,
bh_vt,ALL,FULL,68,16619,65.9,0.1161,0.1051,1.098,8.92,-0.3564,0.632,-0.1202,0.828,1.07,4.6,0.0012
ma200,ALL,IS,68,13553,53.8,0.1175,0.0972,1.191,8.74,-0.2609,0.619,-0.0817,0.846,,,
ma200,ALL,OOS,68,1566,6.2,0.1125,0.1004,1.113,2.77,-0.1447,0.681,-0.0812,0.667,,,
ma200,ALL,HOLD,68,1500,6.0,0.103,0.0908,1.126,2.75,-0.1228,0.643,-0.041,0.833,,,
ma200,ALL,FULL,68,16619,65.9,0.1157,0.097,1.178,9.57,-0.2609,0.627,-0.0817,0.828,0.91,8.1,0.0021
tsmom12,ALL,IS,68,13553,53.8,0.0839,0.1012,0.847,6.21,-0.2594,0.609,-0.0994,0.788,,,
tsmom12,ALL,OOS,68,1566,6.2,0.06,0.0959,0.655,1.63,-0.2073,0.569,-0.0787,0.5,,,
tsmom12,ALL,HOLD,68,1500,6.0,0.0632,0.097,0.68,1.66,-0.1886,0.643,-0.0703,0.667,,,
tsmom12,ALL,FULL,68,16619,65.9,0.0797,0.1003,0.815,6.62,-0.2594,0.608,-0.0994,0.75,1.33,11.6,0.003
trend4,ALL,IS,68,13553,53.8,0.0791,0.0934,0.862,6.32,-0.2098,0.564,-0.0612,0.788,,,
trend4,ALL,OOS,68,1566,6.2,0.0369,0.0856,0.466,1.16,-0.1628,0.486,-0.0771,0.5,,,
trend4,ALL,HOLD,68,1500,6.0,0.0407,0.0804,0.536,1.31,-0.1473,0.571,-0.0427,0.5,,,
trend4,ALL,FULL,68,16619,65.9,0.0715,0.0916,0.8,6.5,-0.2098,0.557,-0.0771,0.734,1.01,18.9,0.0049
trend4_lo,ALL,IS,68,13553,53.8,0.0942,0.0864,1.086,7.96,-0.2734,0.583,-0.0628,0.788,,,
trend4_lo,ALL,OOS,68,1566,6.2,0.0739,0.0827,0.904,2.25,-0.1391,0.611,-0.0861,0.667,,,
trend4_lo,ALL,HOLD,68,1500,6.0,0.0756,0.0738,1.025,2.5,-0.086,0.614,-0.0374,0.833,,,
trend4_lo,ALL,FULL,68,16619,65.9,0.0906,0.085,1.063,8.63,-0.2734,0.589,-0.0861,0.781,0.74,12.4,0.0033
bh_vt,ALL_ex_stocks,IS,42,11203,44.5,0.0321,0.108,0.347,2.31,-0.5675,0.547,-0.1891,0.628,,,
bh_vt,ALL_ex_stocks,OOS,42,1566,6.2,0.1257,0.1073,1.157,2.89,-0.2092,0.667,-0.0839,0.667,,,
bh_vt,ALL_ex_stocks,HOLD,42,1500,6.0,0.1104,0.1051,1.05,2.56,-0.1704,0.614,-0.05,0.833,,,
bh_vt,ALL_ex_stocks,FULL,42,14269,56.6,0.05,0.1076,0.508,3.82,-0.5675,0.567,-0.1891,0.655,1.55,8.1,0.0017
ma200,ALL_ex_stocks,IS,42,11028,43.8,0.073,0.0961,0.781,5.17,-0.2691,0.433,-0.1557,0.698,,,
ma200,ALL_ex_stocks,OOS,42,1566,6.2,0.0853,0.0947,0.911,2.27,-0.1682,0.639,-0.0859,0.667,,,
ma200,ALL_ex_stocks,HOLD,42,1500,6.0,0.0843,0.0909,0.937,2.29,-0.1355,0.586,-0.0439,0.833,,,
ma200,ALL_ex_stocks,FULL,42,14094,55.9,0.0756,0.0954,0.811,6.07,-0.2691,0.472,-0.1557,0.709,1.4,14.2,0.0029
tsmom12,ALL_ex_stocks,IS,42,11203,44.5,0.0551,0.1073,0.554,3.69,-0.4674,0.55,-0.1493,0.674,,,
tsmom12,ALL_ex_stocks,OOS,42,1566,6.2,0.0273,0.0978,0.324,0.81,-0.2797,0.528,-0.0804,0.5,,,
tsmom12,ALL_ex_stocks,HOLD,42,1500,6.0,0.0564,0.0997,0.6,1.46,-0.1975,0.543,-0.0679,0.833,,,
tsmom12,ALL_ex_stocks,FULL,42,14269,56.6,0.0522,0.1055,0.535,4.02,-0.4674,0.547,-0.1493,0.673,1.68,14.8,0.0031
trend4,ALL_ex_stocks,IS,42,11203,44.5,0.0868,0.1107,0.807,5.38,-0.1992,0.529,-0.1007,0.791,,,
trend4,ALL_ex_stocks,OOS,42,1566,6.2,0.0287,0.0862,0.371,0.93,-0.1924,0.5,-0.0749,0.5,,,
trend4,ALL_ex_stocks,HOLD,42,1500,6.0,0.0349,0.0854,0.444,1.08,-0.1877,0.514,-0.0416,0.833,,,
trend4,ALL_ex_stocks,FULL,42,14269,56.6,0.0748,0.1059,0.734,5.52,-0.1992,0.524,-0.1007,0.764,1.47,26.8,0.0055
trend4_lo,ALL_ex_stocks,IS,42,11058,43.9,0.0661,0.0899,0.757,5.01,-0.1854,0.42,-0.1028,0.744,,,
trend4_lo,ALL_ex_stocks,OOS,42,1566,6.2,0.0569,0.0759,0.767,1.91,-0.1653,0.569,-0.0858,0.667,,,
trend4_lo,ALL_ex_stocks,HOLD,42,1500,6.0,0.062,0.0767,0.824,2.01,-0.12,0.529,-0.036,0.833,,,
trend4_lo,ALL_ex_stocks,FULL,42,14124,56.0,0.0646,0.0871,0.762,5.71,-0.1854,0.449,-0.1028,0.745,1.23,20.1,0.0041
