strategy,group,FULL,HOLD,IS,OOS,t,ann_ret,max_dd,pct_pos_months,worst_month,turnover_x,cost_drag,all_periods_positive,t_threshold,passes
trend4_lo,crypto,1.581,0.958,2.452,1.59,6.26,0.1584,-0.1578,0.437,-0.0361,3.1,0.0031,True,3.24,True
ma200,crypto,1.524,0.928,2.486,1.472,6.04,0.1626,-0.1986,0.464,-0.0569,2.1,0.0021,True,3.24,True
bh_vt,crypto,1.274,0.762,1.847,1.394,5.05,0.148,-0.2563,0.59,-0.0761,1.1,0.0011,True,3.24,False
trend4,crypto,1.185,0.597,2.403,1.008,4.69,0.1363,-0.2255,0.514,-0.0853,3.9,0.0039,True,3.24,True
ma200,ALL,1.178,1.126,1.191,1.113,9.57,0.1157,-0.2609,0.627,-0.0817,8.1,0.0021,True,3.24,True
ma200,stocks,1.148,1.166,1.142,1.186,9.32,0.1154,-0.2664,0.634,-0.0861,6.4,0.0019,True,3.24,True
bh_vt,stocks,1.148,1.344,1.113,1.259,9.32,0.1216,-0.2839,0.645,-0.1001,3.3,0.001,True,3.24,False
bh_vt,ALL,1.098,1.227,1.062,1.28,8.92,0.1161,-0.3564,0.632,-0.1202,4.6,0.0012,True,3.24,False
trend4_lo,ALL,1.063,1.025,1.086,0.904,8.63,0.0906,-0.2734,0.589,-0.0861,12.4,0.0033,True,3.24,True
trend4_lo,stocks,1.04,1.08,1.039,1.029,8.45,0.0921,-0.3139,0.593,-0.0736,10.4,0.0031,True,3.24,True
tsmom12,ALL,0.815,0.68,0.847,0.655,6.62,0.0797,-0.2594,0.608,-0.0994,11.6,0.003,True,3.24,True
ma200,ALL_ex_stocks,0.811,0.937,0.781,0.911,6.07,0.0756,-0.2691,0.472,-0.1557,14.2,0.0029,True,3.24,True
trend4,ALL,0.8,0.536,0.862,0.466,6.5,0.0715,-0.2098,0.557,-0.0771,18.9,0.0049,True,3.24,True
tsmom12,stocks,0.77,0.632,0.761,0.977,6.25,0.0755,-0.267,0.601,-0.1085,9.1,0.0027,True,3.24,True
trend4_lo,ALL_ex_stocks,0.762,0.824,0.757,0.767,5.71,0.0646,-0.1854,0.449,-0.1028,20.1,0.0041,True,3.24,True
bh_vt,etf_index,0.751,0.687,0.765,0.765,4.37,0.0765,-0.3093,0.631,-0.1002,4.4,0.0009,True,3.24,False
lowvol,crypto,0.738,0.193,,1.206,2.5,0.0664,-0.2344,0.567,-0.0836,4.4,0.0044,False,3.24,False
trend4,ALL_ex_stocks,0.734,0.444,0.807,0.371,5.52,0.0748,-0.1992,0.524,-0.1007,26.8,0.0055,True,3.24,True
ma200,etf_index,0.718,0.676,0.754,0.639,4.17,0.0697,-0.2707,0.575,-0.0892,8.4,0.0017,True,3.24,True
trend4,stocks,0.671,0.527,0.693,0.612,5.45,0.0595,-0.3448,0.551,-0.0761,15.0,0.0045,True,3.24,True
trend4_lo,etf_index,0.652,0.45,0.776,0.41,3.79,0.0593,-0.2425,0.534,-0.0955,14.3,0.0029,True,3.24,True
tsmom12,crypto,0.606,0.572,0.786,0.529,2.4,0.0653,-0.3148,0.519,-0.1147,2.4,0.0024,True,3.24,False
ma200,commod_fx,0.579,0.6,0.629,0.116,4.33,0.05,-0.3032,0.428,-0.1557,16.4,0.0033,True,3.24,True
trend4,commod_fx,0.563,-0.026,0.718,-0.273,4.23,0.0558,-0.3301,0.512,-0.1007,30.8,0.0062,False,3.24,False
tsmom12,etf_index,0.56,0.435,0.684,0.254,3.25,0.0547,-0.2231,0.573,-0.0843,10.5,0.0021,True,3.24,True
trend4_lo,commod_fx,0.559,0.485,0.631,-0.089,4.18,0.044,-0.2122,0.407,-0.1028,22.4,0.0045,False,3.24,False
tsmom12,ALL_ex_stocks,0.535,0.6,0.554,0.324,4.02,0.0522,-0.4674,0.547,-0.1493,14.8,0.0031,True,3.24,True
bh_vt,ALL_ex_stocks,0.508,1.05,0.347,1.157,3.82,0.05,-0.5675,0.567,-0.1891,8.1,0.0017,True,3.24,False
trend4,etf_index,0.487,0.203,0.636,0.229,2.83,0.0465,-0.2202,0.532,-0.0866,18.6,0.0037,True,3.24,False
tsmom12,commod_fx,0.388,0.381,0.431,0.064,2.92,0.0362,-0.4674,0.517,-0.1493,17.2,0.0034,True,3.24,False
xs_mom,commod_fx,0.352,0.374,0.527,-0.063,1.79,0.0314,-0.3047,0.477,-0.0826,25.7,0.0051,False,3.24,False
bh_vt,commod_fx,0.319,1.044,0.231,0.293,2.4,0.0287,-0.6007,0.523,-0.1891,8.8,0.0018,True,3.24,False
xs_mom,stocks,0.306,-0.207,0.387,0.238,2.28,0.0236,-0.2731,0.544,-0.0797,13.9,0.0042,False,3.24,False
lowvol,etf_index,0.2,-0.679,0.363,0.671,1.05,0.0135,-0.3568,0.484,-0.077,15.9,0.0032,False,3.24,False
xs_mom,etf_index,0.199,0.333,0.204,0.069,1.04,0.0143,-0.2631,0.472,-0.0692,21.5,0.0043,True,3.24,False
lowvol,stocks,0.141,-0.275,0.263,-0.345,1.05,0.0089,-0.4348,0.54,-0.0828,11.7,0.0035,False,3.24,False
xs_rev,commod_fx,0.029,0.382,-0.187,0.172,0.15,-0.0023,-0.4581,0.493,-0.0983,278.8,0.0558,False,3.24,False
xs_rev,etf_index,-0.286,-0.414,0.015,-0.842,-1.51,-0.0305,-0.7299,0.478,-0.0946,270.2,0.054,False,3.24,False
xs_rev,stocks,-0.306,-0.985,-0.204,-0.367,-2.27,-0.0305,-0.8732,0.46,-0.085,168.1,0.0504,False,3.24,False
lowvol,commod_fx,-0.54,-0.401,-0.611,-0.517,-2.75,-0.0587,-0.8212,0.401,-0.0818,13.7,0.0027,False,3.24,False
xs_mom,crypto,-0.763,-0.774,,-0.771,-2.58,-0.0728,-0.6067,0.455,-0.1457,4.8,0.0048,False,3.24,False
xs_rev,crypto,-1.671,-1.46,,-1.874,-5.66,-0.1486,-0.8451,0.269,-0.088,54.4,0.0544,False,3.24,False
