combo,members,leverage,period,days,years,ann_ret,vol,sharpe,t,max_dd,pct_pos_months,worst_month,pct_pos_years
passed,ma200|ALL;trend4_lo|ALL;tsmom12|ALL;trend4|ALL,1,IS,13553,53.8,0.1072,0.1033,1.037,7.61,-0.21,0.601,-0.0727,0.788
passed,ma200|ALL;trend4_lo|ALL;tsmom12|ALL;trend4|ALL,1,OOS,1566,6.2,0.1016,0.1055,0.97,2.42,-0.1433,0.556,-0.0755,0.667
passed,ma200|ALL;trend4_lo|ALL;tsmom12|ALL;trend4|ALL,1,HOLD,1500,6.0,0.0573,0.102,0.597,1.46,-0.2168,0.586,-0.0495,0.667
passed,ma200|ALL;trend4_lo|ALL;tsmom12|ALL;trend4|ALL,1,FULL,16619,65.9,0.1021,0.1034,0.992,8.05,-0.2168,0.595,-0.0755,0.766
passed,ma200|ALL;trend4_lo|ALL;tsmom12|ALL;trend4|ALL,2,IS,13553,53.8,0.2128,0.2067,1.037,7.61,-0.385,0.59,-0.1411,0.788
passed,ma200|ALL;trend4_lo|ALL;tsmom12|ALL;trend4|ALL,2,OOS,1566,6.2,0.1998,0.211,0.97,2.42,-0.2738,0.542,-0.1481,0.667
passed,ma200|ALL;trend4_lo|ALL;tsmom12|ALL;trend4|ALL,2,HOLD,1500,6.0,0.1062,0.204,0.597,1.46,-0.3948,0.571,-0.0973,0.667
passed,ma200|ALL;trend4_lo|ALL;tsmom12|ALL;trend4|ALL,2,FULL,16619,65.9,0.2015,0.2068,0.992,8.05,-0.3948,0.584,-0.1481,0.766
passed,ma200|ALL;trend4_lo|ALL;tsmom12|ALL;trend4|ALL,3,IS,13553,53.8,0.3142,0.31,1.037,7.61,-0.5284,0.583,-0.2054,0.788
passed,ma200|ALL;trend4_lo|ALL;tsmom12|ALL;trend4|ALL,3,OOS,1566,6.2,0.2918,0.3165,0.97,2.42,-0.3911,0.528,-0.2178,0.5
passed,ma200|ALL;trend4_lo|ALL;tsmom12|ALL;trend4|ALL,3,HOLD,1500,6.0,0.1453,0.306,0.597,1.46,-0.5387,0.571,-0.1435,0.667
passed,ma200|ALL;trend4_lo|ALL;tsmom12|ALL;trend4|ALL,3,FULL,16619,65.9,0.2959,0.3102,0.992,8.05,-0.5387,0.577,-0.2178,0.75
prior_trend+bh,trend4|ALL_ex_stocks;bh_vt|ALL_ex_stocks,1,IS,11203,44.5,0.0836,0.0997,0.855,5.7,-0.2712,0.543,-0.0849,0.698
prior_trend+bh,trend4|ALL_ex_stocks;bh_vt|ALL_ex_stocks,1,OOS,1566,6.2,0.118,0.1049,1.116,2.78,-0.1671,0.611,-0.0684,0.667
prior_trend+bh,trend4|ALL_ex_stocks;bh_vt|ALL_ex_stocks,1,HOLD,1500,6.0,0.0731,0.1019,0.744,1.81,-0.1909,0.529,-0.0487,0.833
prior_trend+bh,trend4|ALL_ex_stocks;bh_vt|ALL_ex_stocks,1,FULL,14269,56.6,0.0862,0.1005,0.873,6.57,-0.2712,0.549,-0.0849,0.709
prior_trend+bh,trend4|ALL_ex_stocks;bh_vt|ALL_ex_stocks,2,IS,11203,44.5,0.1626,0.1995,0.855,5.7,-0.4893,0.541,-0.166,0.698
prior_trend+bh,trend4|ALL_ex_stocks;bh_vt|ALL_ex_stocks,2,OOS,1566,6.2,0.2361,0.2097,1.116,2.78,-0.3124,0.611,-0.1342,0.667
prior_trend+bh,trend4|ALL_ex_stocks;bh_vt|ALL_ex_stocks,2,HOLD,1500,6.0,0.1396,0.2038,0.744,1.81,-0.3578,0.529,-0.0962,0.833
prior_trend+bh,trend4|ALL_ex_stocks;bh_vt|ALL_ex_stocks,2,FULL,14269,56.6,0.168,0.2011,0.873,6.57,-0.4893,0.547,-0.166,0.709
prior_trend+bh,trend4|ALL_ex_stocks;bh_vt|ALL_ex_stocks,3,IS,11203,44.5,0.235,0.2992,0.855,5.7,-0.656,0.531,-0.2431,0.674
prior_trend+bh,trend4|ALL_ex_stocks;bh_vt|ALL_ex_stocks,3,OOS,1566,6.2,0.3513,0.3146,1.116,2.78,-0.4375,0.611,-0.1974,0.667
prior_trend+bh,trend4|ALL_ex_stocks;bh_vt|ALL_ex_stocks,3,HOLD,1500,6.0,0.1975,0.3057,0.744,1.81,-0.5,0.529,-0.1423,0.833
prior_trend+bh,trend4|ALL_ex_stocks;bh_vt|ALL_ex_stocks,3,FULL,14269,56.6,0.2432,0.3016,0.873,6.57,-0.656,0.54,-0.2431,0.691
