symbol,date,daily_vol_over_regular_minutes,daily_vol_over_all_minutes,premarket_vol_share,premarket_high_above_daily_high,premarket_minutes_with_bars
PRHIZ,2025-04-14,1.0443686006825939,1.0443686006825939,0.0,False,0
VGI,2024-12-12,1.0047677854027606,1.0047677854027606,0.0,False,0
CVU,2025-10-30,1.1753287366994836,1.000016080355959,0.14029524033091081,False,30
BCSS,2026-03-06,2.42167955706904,1.0003365033777505,0.0,False,0
SBC,2026-06-26,6.425022375589138,1.036224930829281,0.0,False,0
SLMT,2024-12-02,2.908779402110387,1.0007514436239104,0.6450225080175506,True,268
SIMA,2025-08-11,1.0003954433088666,1.0,0.00039528699526923905,False,1
YFFI,2026-08-12,1.0007753303964757,1.0007753303964757,0.0,False,0
ELAB,2025-03-20,1.0295901705906578,1.0071171020380374,0.01585975443692978,False,43
KVHI,2026-03-16,1.0236316020154235,1.0114895216278612,0.0,False,0
FISK,2025-08-12,1.0,1.0,0.0,False,0
PATX,2026-09-08,1.0800273627998322,1.0229915809011028,0.04482104189484069,True,13
PAVS,2024-12-13,1.0024579216095442,1.0012157619967104,0.0,False,0
NVX,2026-06-17,1.0368275876758577,1.0036249419445011,0.027406536072540073,True,36
BPYPO,2026-09-16,618.9305019305019,1.000274555563182,0.0,False,0
