run,trades,win_rate,avg_r,median_r,avg_win_r,avg_loss_r,profit_factor,total_pnl,t1_hit_rate,days_in_sample,days_traded,max_drawdown,max_consec_losses,daily_sharpe_ann,expectancy_per_trade,funnel_symbol_days_loaded,funnel_symbol_days_qualified,funnel_pullback_setups_armed,funnel_entries_signal,funnel_entries_after_portfolio_rules,funnel_dropped_by_portfolio_rules,funnel_blocked_not_first_pullback,funnel_blocked_max_trades_symbol_day,funnel_skipped_size_zero,funnel_setup_broken_before_trigger,funnel_rejected_rr,funnel_adds,funnel_ambiguous_entry,funnel_ambiguous_entry_resolved,funnel_ambiguous_position,funnel_ambiguous_position_resolved
ross,187,0.3262,-0.1177,-0.4635,1.218,-0.7643,0.772,-2191.82,0.2032,1194,177,-3611.43,11,-0.654,-11.72,70937,1469,846,187,187,0,306,0,0,54,0,0,74.0,74.0,2.0,2.0
summary,65,0.4154,-0.0835,-0.4379,1.099,-0.9237,0.8449,-544.28,0.3385,1194,64,-1469.75,6,-0.254,-8.37,70937,1469,198,65,65,0,19,0,0,24,1474,0,34.0,34.0,2.0,2.0
aggressive,187,0.3155,-0.1623,-0.675,1.5276,-0.9413,0.7485,-3024.57,0.0,1194,177,-4275.77,17,-0.659,-16.17,70937,1469,846,187,187,0,298,0,0,54,0,8,77.0,77.0,,
ross_worst_case,226,0.2522,-0.3867,-0.7541,1.2564,-0.9409,0.4568,-8506.18,0.1504,1194,208,-8718.21,13,-2.178,-37.64,70937,1469,846,226,226,0,307,0,0,0,0,0,,,1.0,1.0
ross_slip30,187,0.3102,-0.1744,-0.54,1.2146,-0.799,0.6839,-3252.26,0.2032,1194,177,-4416.33,13,-0.965,-17.39,70937,1469,846,187,187,0,306,0,0,54,0,0,74.0,74.0,2.0,2.0
ross_no_vol_div,187,0.3262,-0.1177,-0.4635,1.218,-0.7643,0.772,-2191.82,0.2032,1194,177,-3611.43,11,-0.654,-11.72,70937,1469,846,187,187,0,306,0,0,54,0,0,74.0,74.0,2.0,2.0
ross_top3,187,0.3262,-0.1177,-0.4635,1.218,-0.7643,0.772,-2191.82,0.2032,1194,177,-3611.43,11,-0.654,-11.72,70937,1459,845,187,187,0,306,0,0,54,0,0,74.0,74.0,2.0,2.0
ross_pullback2,282,0.305,-0.2065,-0.4927,1.0526,-0.7589,0.6088,-5810.39,0.1631,1194,214,-6533.2,15,-1.532,-20.6,70937,1469,846,283,282,1,156,0,0,70,0,0,107.0,107.0,2.0,2.0
ross_pb_window,192,0.3281,-0.1157,-0.4655,1.2138,-0.765,0.7754,-2212.58,0.2031,1194,179,-3632.19,11,-0.65,-11.52,70937,1469,819,192,192,0,300,0,0,54,0,0,75.0,75.0,2.0,2.0
ross_no_catalyst,263,0.3498,-0.1046,-0.4385,1.1424,-0.7756,0.8004,-2527.77,0.1901,1194,236,-3806.53,14,-0.669,-9.61,70937,2298,1312,269,263,6,445,0,0,69,0,0,96.0,96.0,2.0,2.0
ross_no_first_red,187,0.3316,-0.1891,-0.6681,1.2795,-0.9175,0.692,-3526.46,0.2299,1194,177,-5009.27,11,-0.98,-18.86,70937,1469,846,187,187,0,299,0,0,54,0,0,74.0,74.0,2.0,2.0
ross_7to8,47,0.3617,-0.2009,-0.4467,0.8539,-0.7987,0.6057,-943.89,0.1489,1194,47,-1661.61,7,-0.621,-20.08,70937,379,362,47,47,0,54,0,0,13,0,0,16.0,16.0,,
ross_bracket_only,187,0.3369,-0.2398,-1.0818,1.6601,-1.2051,0.7004,-4467.02,0.3422,1194,177,-5282.24,11,-0.992,-23.89,70937,1469,846,187,187,0,238,0,0,54,0,0,74.0,74.0,3.0,3.0
