group,variant,period,assets,days,years,ann_ret,vol,sharpe,t,max_dd,pct_pos_months,worst_month,pct_pos_years,avg_exposure,max_exposure,pct_days_any_boost,boost_share_of_up_days,z_boost,z_base,z_boost_sharpe,z_base_sharpe,boost_asset_days,n_triggers,n_trigger_months,n_trigger_years,months_with_boost,t_boost_vs_base_monthly
crypto,base,IS,8,886,3.5,0.4465,0.2207,1.783,3.34,-0.2104,0.463,-0.0795,0.5,,,,,,,,,,,,,,
crypto,base,OOS,8,1566,6.2,0.2349,0.1372,1.606,4.0,-0.1714,0.486,-0.0583,0.833,,,,,,,,,,,,,,
crypto,base,HOLD,8,1500,6.0,0.1171,0.1154,1.017,2.48,-0.1531,0.371,-0.0536,0.667,,,,,,,,,,,,,,
crypto,base,FULL,8,3952,15.7,0.2317,0.1532,1.437,5.69,-0.2247,0.437,-0.0795,0.688,0.1171,0.25,0.0514,0.0255,0.1913,0.1025,2.5402,1.3867,240.0,31.0,19.0,9.0,19.0,-0.5438
crypto,full,IS,8,886,3.5,2.2665,0.8827,1.783,3.34,-0.704,0.463,-0.3536,0.5,,,,,,,,,,,,,,
crypto,full,OOS,8,1566,6.2,1.0851,0.5488,1.606,4.0,-0.5747,0.472,-0.2197,0.833,,,,,,,,,,,,,,
crypto,full,HOLD,8,1500,6.0,0.4402,0.4617,1.017,2.48,-0.5035,0.357,-0.2049,0.667,,,,,,,,,,,,,,
crypto,full,FULL,8,3952,15.7,1.0037,0.6127,1.437,5.69,-0.704,0.426,-0.3536,0.688,0.4685,1.0,0.0514,0.0255,0.1913,0.1025,2.5402,1.3867,240.0,31.0,19.0,9.0,19.0,-0.5438
crypto,boost_0.5,IS,8,886,3.5,1.0344,0.3755,2.076,3.89,-0.2713,0.488,-0.0795,0.5,,,,,,,,,,,,,,
crypto,boost_0.5,OOS,8,1566,6.2,0.2495,0.2082,1.174,2.93,-0.2811,0.472,-0.1528,0.667,,,,,,,,,,,,,,
crypto,boost_0.5,HOLD,8,1500,6.0,0.1584,0.1683,0.957,2.33,-0.2501,0.357,-0.0729,0.667,,,,,,,,,,,,,,
crypto,boost_0.5,FULL,8,3952,15.7,0.3543,0.2444,1.362,5.39,-0.3703,0.432,-0.1528,0.625,0.2039,1.0,0.2961,0.2052,0.0832,0.1103,1.1586,1.481,1933.0,248.0,83.0,15.0,72.0,0.5877
crypto,boost_1.0,IS,8,886,3.5,0.6704,0.2541,2.146,4.02,-0.2104,0.488,-0.0795,0.5,,,,,,,,,,,,,,
crypto,boost_1.0,OOS,8,1566,6.2,0.2325,0.1477,1.489,3.71,-0.1951,0.472,-0.0773,0.833,,,,,,,,,,,,,,
crypto,boost_1.0,HOLD,8,1500,6.0,0.1267,0.1186,1.065,2.6,-0.1471,0.371,-0.0536,0.667,,,,,,,,,,,,,,
crypto,boost_1.0,FULL,8,3952,15.7,0.2752,0.169,1.523,6.03,-0.2334,0.437,-0.0795,0.688,0.1374,1.0,0.0514,0.0255,0.1913,0.1025,2.5402,1.3867,240.0,31.0,19.0,9.0,19.0,-0.5438
crypto,boost_1.5,IS,8,886,3.5,0.5262,0.2312,1.944,3.65,-0.2104,0.463,-0.0795,0.5,,,,,,,,,,,,,,
crypto,boost_1.5,OOS,8,1566,6.2,0.2443,0.145,1.579,3.94,-0.1714,0.472,-0.0583,0.833,,,,,,,,,,,,,,
crypto,boost_1.5,HOLD,8,1500,6.0,0.1171,0.1154,1.017,2.48,-0.1531,0.371,-0.0536,0.667,,,,,,,,,,,,,,
crypto,boost_1.5,FULL,8,3952,15.7,0.2503,0.1594,1.481,5.86,-0.2247,0.432,-0.0795,0.688,0.1247,1.0,0.0192,0.0081,0.2851,0.1033,3.2731,1.399,76.0,3.0,2.0,2.0,3.0,
etf_index,base,IS,23,5446,21.6,0.0145,0.0219,0.668,3.1,-0.0945,0.522,-0.0202,0.762,,,,,,,,,,,,,,
etf_index,base,OOS,23,1566,6.2,0.012,0.0146,0.825,2.06,-0.0205,0.611,-0.0093,0.667,,,,,,,,,,,,,,
etf_index,base,HOLD,23,1500,6.0,0.0107,0.0159,0.676,1.65,-0.0279,0.6,-0.0095,0.833,,,,,,,,,,,,,,
etf_index,base,FULL,23,8512,33.8,0.0134,0.0198,0.681,3.96,-0.0945,0.552,-0.0202,0.758,0.1616,0.25,0.0614,0.0094,0.0893,0.0336,1.5348,0.5372,863.0,88.0,36.0,15.0,47.0,-0.6653
etf_index,full,IS,23,5446,21.6,0.0562,0.0877,0.668,3.1,-0.333,0.518,-0.0807,0.762,,,,,,,,,,,,,,
etf_index,full,OOS,23,1566,6.2,0.0475,0.0583,0.825,2.06,-0.0806,0.611,-0.0373,0.667,,,,,,,,,,,,,,
etf_index,full,HOLD,23,1500,6.0,0.0418,0.0636,0.676,1.65,-0.1086,0.6,-0.0376,0.833,,,,,,,,,,,,,,
etf_index,full,FULL,23,8512,33.8,0.052,0.0791,0.681,3.96,-0.333,0.55,-0.0807,0.758,0.6463,1.0,0.0614,0.0094,0.0893,0.0336,1.5348,0.5372,863.0,88.0,36.0,15.0,47.0,-0.6653
etf_index,boost_0.5,IS,23,5446,21.6,0.0203,0.0301,0.683,3.18,-0.1512,0.546,-0.0277,0.81,,,,,,,,,,,,,,
etf_index,boost_0.5,OOS,23,1566,6.2,0.0111,0.0174,0.64,1.59,-0.0245,0.569,-0.0088,0.667,,,,,,,,,,,,,,
etf_index,boost_0.5,HOLD,23,1500,6.0,0.009,0.0188,0.489,1.19,-0.0369,0.586,-0.0114,0.833,,,,,,,,,,,,,,
etf_index,boost_0.5,FULL,23,8512,33.8,0.0166,0.0264,0.637,3.7,-0.1512,0.557,-0.0277,0.788,0.1984,1.0,0.4142,0.0876,0.0336,0.0341,0.5797,0.543,8065.0,1000.0,238.0,28.0,255.0,-3.2656
etf_index,boost_1.0,IS,23,5446,21.6,0.016,0.023,0.702,3.26,-0.0987,0.53,-0.0202,0.762,,,,,,,,,,,,,,
etf_index,boost_1.0,OOS,23,1566,6.2,0.0121,0.0147,0.83,2.07,-0.0206,0.625,-0.0093,0.667,,,,,,,,,,,,,,
etf_index,boost_1.0,HOLD,23,1500,6.0,0.0112,0.0161,0.699,1.7,-0.0283,0.6,-0.0095,0.833,,,,,,,,,,,,,,
etf_index,boost_1.0,FULL,23,8512,33.8,0.0144,0.0206,0.707,4.11,-0.0987,0.56,-0.0202,0.758,0.1651,0.4724,0.0614,0.0094,0.0893,0.0336,1.5348,0.5372,863.0,88.0,36.0,15.0,47.0,-0.6653
etf_index,boost_1.5,IS,23,5446,21.6,0.0144,0.0219,0.665,3.09,-0.0945,0.522,-0.0202,0.762,,,,,,,,,,,,,,
etf_index,boost_1.5,OOS,23,1566,6.2,0.0122,0.0146,0.837,2.09,-0.0205,0.611,-0.0093,0.667,,,,,,,,,,,,,,
etf_index,boost_1.5,HOLD,23,1500,6.0,0.0113,0.0161,0.704,1.72,-0.0279,0.6,-0.0095,0.833,,,,,,,,,,,,,,
etf_index,boost_1.5,FULL,23,8512,33.8,0.0135,0.0198,0.686,3.98,-0.0945,0.552,-0.0202,0.758,0.1618,0.2961,0.0102,0.0009,0.1418,0.034,2.1402,0.5443,87.0,2.0,2.0,2.0,6.0,
commod_fx,base,IS,11,11201,44.4,0.0057,0.013,0.443,2.96,-0.0492,0.405,-0.0155,0.628,,,,,,,,,,,,,,
commod_fx,base,OOS,11,1566,6.2,-0.0008,0.0065,-0.123,-0.31,-0.0263,0.486,-0.0044,0.5,,,,,,,,,,,,,,
commod_fx,base,HOLD,11,1500,6.0,0.0057,0.0085,0.67,1.63,-0.0123,0.557,-0.0053,0.667,,,,,,,,,,,,,,
commod_fx,base,FULL,11,14267,56.6,0.005,0.012,0.418,3.15,-0.0492,0.43,-0.0155,0.618,0.1101,0.25,0.0895,0.0402,0.0881,0.0258,1.325,0.3936,1423.0,142.0,78.0,30.0,84.0,-2.7073
commod_fx,full,IS,11,11201,44.4,0.0219,0.0519,0.443,2.96,-0.1842,0.403,-0.0613,0.628,,,,,,,,,,,,,,
commod_fx,full,OOS,11,1566,6.2,-0.0036,0.0261,-0.123,-0.31,-0.1023,0.486,-0.0177,0.5,,,,,,,,,,,,,,
commod_fx,full,HOLD,11,1500,6.0,0.0224,0.0339,0.67,1.63,-0.0488,0.557,-0.0212,0.667,,,,,,,,,,,,,,
commod_fx,full,FULL,11,14267,56.6,0.0191,0.0481,0.418,3.15,-0.1842,0.429,-0.0613,0.618,0.4404,1.0,0.0895,0.0402,0.0881,0.0258,1.325,0.3936,1423.0,142.0,78.0,30.0,84.0,-2.7073
commod_fx,boost_0.5,IS,11,11201,44.4,0.0142,0.0269,0.54,3.6,-0.1063,0.393,-0.0248,0.605,,,,,,,,,,,,,,
commod_fx,boost_0.5,OOS,11,1566,6.2,-0.0046,0.0135,-0.335,-0.83,-0.0518,0.444,-0.0103,0.5,,,,,,,,,,,,,,
commod_fx,boost_0.5,HOLD,11,1500,6.0,0.0062,0.015,0.421,1.03,-0.0236,0.514,-0.0125,0.667,,,,,,,,,,,,,,
commod_fx,boost_0.5,FULL,11,14267,56.6,0.0113,0.0247,0.467,3.52,-0.1063,0.412,-0.0248,0.6,0.1997,1.0,0.3702,0.2294,0.0265,0.0288,0.4206,0.4348,8120.0,990.0,313.0,51.0,283.0,-3.0152
commod_fx,boost_1.0,IS,11,11201,44.4,0.0105,0.0193,0.554,3.69,-0.0633,0.405,-0.0155,0.674,,,,,,,,,,,,,,
commod_fx,boost_1.0,OOS,11,1566,6.2,-0.0026,0.0073,-0.354,-0.88,-0.0357,0.472,-0.0049,0.167,,,,,,,,,,,,,,
commod_fx,boost_1.0,HOLD,11,1500,6.0,0.0083,0.0097,0.854,2.08,-0.0109,0.571,-0.0053,0.833,,,,,,,,,,,,,,
commod_fx,boost_1.0,FULL,11,14267,56.6,0.0088,0.0175,0.511,3.85,-0.0633,0.43,-0.0155,0.636,0.1401,1.0,0.0895,0.0402,0.0881,0.0258,1.325,0.3936,1423.0,142.0,78.0,30.0,84.0,-2.7073
commod_fx,boost_1.5,IS,11,11201,44.4,0.0077,0.0148,0.522,3.48,-0.0541,0.405,-0.0155,0.628,,,,,,,,,,,,,,
commod_fx,boost_1.5,OOS,11,1566,6.2,-0.0009,0.0068,-0.128,-0.32,-0.0267,0.5,-0.0044,0.5,,,,,,,,,,,,,,
commod_fx,boost_1.5,HOLD,11,1500,6.0,0.0054,0.0085,0.638,1.56,-0.0123,0.557,-0.0053,0.667,,,,,,,,,,,,,,
commod_fx,boost_1.5,FULL,11,14267,56.6,0.0065,0.0136,0.481,3.62,-0.0541,0.432,-0.0155,0.618,0.1221,1.0,0.026,0.0105,0.1263,0.0272,2.0302,0.4155,371.0,27.0,21.0,14.0,20.0,-1.6496
stocks,base,IS,26,13551,53.8,0.0255,0.0238,1.068,7.83,-0.0642,0.609,-0.024,0.846,,,,,,,,,,,,,,
stocks,base,OOS,26,1566,6.2,0.0237,0.0238,0.997,2.48,-0.0446,0.694,-0.0209,0.833,,,,,,,,,,,,,,
stocks,base,HOLD,26,1500,6.0,0.0235,0.0205,1.141,2.78,-0.0332,0.614,-0.0107,0.833,,,,,,,,,,,,,,
stocks,base,FULL,26,16617,65.9,0.0251,0.0235,1.066,8.66,-0.0642,0.617,-0.024,0.844,0.1528,0.25,0.0635,0.0082,0.1343,0.044,1.8663,0.6825,1267.0,105.0,63.0,31.0,96.0,-0.293
stocks,full,IS,26,13551,53.8,0.102,0.0953,1.068,7.83,-0.2371,0.596,-0.0941,0.846,,,,,,,,,,,,,,
stocks,full,OOS,26,1566,6.2,0.0944,0.095,0.997,2.48,-0.1685,0.694,-0.082,0.833,,,,,,,,,,,,,,
stocks,full,HOLD,26,1500,6.0,0.0945,0.082,1.141,2.78,-0.1286,0.614,-0.0424,0.833,,,,,,,,,,,,,,
stocks,full,FULL,26,16617,65.9,0.1006,0.0941,1.066,8.66,-0.2371,0.607,-0.0941,0.844,0.6111,1.0,0.0635,0.0082,0.1343,0.044,1.8663,0.6825,1267.0,105.0,63.0,31.0,96.0,-0.293
stocks,boost_0.5,IS,26,13551,53.8,0.0381,0.0362,1.052,7.71,-0.1011,0.588,-0.0305,0.827,,,,,,,,,,,,,,
stocks,boost_0.5,OOS,26,1566,6.2,0.0289,0.0275,1.051,2.62,-0.0451,0.639,-0.0209,1.0,,,,,,,,,,,,,,
stocks,boost_0.5,HOLD,26,1500,6.0,0.0315,0.0276,1.137,2.77,-0.0454,0.643,-0.0226,0.833,,,,,,,,,,,,,,
stocks,boost_0.5,FULL,26,16617,65.9,0.0367,0.0348,1.053,8.55,-0.1011,0.598,-0.0305,0.844,0.2037,0.7919,0.4937,0.0971,0.0629,0.0428,0.9801,0.6627,14938.0,1644.0,522.0,64.0,584.0,-0.4282
stocks,boost_1.0,IS,26,13551,53.8,0.0277,0.0251,1.101,8.07,-0.0726,0.603,-0.024,0.846,,,,,,,,,,,,,,
stocks,boost_1.0,OOS,26,1566,6.2,0.0249,0.0241,1.031,2.57,-0.0446,0.681,-0.0209,1.0,,,,,,,,,,,,,,
stocks,boost_1.0,HOLD,26,1500,6.0,0.0229,0.0206,1.109,2.71,-0.0344,0.6,-0.0107,0.833,,,,,,,,,,,,,,
stocks,boost_1.0,FULL,26,16617,65.9,0.027,0.0246,1.094,8.88,-0.0726,0.61,-0.024,0.859,0.1568,0.5138,0.0635,0.0082,0.1343,0.044,1.8663,0.6825,1267.0,105.0,63.0,31.0,96.0,-0.293
stocks,boost_1.5,IS,26,13551,53.8,0.026,0.024,1.083,7.94,-0.068,0.607,-0.024,0.846,,,,,,,,,,,,,,
stocks,boost_1.5,OOS,26,1566,6.2,0.0237,0.0238,0.997,2.48,-0.0446,0.694,-0.0209,0.833,,,,,,,,,,,,,,
stocks,boost_1.5,HOLD,26,1500,6.0,0.0235,0.0205,1.141,2.78,-0.0332,0.614,-0.0107,0.833,,,,,,,,,,,,,,
stocks,boost_1.5,FULL,26,16617,65.9,0.0256,0.0237,1.078,8.76,-0.068,0.616,-0.024,0.844,0.1534,0.3273,0.0084,0.0009,0.2394,0.0446,2.7715,0.6908,140.0,9.0,6.0,5.0,11.0,
watch18,base,IS,6,4591,18.2,0.0171,0.0317,0.552,2.35,-0.1824,0.481,-0.0339,0.611,,,,,,,,,,,,,,
watch18,base,OOS,6,1566,6.2,0.0441,0.0314,1.392,3.47,-0.0468,0.694,-0.0169,0.833,,,,,,,,,,,,,,
watch18,base,HOLD,6,1500,6.0,0.0171,0.0272,0.639,1.56,-0.0494,0.529,-0.019,0.5,,,,,,,,,,,,,,
watch18,base,FULL,6,7657,30.4,0.0226,0.0308,0.741,4.08,-0.1824,0.534,-0.0339,0.633,0.1572,0.25,0.0187,0.0073,0.2157,0.0552,3.4528,0.8593,143.0,16.0,11.0,6.0,15.0,2.3299
watch18,full,IS,6,4591,18.2,0.0639,0.127,0.552,2.35,-0.5679,0.476,-0.1298,0.611,,,,,,,,,,,,,,
watch18,full,OOS,6,1566,6.2,0.1815,0.1255,1.392,3.47,-0.1762,0.694,-0.0665,0.833,,,,,,,,,,,,,,
watch18,full,HOLD,6,1500,6.0,0.0655,0.1086,0.639,1.56,-0.1846,0.529,-0.0742,0.5,,,,,,,,,,,,,,
watch18,full,FULL,6,7657,30.4,0.0873,0.1233,0.741,4.08,-0.5679,0.531,-0.1298,0.633,0.6289,1.0,0.0187,0.0073,0.2157,0.0552,3.4528,0.8593,143.0,16.0,11.0,6.0,15.0,2.3299
watch18,boost_0.5,IS,6,4591,18.2,0.0214,0.0498,0.451,1.92,-0.2621,0.476,-0.0487,0.667,,,,,,,,,,,,,,
watch18,boost_0.5,OOS,6,1566,6.2,0.0634,0.0373,1.668,4.16,-0.0528,0.708,-0.0203,0.833,,,,,,,,,,,,,,
watch18,boost_0.5,HOLD,6,1500,6.0,0.0197,0.0367,0.549,1.34,-0.0839,0.514,-0.0194,0.5,,,,,,,,,,,,,,
watch18,boost_0.5,FULL,6,7657,30.4,0.0295,0.0451,0.668,3.68,-0.2621,0.531,-0.0487,0.667,0.1907,1.0,0.1823,0.083,0.0904,0.0532,1.47,0.8266,1625.0,176.0,96.0,28.0,116.0,-0.0631
watch18,boost_1.0,IS,6,4591,18.2,0.0218,0.0335,0.659,2.81,-0.1793,0.481,-0.0339,0.611,,,,,,,,,,,,,,
watch18,boost_1.0,OOS,6,1566,6.2,0.0433,0.0317,1.354,3.37,-0.0468,0.694,-0.0203,0.833,,,,,,,,,,,,,,
watch18,boost_1.0,HOLD,6,1500,6.0,0.018,0.0277,0.658,1.6,-0.0499,0.543,-0.019,0.5,,,,,,,,,,,,,,
watch18,boost_1.0,FULL,6,7657,30.4,0.0254,0.0321,0.798,4.4,-0.1793,0.537,-0.0339,0.633,0.1593,0.4988,0.0187,0.0073,0.2157,0.0552,3.4528,0.8593,143.0,16.0,11.0,6.0,15.0,2.3299
watch18,boost_1.5,IS,6,4591,18.2,0.0184,0.032,0.585,2.5,-0.1824,0.481,-0.0339,0.611,,,,,,,,,,,,,,
watch18,boost_1.5,OOS,6,1566,6.2,0.0441,0.0314,1.392,3.47,-0.0468,0.694,-0.0169,0.833,,,,,,,,,,,,,,
watch18,boost_1.5,HOLD,6,1500,6.0,0.0171,0.0272,0.639,1.56,-0.0494,0.529,-0.019,0.5,,,,,,,,,,,,,,
watch18,boost_1.5,FULL,6,7657,30.4,0.0233,0.031,0.76,4.19,-0.1824,0.534,-0.0339,0.633,0.1575,0.3372,0.0034,0.0013,0.3769,0.0559,,0.871,26.0,2.0,1.0,1.0,2.0,
ALL_ex_stocks,base,IS,42,11201,44.4,0.0078,0.0137,0.574,3.82,-0.056,0.43,-0.0155,0.698,,,,,,,,,,,,,,
ALL_ex_stocks,base,OOS,42,1566,6.2,0.0114,0.0106,1.073,2.68,-0.0162,0.611,-0.0073,0.667,,,,,,,,,,,,,,
ALL_ex_stocks,base,HOLD,42,1500,6.0,0.0119,0.012,0.992,2.42,-0.0202,0.6,-0.0058,0.833,,,,,,,,,,,,,,
ALL_ex_stocks,base,FULL,42,14267,56.6,0.0086,0.0132,0.656,4.94,-0.056,0.468,-0.0155,0.709,0.1261,0.25,0.126,0.0185,0.0983,0.0363,1.5197,0.5664,2526.0,261.0,115.0,34.0,128.0,-2.5573
ALL_ex_stocks,full,IS,42,11201,44.4,0.0304,0.0549,0.574,3.82,-0.2085,0.426,-0.0613,0.698,,,,,,,,,,,,,,
ALL_ex_stocks,full,OOS,42,1566,6.2,0.0458,0.0425,1.073,2.68,-0.0641,0.611,-0.0292,0.667,,,,,,,,,,,,,,
ALL_ex_stocks,full,HOLD,42,1500,6.0,0.0477,0.0482,0.992,2.42,-0.0794,0.6,-0.0232,0.833,,,,,,,,,,,,,,
ALL_ex_stocks,full,FULL,42,14267,56.6,0.0339,0.053,0.656,4.94,-0.2085,0.465,-0.0613,0.709,0.5046,1.0,0.126,0.0185,0.0983,0.0363,1.5197,0.5664,2526.0,261.0,115.0,34.0,128.0,-2.5573
ALL_ex_stocks,boost_0.5,IS,42,11201,44.4,0.0181,0.0265,0.692,4.61,-0.1063,0.424,-0.0248,0.674,,,,,,,,,,,,,,
ALL_ex_stocks,boost_0.5,OOS,42,1566,6.2,0.0107,0.0142,0.76,1.89,-0.0253,0.556,-0.0096,0.667,,,,,,,,,,,,,,
ALL_ex_stocks,boost_0.5,HOLD,42,1500,6.0,0.0133,0.0162,0.819,2.0,-0.0294,0.557,-0.0144,0.833,,,,,,,,,,,,,,
ALL_ex_stocks,boost_0.5,FULL,42,14267,56.6,0.0168,0.0245,0.692,5.21,-0.1063,0.453,-0.0248,0.691,0.2033,1.0,0.4546,0.1324,0.0357,0.0377,0.5775,0.5852,18118.0,2238.0,351.0,51.0,319.0,-2.6866
ALL_ex_stocks,boost_1.0,IS,42,11201,44.4,0.0133,0.0193,0.69,4.6,-0.066,0.432,-0.0155,0.698,,,,,,,,,,,,,,
ALL_ex_stocks,boost_1.0,OOS,42,1566,6.2,0.011,0.0108,1.016,2.53,-0.0169,0.611,-0.0073,0.667,,,,,,,,,,,,,,
ALL_ex_stocks,boost_1.0,HOLD,42,1500,6.0,0.0138,0.0125,1.109,2.71,-0.0189,0.629,-0.0058,0.833,,,,,,,,,,,,,,
ALL_ex_stocks,boost_1.0,FULL,42,14267,56.6,0.0131,0.018,0.731,5.5,-0.066,0.473,-0.0155,0.709,0.1538,1.0,0.126,0.0185,0.0983,0.0363,1.5197,0.5664,2526.0,261.0,115.0,34.0,128.0,-2.5573
ALL_ex_stocks,boost_1.5,IS,42,11201,44.4,0.0097,0.0154,0.635,4.24,-0.056,0.434,-0.0155,0.674,,,,,,,,,,,,,,
ALL_ex_stocks,boost_1.5,OOS,42,1566,6.2,0.0119,0.0107,1.108,2.76,-0.0162,0.611,-0.0073,0.667,,,,,,,,,,,,,,
ALL_ex_stocks,boost_1.5,HOLD,42,1500,6.0,0.0122,0.0122,1.003,2.45,-0.0202,0.6,-0.0058,0.833,,,,,,,,,,,,,,
ALL_ex_stocks,boost_1.5,FULL,42,14267,56.6,0.0102,0.0146,0.702,5.28,-0.056,0.471,-0.0155,0.691,0.1377,1.0,0.0374,0.0039,0.1514,0.037,2.2637,0.5773,534.0,32.0,25.0,17.0,31.0,-1.5294
ALL,base,IS,68,13551,53.8,0.0211,0.0187,1.128,8.27,-0.0479,0.604,-0.0179,0.846,,,,,,,,,,,,,,
ALL,base,OOS,68,1566,6.2,0.0155,0.0135,1.148,2.86,-0.0215,0.667,-0.0081,0.667,,,,,,,,,,,,,,
ALL,base,HOLD,68,1500,6.0,0.0158,0.0134,1.177,2.87,-0.0188,0.671,-0.0066,0.833,,,,,,,,,,,,,,
ALL,base,FULL,68,16617,65.9,0.0201,0.0178,1.125,9.14,-0.0479,0.616,-0.0179,0.828,0.1442,0.25,0.1562,0.013,0.1103,0.0404,1.6417,0.6283,3793.0,366.0,163.0,46.0,226.0,-2.0876
ALL,full,IS,68,13551,53.8,0.085,0.0748,1.128,8.27,-0.1809,0.599,-0.0707,0.846,,,,,,,,,,,,,,
ALL,full,OOS,68,1566,6.2,0.0623,0.0539,1.148,2.86,-0.0835,0.667,-0.0325,0.667,,,,,,,,,,,,,,
ALL,full,HOLD,68,1500,6.0,0.0635,0.0535,1.177,2.87,-0.0742,0.671,-0.0263,0.833,,,,,,,,,,,,,,
ALL,full,FULL,68,16617,65.9,0.0809,0.0714,1.125,9.14,-0.1809,0.612,-0.0707,0.828,0.5768,1.0,0.1562,0.013,0.1103,0.0404,1.6417,0.6283,3793.0,366.0,163.0,46.0,226.0,-2.0876
ALL,boost_0.5,IS,68,13551,53.8,0.0342,0.0294,1.16,8.5,-0.0867,0.609,-0.0216,0.865,,,,,,,,,,,,,,
ALL,boost_0.5,OOS,68,1566,6.2,0.0168,0.0162,1.034,2.58,-0.0266,0.625,-0.0095,0.667,,,,,,,,,,,,,,
ALL,boost_0.5,HOLD,68,1500,6.0,0.0193,0.0176,1.095,2.67,-0.0288,0.629,-0.0138,0.833,,,,,,,,,,,,,,
ALL,boost_0.5,FULL,68,16617,65.9,0.0312,0.0275,1.131,9.18,-0.0867,0.612,-0.0216,0.844,0.2084,0.893,0.6423,0.1137,0.048,0.0405,0.763,0.627,33056.0,3882.0,586.0,64.0,636.0,-0.7569
ALL,boost_1.0,IS,68,13551,53.8,0.0242,0.0202,1.194,8.75,-0.0553,0.612,-0.0182,0.865,,,,,,,,,,,,,,
ALL,boost_1.0,OOS,68,1566,6.2,0.0156,0.0136,1.142,2.85,-0.0215,0.625,-0.0081,0.667,,,,,,,,,,,,,,
ALL,boost_1.0,HOLD,68,1500,6.0,0.017,0.0136,1.243,3.03,-0.0178,0.657,-0.0066,0.833,,,,,,,,,,,,,,
ALL,boost_1.0,FULL,68,16617,65.9,0.0228,0.0192,1.183,9.61,-0.0553,0.617,-0.0182,0.844,0.1584,0.893,0.1562,0.013,0.1103,0.0404,1.6417,0.6283,3793.0,366.0,163.0,46.0,226.0,-2.0876
ALL,boost_1.5,IS,68,13551,53.8,0.0221,0.0189,1.163,8.53,-0.0493,0.604,-0.0179,0.846,,,,,,,,,,,,,,
ALL,boost_1.5,OOS,68,1566,6.2,0.0158,0.0135,1.17,2.92,-0.0215,0.653,-0.0081,0.667,,,,,,,,,,,,,,
ALL,boost_1.5,HOLD,68,1500,6.0,0.016,0.0134,1.184,2.89,-0.0188,0.671,-0.0066,0.833,,,,,,,,,,,,,,
ALL,boost_1.5,FULL,68,16617,65.9,0.0209,0.018,1.157,9.39,-0.0493,0.615,-0.0179,0.828,0.15,0.893,0.0401,0.0023,0.1697,0.041,2.3787,0.6376,674.0,41.0,30.0,21.0,55.0,-0.9068
